2026-01-30 11:21:07 [INFO] logger初始化完成
2026-01-30 11:21:07 [INFO] 日志文件保存在: /home/xulifa/change_detection_experiment/logs/LEVIR/TALS_CD/20260130_112106_TALS_CD_tiaozhi_124/training_20260130_112107.log
2026-01-30 11:21:07 [INFO] train_batch_size: 16, crop_size: 512, 总批次: 28, 总样本数: 445, 数据集根目录: /home/xulifa/dataset/LEVIR_CD
2026-01-30 11:21:07 [INFO] val_batch_size: 8, crop_size: 1024, 总批次: 8, 总样本数: 64, 数据集根目录: /home/xulifa/dataset/LEVIR_CD
2026-01-30 11:21:07 [INFO] test_batch_size: 8, crop_size: 1024, 总批次: 16, 总样本数: 128, 数据集根目录: /home/xulifa/dataset/LEVIR_CD
2026-01-30 11:21:07 [INFO] 种子设置为: 2025
2026-01-30 11:21:07 [INFO] 使用设备: cuda:0
2026-01-30 11:21:07 [INFO] 未加载检查点，模型参数初始化（先去除）
2026-01-30 11:21:07 [INFO] 使用AdamW优化器
2026-01-30 11:21:07 [INFO] 模型总参数量: 1,908,089,可训练: 1,908,089,冻结: 0
2026-01-30 11:21:22 [INFO] [1/1000] train: Loss/train: 0.7163, Acc/train: 86.88%, lr: 0.000067
2026-01-30 11:21:22 [INFO] GPU Reserved: 13346.0MB, GPU Allocated: 108.3MB
2026-01-30 11:21:25 [INFO] [1/1000] val: Loss/val: 0.5454, Acc/val: 95.80%, F1/val: 0.01%, IoU/val: 0.00%, lr: 0.000067
2026-01-30 11:21:25 [INFO] [1/1000] 用时17.99秒。总用时:0.00小时。预计剩余时间:4.99小时
2026-01-30 11:21:34 [INFO] [2/1000] train: Loss/train: 0.6375, Acc/train: 89.66%, lr: 0.000133
2026-01-30 11:21:34 [INFO] GPU Reserved: 14500.0MB, GPU Allocated: 108.3MB
2026-01-30 11:21:37 [INFO] [2/1000] val: Loss/val: 0.5194, Acc/val: 92.28%, F1/val: 6.34%, IoU/val: 3.28%, lr: 0.000133
2026-01-30 11:21:37 [INFO] [2/1000] 用时12.15秒。总用时:0.01小时。预计剩余时间:4.18小时
2026-01-30 11:21:46 [INFO] [3/1000] train: Loss/train: 0.5885, Acc/train: 93.65%, lr: 0.000200
2026-01-30 11:21:46 [INFO] GPU Reserved: 14500.0MB, GPU Allocated: 108.3MB
2026-01-30 11:21:49 [INFO] [3/1000] val: Loss/val: 0.5025, Acc/val: 92.70%, F1/val: 14.49%, IoU/val: 7.81%, lr: 0.000200
2026-01-30 11:21:49 [INFO] [3/1000] 用时12.05秒。总用时:0.01小时。预计剩余时间:3.89小时
2026-01-30 11:21:58 [INFO] [4/1000] train: Loss/train: 0.5321, Acc/train: 94.90%, lr: 0.000267
2026-01-30 11:21:58 [INFO] GPU Reserved: 14500.0MB, GPU Allocated: 108.3MB
2026-01-30 11:22:01 [INFO] [4/1000] val: Loss/val: 0.4217, Acc/val: 95.84%, F1/val: 23.79%, IoU/val: 13.50%, lr: 0.000267
2026-01-30 11:22:01 [INFO] [4/1000] 用时12.16秒。总用时:0.02小时。预计剩余时间:3.76小时
2026-01-30 11:22:11 [INFO] [5/1000] train: Loss/train: 0.4990, Acc/train: 95.77%, lr: 0.000333
2026-01-30 11:22:11 [INFO] GPU Reserved: 14500.0MB, GPU Allocated: 108.3MB
2026-01-30 11:22:13 [INFO] [5/1000] val: Loss/val: 0.4022, Acc/val: 97.04%, F1/val: 59.95%, IoU/val: 42.80%, lr: 0.000333
2026-01-30 11:22:13 [INFO] [5/1000] 用时12.11秒。总用时:0.02小时。预计剩余时间:3.67小时
2026-01-30 11:22:23 [INFO] [6/1000] train: Loss/train: 0.4650, Acc/train: 96.86%, lr: 0.000400
2026-01-30 11:22:23 [INFO] GPU Reserved: 14500.0MB, GPU Allocated: 108.3MB
2026-01-30 11:22:26 [INFO] [6/1000] val: Loss/val: 0.3795, Acc/val: 97.85%, F1/val: 72.18%, IoU/val: 56.47%, lr: 0.000400
2026-01-30 11:22:26 [INFO] [6/1000] 用时12.27秒。总用时:0.02小时。预计剩余时间:3.62小时
2026-01-30 11:22:35 [INFO] [7/1000] train: Loss/train: 0.4419, Acc/train: 97.46%, lr: 0.000467
2026-01-30 11:22:35 [INFO] GPU Reserved: 14500.0MB, GPU Allocated: 108.3MB
2026-01-30 11:22:38 [INFO] [7/1000] val: Loss/val: 0.3651, Acc/val: 98.21%, F1/val: 78.79%, IoU/val: 65.00%, lr: 0.000467
2026-01-30 11:22:38 [INFO] [7/1000] 用时11.95秒。总用时:0.03小时。预计剩余时间:3.57小时
2026-01-30 11:22:47 [INFO] [8/1000] train: Loss/train: 0.4175, Acc/train: 97.94%, lr: 0.000533
2026-01-30 11:22:47 [INFO] GPU Reserved: 14500.0MB, GPU Allocated: 108.3MB
2026-01-30 11:22:50 [INFO] [8/1000] val: Loss/val: 0.3527, Acc/val: 98.41%, F1/val: 81.28%, IoU/val: 68.46%, lr: 0.000533
2026-01-30 11:22:50 [INFO] [8/1000] 用时11.93秒。总用时:0.03小时。预计剩余时间:3.53小时
2026-01-30 11:22:59 [INFO] [9/1000] train: Loss/train: 0.3955, Acc/train: 98.10%, lr: 0.000600
2026-01-30 11:22:59 [INFO] GPU Reserved: 14500.0MB, GPU Allocated: 108.3MB
2026-01-30 11:23:01 [INFO] [9/1000] val: Loss/val: 0.3370, Acc/val: 98.58%, F1/val: 81.90%, IoU/val: 69.34%, lr: 0.000600
2026-01-30 11:23:02 [INFO] [9/1000] 用时11.97秒。总用时:0.03小时。预计剩余时间:3.50小时
2026-01-30 11:23:11 [INFO] [10/1000] train: Loss/train: 0.3730, Acc/train: 98.21%, lr: 0.000667
2026-01-30 11:23:11 [INFO] GPU Reserved: 14500.0MB, GPU Allocated: 108.3MB
2026-01-30 11:23:13 [INFO] [10/1000] val: Loss/val: 0.3200, Acc/val: 98.38%, F1/val: 82.19%, IoU/val: 69.77%, lr: 0.000667
2026-01-30 11:23:14 [INFO] [10/1000] 用时11.97秒。总用时:0.04小时。预计剩余时间:3.48小时
2026-01-30 11:23:23 [INFO] [11/1000] train: Loss/train: 0.3500, Acc/train: 98.42%, lr: 0.000733
2026-01-30 11:23:23 [INFO] GPU Reserved: 14500.0MB, GPU Allocated: 108.3MB
2026-01-30 11:23:26 [INFO] [11/1000] val: Loss/val: 0.3032, Acc/val: 98.61%, F1/val: 82.04%, IoU/val: 69.55%, lr: 0.000733
2026-01-30 11:23:26 [INFO] [11/1000] 用时12.19秒。总用时:0.04小时。预计剩余时间:3.47小时
2026-01-30 11:23:35 [INFO] [12/1000] train: Loss/train: 0.3268, Acc/train: 98.42%, lr: 0.000800
2026-01-30 11:23:35 [INFO] GPU Reserved: 14500.0MB, GPU Allocated: 108.3MB
2026-01-30 11:23:38 [INFO] [12/1000] val: Loss/val: 0.2825, Acc/val: 98.61%, F1/val: 81.69%, IoU/val: 69.04%, lr: 0.000800
2026-01-30 11:23:38 [INFO] [12/1000] 用时12.06秒。总用时:0.04小时。预计剩余时间:3.45小时
2026-01-30 11:23:47 [INFO] [13/1000] train: Loss/train: 0.3041, Acc/train: 98.46%, lr: 0.000867
2026-01-30 11:23:47 [INFO] GPU Reserved: 14500.0MB, GPU Allocated: 108.3MB
2026-01-30 11:23:50 [INFO] [13/1000] val: Loss/val: 0.2597, Acc/val: 98.80%, F1/val: 84.55%, IoU/val: 73.23%, lr: 0.000867
2026-01-30 11:23:50 [INFO] [13/1000] 用时11.94秒。总用时:0.05小时。预计剩余时间:3.43小时
2026-01-30 11:23:59 [INFO] [14/1000] train: Loss/train: 0.2831, Acc/train: 98.44%, lr: 0.000933
2026-01-30 11:23:59 [INFO] GPU Reserved: 14500.0MB, GPU Allocated: 108.3MB
2026-01-30 11:24:02 [INFO] [14/1000] val: Loss/val: 0.2415, Acc/val: 98.74%, F1/val: 84.63%, IoU/val: 73.35%, lr: 0.000933
2026-01-30 11:24:02 [INFO] [14/1000] 用时12.29秒。总用时:0.05小时。预计剩余时间:3.42小时
2026-01-30 11:24:11 [INFO] [15/1000] train: Loss/train: 0.2599, Acc/train: 98.51%, lr: 0.001000
2026-01-30 11:24:11 [INFO] GPU Reserved: 14500.0MB, GPU Allocated: 108.3MB
2026-01-30 11:24:14 [INFO] [15/1000] val: Loss/val: 0.2231, Acc/val: 98.79%, F1/val: 84.58%, IoU/val: 73.28%, lr: 0.001000
2026-01-30 11:24:14 [INFO] [15/1000] 用时12.06秒。总用时:0.05小时。预计剩余时间:3.41小时
2026-01-30 11:24:23 [INFO] [16/1000] train: Loss/train: 0.2390, Acc/train: 98.54%, lr: 0.001000
2026-01-30 11:24:23 [INFO] GPU Reserved: 14500.0MB, GPU Allocated: 108.3MB
2026-01-30 11:24:26 [INFO] [16/1000] val: Loss/val: 0.2050, Acc/val: 98.73%, F1/val: 83.23%, IoU/val: 71.28%, lr: 0.001000
2026-01-30 11:24:26 [INFO] [16/1000] 用时12.01秒。总用时:0.06小时。预计剩余时间:3.40小时
2026-01-30 11:24:35 [INFO] [17/1000] train: Loss/train: 0.2199, Acc/train: 98.58%, lr: 0.001000
2026-01-30 11:24:35 [INFO] GPU Reserved: 14500.0MB, GPU Allocated: 108.3MB
2026-01-30 11:24:38 [INFO] [17/1000] val: Loss/val: 0.1859, Acc/val: 98.74%, F1/val: 85.54%, IoU/val: 74.73%, lr: 0.001000
2026-01-30 11:24:38 [INFO] [17/1000] 用时12.25秒。总用时:0.06小时。预计剩余时间:3.39小时
2026-01-30 11:24:47 [INFO] [18/1000] train: Loss/train: 0.2034, Acc/train: 98.61%, lr: 0.001000
2026-01-30 11:24:47 [INFO] GPU Reserved: 14500.0MB, GPU Allocated: 108.3MB
2026-01-30 11:24:50 [INFO] [18/1000] val: Loss/val: 0.1650, Acc/val: 98.89%, F1/val: 87.04%, IoU/val: 77.06%, lr: 0.001000
2026-01-30 11:24:50 [INFO] [18/1000] 用时12.00秒。总用时:0.06小时。预计剩余时间:3.38小时
2026-01-30 11:25:00 [INFO] [19/1000] train: Loss/train: 0.1849, Acc/train: 98.80%, lr: 0.001000
2026-01-30 11:25:00 [INFO] GPU Reserved: 14500.0MB, GPU Allocated: 108.3MB
2026-01-30 11:25:03 [INFO] [19/1000] val: Loss/val: 0.1576, Acc/val: 98.90%, F1/val: 85.57%, IoU/val: 74.78%, lr: 0.001000
2026-01-30 11:25:03 [INFO] [19/1000] 用时12.31秒。总用时:0.07小时。预计剩余时间:3.38小时
2026-01-30 11:25:12 [INFO] [20/1000] train: Loss/train: 0.1737, Acc/train: 98.72%, lr: 0.001000
2026-01-30 11:25:12 [INFO] GPU Reserved: 14500.0MB, GPU Allocated: 108.3MB
2026-01-30 11:25:15 [INFO] [20/1000] val: Loss/val: 0.1424, Acc/val: 98.95%, F1/val: 87.35%, IoU/val: 77.54%, lr: 0.001000
2026-01-30 11:25:15 [INFO] [20/1000] 用时12.00秒。总用时:0.07小时。预计剩余时间:3.37小时
2026-01-30 11:25:24 [INFO] [21/1000] train: Loss/train: 0.1622, Acc/train: 98.71%, lr: 0.001000
2026-01-30 11:25:24 [INFO] GPU Reserved: 14500.0MB, GPU Allocated: 108.3MB
2026-01-30 11:25:27 [INFO] [21/1000] val: Loss/val: 0.1301, Acc/val: 98.90%, F1/val: 86.67%, IoU/val: 76.48%, lr: 0.001000
2026-01-30 11:25:27 [INFO] [21/1000] 用时12.24秒。总用时:0.07小时。预计剩余时间:3.37小时
2026-01-30 11:25:36 [INFO] [22/1000] train: Loss/train: 0.1521, Acc/train: 98.75%, lr: 0.001000
2026-01-30 11:25:36 [INFO] GPU Reserved: 14500.0MB, GPU Allocated: 108.3MB
2026-01-30 11:25:39 [INFO] [22/1000] val: Loss/val: 0.1252, Acc/val: 99.00%, F1/val: 87.45%, IoU/val: 77.69%, lr: 0.001000
2026-01-30 11:25:39 [INFO] [22/1000] 用时12.01秒。总用时:0.08小时。预计剩余时间:3.36小时
2026-01-30 11:25:48 [INFO] [23/1000] train: Loss/train: 0.1430, Acc/train: 98.71%, lr: 0.001000
2026-01-30 11:25:48 [INFO] GPU Reserved: 14500.0MB, GPU Allocated: 108.3MB
2026-01-30 11:25:51 [INFO] [23/1000] val: Loss/val: 0.1139, Acc/val: 98.83%, F1/val: 86.12%, IoU/val: 75.62%, lr: 0.001000
2026-01-30 11:25:51 [INFO] [23/1000] 用时12.20秒。总用时:0.08小时。预计剩余时间:3.35小时
2026-01-30 11:26:00 [INFO] [24/1000] train: Loss/train: 0.1321, Acc/train: 98.81%, lr: 0.001000
2026-01-30 11:26:00 [INFO] GPU Reserved: 14500.0MB, GPU Allocated: 108.3MB
2026-01-30 11:26:03 [INFO] [24/1000] val: Loss/val: 0.1096, Acc/val: 99.02%, F1/val: 87.73%, IoU/val: 78.15%, lr: 0.001000
2026-01-30 11:26:03 [INFO] [24/1000] 用时12.10秒。总用时:0.08小时。预计剩余时间:3.35小时
2026-01-30 11:26:13 [INFO] [25/1000] train: Loss/train: 0.1231, Acc/train: 98.89%, lr: 0.001000
2026-01-30 11:26:13 [INFO] GPU Reserved: 14500.0MB, GPU Allocated: 108.3MB
2026-01-30 11:26:15 [INFO] [25/1000] val: Loss/val: 0.1172, Acc/val: 98.97%, F1/val: 87.96%, IoU/val: 78.51%, lr: 0.001000
2026-01-30 11:26:16 [INFO] [25/1000] 用时12.35秒。总用时:0.09小时。预计剩余时间:3.34小时
2026-01-30 11:26:25 [INFO] [26/1000] train: Loss/train: 0.1188, Acc/train: 98.78%, lr: 0.001000
2026-01-30 11:26:25 [INFO] GPU Reserved: 14500.0MB, GPU Allocated: 108.3MB
2026-01-30 11:26:27 [INFO] [26/1000] val: Loss/val: 0.0926, Acc/val: 99.01%, F1/val: 87.93%, IoU/val: 78.46%, lr: 0.001000
2026-01-30 11:26:27 [INFO] [26/1000] 用时11.98秒。总用时:0.09小时。预计剩余时间:3.34小时
2026-01-30 11:26:37 [INFO] [27/1000] train: Loss/train: 0.1152, Acc/train: 98.73%, lr: 0.001000
2026-01-30 11:26:37 [INFO] GPU Reserved: 14500.0MB, GPU Allocated: 108.3MB
2026-01-30 11:26:40 [INFO] [27/1000] val: Loss/val: 0.0992, Acc/val: 98.60%, F1/val: 84.66%, IoU/val: 73.41%, lr: 0.001000
2026-01-30 11:26:40 [INFO] [27/1000] 用时12.24秒。总用时:0.09小时。预计剩余时间:3.33小时
2026-01-30 11:26:49 [INFO] [28/1000] train: Loss/train: 0.1062, Acc/train: 98.88%, lr: 0.001000
2026-01-30 11:26:49 [INFO] GPU Reserved: 14500.0MB, GPU Allocated: 108.3MB
2026-01-30 11:26:52 [INFO] [28/1000] val: Loss/val: 0.0865, Acc/val: 98.99%, F1/val: 87.84%, IoU/val: 78.31%, lr: 0.001000
2026-01-30 11:26:52 [INFO] [28/1000] 用时12.14秒。总用时:0.10小时。预计剩余时间:3.33小时
2026-01-30 11:27:01 [INFO] [29/1000] train: Loss/train: 0.1020, Acc/train: 98.85%, lr: 0.001000
2026-01-30 11:27:01 [INFO] GPU Reserved: 14500.0MB, GPU Allocated: 108.3MB
2026-01-30 11:27:04 [INFO] [29/1000] val: Loss/val: 0.0840, Acc/val: 98.88%, F1/val: 85.59%, IoU/val: 74.81%, lr: 0.001000
2026-01-30 11:27:04 [INFO] [29/1000] 用时12.27秒。总用时:0.10小时。预计剩余时间:3.32小时
2026-01-30 11:27:14 [INFO] [30/1000] train: Loss/train: 0.0939, Acc/train: 98.99%, lr: 0.000999
2026-01-30 11:27:14 [INFO] GPU Reserved: 14500.0MB, GPU Allocated: 108.3MB
2026-01-30 11:27:16 [INFO] [30/1000] val: Loss/val: 0.0767, Acc/val: 99.08%, F1/val: 88.51%, IoU/val: 79.38%, lr: 0.000999
2026-01-30 11:27:16 [INFO] [30/1000] 用时12.35秒。总用时:0.10小时。预计剩余时间:3.32小时
2026-01-30 11:27:26 [INFO] [31/1000] train: Loss/train: 0.0899, Acc/train: 98.99%, lr: 0.000999
2026-01-30 11:27:26 [INFO] GPU Reserved: 14500.0MB, GPU Allocated: 108.3MB
2026-01-30 11:27:29 [INFO] [31/1000] val: Loss/val: 0.0770, Acc/val: 98.98%, F1/val: 87.95%, IoU/val: 78.49%, lr: 0.000999
2026-01-30 11:27:29 [INFO] [31/1000] 用时12.23秒。总用时:0.11小时。预计剩余时间:3.31小时
2026-01-30 11:27:38 [INFO] [32/1000] train: Loss/train: 0.0874, Acc/train: 98.95%, lr: 0.000999
2026-01-30 11:27:38 [INFO] GPU Reserved: 14500.0MB, GPU Allocated: 108.3MB
2026-01-30 11:27:41 [INFO] [32/1000] val: Loss/val: 0.0708, Acc/val: 99.05%, F1/val: 87.97%, IoU/val: 78.52%, lr: 0.000999
2026-01-30 11:27:41 [INFO] [32/1000] 用时12.42秒。总用时:0.11小时。预计剩余时间:3.31小时
2026-01-30 11:27:51 [INFO] [33/1000] train: Loss/train: 0.0855, Acc/train: 98.91%, lr: 0.000999
2026-01-30 11:27:51 [INFO] GPU Reserved: 14500.0MB, GPU Allocated: 108.3MB
2026-01-30 11:27:53 [INFO] [33/1000] val: Loss/val: 0.0704, Acc/val: 99.02%, F1/val: 88.08%, IoU/val: 78.70%, lr: 0.000999
2026-01-30 11:27:53 [INFO] [33/1000] 用时12.26秒。总用时:0.11小时。预计剩余时间:3.31小时
2026-01-30 11:28:03 [INFO] [34/1000] train: Loss/train: 0.0810, Acc/train: 98.94%, lr: 0.000999
2026-01-30 11:28:03 [INFO] GPU Reserved: 14500.0MB, GPU Allocated: 108.3MB
2026-01-30 11:28:06 [INFO] [34/1000] val: Loss/val: 0.0699, Acc/val: 98.83%, F1/val: 84.52%, IoU/val: 73.19%, lr: 0.000999
2026-01-30 11:28:06 [INFO] [34/1000] 用时12.33秒。总用时:0.12小时。预计剩余时间:3.31小时
2026-01-30 11:28:15 [INFO] [35/1000] train: Loss/train: 0.0818, Acc/train: 98.85%, lr: 0.000999
2026-01-30 11:28:15 [INFO] GPU Reserved: 14500.0MB, GPU Allocated: 108.3MB
2026-01-30 11:28:18 [INFO] [35/1000] val: Loss/val: 0.0620, Acc/val: 99.09%, F1/val: 88.73%, IoU/val: 79.75%, lr: 0.000999
2026-01-30 11:28:18 [INFO] [35/1000] 用时12.11秒。总用时:0.12小时。预计剩余时间:3.30小时
2026-01-30 11:28:27 [INFO] [36/1000] train: Loss/train: 0.0782, Acc/train: 98.87%, lr: 0.000999
2026-01-30 11:28:27 [INFO] GPU Reserved: 14500.0MB, GPU Allocated: 108.3MB
2026-01-30 11:28:30 [INFO] [36/1000] val: Loss/val: 0.0575, Acc/val: 99.07%, F1/val: 88.43%, IoU/val: 79.27%, lr: 0.000999
2026-01-30 11:28:30 [INFO] [36/1000] 用时11.87秒。总用时:0.12小时。预计剩余时间:3.29小时
2026-01-30 11:28:39 [INFO] [37/1000] train: Loss/train: 0.0714, Acc/train: 99.02%, lr: 0.000999
2026-01-30 11:28:39 [INFO] GPU Reserved: 14500.0MB, GPU Allocated: 108.3MB
2026-01-30 11:28:42 [INFO] [37/1000] val: Loss/val: 0.0592, Acc/val: 99.07%, F1/val: 88.62%, IoU/val: 79.57%, lr: 0.000999
2026-01-30 11:28:42 [INFO] [37/1000] 用时12.02秒。总用时:0.13小时。预计剩余时间:3.29小时
2026-01-30 11:28:51 [INFO] [38/1000] train: Loss/train: 0.0706, Acc/train: 98.97%, lr: 0.000999
2026-01-30 11:28:51 [INFO] GPU Reserved: 14500.0MB, GPU Allocated: 108.3MB
2026-01-30 11:28:54 [INFO] [38/1000] val: Loss/val: 0.0590, Acc/val: 98.98%, F1/val: 86.82%, IoU/val: 76.70%, lr: 0.000999
2026-01-30 11:28:54 [INFO] [38/1000] 用时12.01秒。总用时:0.13小时。预计剩余时间:3.28小时
2026-01-30 11:29:03 [INFO] [39/1000] train: Loss/train: 0.0730, Acc/train: 98.84%, lr: 0.000999
2026-01-30 11:29:03 [INFO] GPU Reserved: 14500.0MB, GPU Allocated: 108.3MB
2026-01-30 11:29:06 [INFO] [39/1000] val: Loss/val: 0.0519, Acc/val: 99.03%, F1/val: 87.70%, IoU/val: 78.10%, lr: 0.000999
2026-01-30 11:29:06 [INFO] [39/1000] 用时12.22秒。总用时:0.13小时。预计剩余时间:3.28小时
2026-01-30 11:29:15 [INFO] [40/1000] train: Loss/train: 0.0676, Acc/train: 98.96%, lr: 0.000998
2026-01-30 11:29:15 [INFO] GPU Reserved: 14500.0MB, GPU Allocated: 108.3MB
2026-01-30 11:29:18 [INFO] [40/1000] val: Loss/val: 0.0513, Acc/val: 99.08%, F1/val: 88.62%, IoU/val: 79.57%, lr: 0.000998
2026-01-30 11:29:18 [INFO] [40/1000] 用时12.09秒。总用时:0.14小时。预计剩余时间:3.27小时
2026-01-30 11:29:27 [INFO] [41/1000] train: Loss/train: 0.0650, Acc/train: 98.97%, lr: 0.000998
2026-01-30 11:29:27 [INFO] GPU Reserved: 14500.0MB, GPU Allocated: 108.3MB
2026-01-30 11:29:30 [INFO] [41/1000] val: Loss/val: 0.0517, Acc/val: 98.99%, F1/val: 87.58%, IoU/val: 77.90%, lr: 0.000998
2026-01-30 11:29:30 [INFO] [41/1000] 用时12.00秒。总用时:0.14小时。预计剩余时间:3.27小时
2026-01-30 11:29:39 [INFO] [42/1000] train: Loss/train: 0.0673, Acc/train: 98.85%, lr: 0.000998
2026-01-30 11:29:39 [INFO] GPU Reserved: 14500.0MB, GPU Allocated: 108.3MB
2026-01-30 11:29:42 [INFO] [42/1000] val: Loss/val: 0.0463, Acc/val: 99.08%, F1/val: 88.80%, IoU/val: 79.86%, lr: 0.000998
2026-01-30 11:29:42 [INFO] [42/1000] 用时12.25秒。总用时:0.14小时。预计剩余时间:3.27小时
2026-01-30 11:29:52 [INFO] [43/1000] train: Loss/train: 0.0614, Acc/train: 99.00%, lr: 0.000998
2026-01-30 11:29:52 [INFO] GPU Reserved: 14500.0MB, GPU Allocated: 108.3MB
2026-01-30 11:29:55 [INFO] [43/1000] val: Loss/val: 0.0462, Acc/val: 99.08%, F1/val: 89.14%, IoU/val: 80.41%, lr: 0.000998
2026-01-30 11:29:55 [INFO] [43/1000] 用时12.29秒。总用时:0.15小时。预计剩余时间:3.26小时
2026-01-30 11:30:04 [INFO] [44/1000] train: Loss/train: 0.0620, Acc/train: 98.96%, lr: 0.000998
2026-01-30 11:30:04 [INFO] GPU Reserved: 14500.0MB, GPU Allocated: 108.3MB
2026-01-30 11:30:07 [INFO] [44/1000] val: Loss/val: 0.0467, Acc/val: 99.09%, F1/val: 88.85%, IoU/val: 79.94%, lr: 0.000998
2026-01-30 11:30:07 [INFO] [44/1000] 用时12.28秒。总用时:0.15小时。预计剩余时间:3.26小时
2026-01-30 11:30:16 [INFO] [45/1000] train: Loss/train: 0.0582, Acc/train: 99.03%, lr: 0.000998
2026-01-30 11:30:16 [INFO] GPU Reserved: 14500.0MB, GPU Allocated: 108.3MB
2026-01-30 11:30:19 [INFO] [45/1000] val: Loss/val: 0.0449, Acc/val: 99.10%, F1/val: 89.43%, IoU/val: 80.88%, lr: 0.000998
2026-01-30 11:30:19 [INFO] [45/1000] 用时12.19秒。总用时:0.15小时。预计剩余时间:3.25小时
2026-01-30 11:30:28 [INFO] [46/1000] train: Loss/train: 0.0564, Acc/train: 99.06%, lr: 0.000998
2026-01-30 11:30:28 [INFO] GPU Reserved: 14500.0MB, GPU Allocated: 108.3MB
2026-01-30 11:30:31 [INFO] [46/1000] val: Loss/val: 0.0424, Acc/val: 99.15%, F1/val: 89.45%, IoU/val: 80.92%, lr: 0.000998
2026-01-30 11:30:31 [INFO] [46/1000] 用时12.15秒。总用时:0.16小时。预计剩余时间:3.25小时
2026-01-30 11:30:40 [INFO] [47/1000] train: Loss/train: 0.0541, Acc/train: 99.09%, lr: 0.000997
2026-01-30 11:30:40 [INFO] GPU Reserved: 14500.0MB, GPU Allocated: 108.3MB
2026-01-30 11:30:43 [INFO] [47/1000] val: Loss/val: 0.0421, Acc/val: 99.12%, F1/val: 89.30%, IoU/val: 80.66%, lr: 0.000997
2026-01-30 11:30:43 [INFO] [47/1000] 用时12.07秒。总用时:0.16小时。预计剩余时间:3.25小时
2026-01-30 11:30:53 [INFO] [48/1000] train: Loss/train: 0.0533, Acc/train: 99.09%, lr: 0.000997
2026-01-30 11:30:53 [INFO] GPU Reserved: 14500.0MB, GPU Allocated: 108.3MB
2026-01-30 11:30:55 [INFO] [48/1000] val: Loss/val: 0.0421, Acc/val: 99.06%, F1/val: 88.63%, IoU/val: 79.59%, lr: 0.000997
2026-01-30 11:30:55 [INFO] [48/1000] 用时12.13秒。总用时:0.16小时。预计剩余时间:3.24小时
2026-01-30 11:31:05 [INFO] [49/1000] train: Loss/train: 0.0529, Acc/train: 99.07%, lr: 0.000997
2026-01-30 11:31:05 [INFO] GPU Reserved: 14500.0MB, GPU Allocated: 108.3MB
2026-01-30 11:31:07 [INFO] [49/1000] val: Loss/val: 0.0424, Acc/val: 99.11%, F1/val: 88.98%, IoU/val: 80.15%, lr: 0.000997
2026-01-30 11:31:07 [INFO] [49/1000] 用时11.97秒。总用时:0.17小时。预计剩余时间:3.24小时
2026-01-30 11:31:17 [INFO] [50/1000] train: Loss/train: 0.0507, Acc/train: 99.11%, lr: 0.000997
2026-01-30 11:31:17 [INFO] GPU Reserved: 14500.0MB, GPU Allocated: 108.3MB
2026-01-30 11:31:20 [INFO] [50/1000] val: Loss/val: 0.0390, Acc/val: 99.12%, F1/val: 89.22%, IoU/val: 80.54%, lr: 0.000997
2026-01-30 11:31:20 [INFO] [50/1000] 用时12.12秒。总用时:0.17小时。预计剩余时间:3.23小时
2026-01-30 11:31:29 [INFO] [51/1000] train: Loss/train: 0.0485, Acc/train: 99.14%, lr: 0.000997
2026-01-30 11:31:29 [INFO] GPU Reserved: 14500.0MB, GPU Allocated: 108.3MB
2026-01-30 11:31:32 [INFO] [51/1000] val: Loss/val: 0.0383, Acc/val: 99.13%, F1/val: 89.63%, IoU/val: 81.21%, lr: 0.000997
2026-01-30 11:31:32 [INFO] [51/1000] 用时12.13秒。总用时:0.17小时。预计剩余时间:3.23小时
2026-01-30 11:31:41 [INFO] [52/1000] train: Loss/train: 0.0490, Acc/train: 99.12%, lr: 0.000997
2026-01-30 11:31:41 [INFO] GPU Reserved: 14500.0MB, GPU Allocated: 108.3MB
2026-01-30 11:31:43 [INFO] [52/1000] val: Loss/val: 0.0369, Acc/val: 99.12%, F1/val: 89.59%, IoU/val: 81.14%, lr: 0.000997
2026-01-30 11:31:43 [INFO] [52/1000] 用时11.83秒。总用时:0.18小时。预计剩余时间:3.22小时
2026-01-30 11:31:53 [INFO] [53/1000] train: Loss/train: 0.0485, Acc/train: 99.10%, lr: 0.000996
2026-01-30 11:31:53 [INFO] GPU Reserved: 14500.0MB, GPU Allocated: 108.3MB
2026-01-30 11:31:56 [INFO] [53/1000] val: Loss/val: 0.0410, Acc/val: 99.15%, F1/val: 89.58%, IoU/val: 81.12%, lr: 0.000996
2026-01-30 11:31:56 [INFO] [53/1000] 用时12.03秒。总用时:0.18小时。预计剩余时间:3.22小时
2026-01-30 11:32:05 [INFO] [54/1000] train: Loss/train: 0.0487, Acc/train: 99.09%, lr: 0.000996
2026-01-30 11:32:05 [INFO] GPU Reserved: 14500.0MB, GPU Allocated: 108.3MB
2026-01-30 11:32:07 [INFO] [54/1000] val: Loss/val: 0.0381, Acc/val: 99.10%, F1/val: 88.85%, IoU/val: 79.93%, lr: 0.000996
2026-01-30 11:32:07 [INFO] [54/1000] 用时11.92秒。总用时:0.18小时。预计剩余时间:3.21小时
2026-01-30 11:32:17 [INFO] [55/1000] train: Loss/train: 0.0474, Acc/train: 99.10%, lr: 0.000996
2026-01-30 11:32:17 [INFO] GPU Reserved: 14500.0MB, GPU Allocated: 108.3MB
2026-01-30 11:32:20 [INFO] [55/1000] val: Loss/val: 0.0353, Acc/val: 99.16%, F1/val: 89.87%, IoU/val: 81.61%, lr: 0.000996
2026-01-30 11:32:20 [INFO] [55/1000] 用时12.17秒。总用时:0.19小时。预计剩余时间:3.21小时
2026-01-30 11:32:29 [INFO] [56/1000] train: Loss/train: 0.0469, Acc/train: 99.10%, lr: 0.000996
2026-01-30 11:32:29 [INFO] GPU Reserved: 14500.0MB, GPU Allocated: 108.3MB
2026-01-30 11:32:32 [INFO] [56/1000] val: Loss/val: 0.0361, Acc/val: 99.13%, F1/val: 89.19%, IoU/val: 80.49%, lr: 0.000996
2026-01-30 11:32:32 [INFO] [56/1000] 用时12.28秒。总用时:0.19小时。预计剩余时间:3.21小时
2026-01-30 11:32:41 [INFO] [57/1000] train: Loss/train: 0.0470, Acc/train: 99.07%, lr: 0.000996
2026-01-30 11:32:41 [INFO] GPU Reserved: 14500.0MB, GPU Allocated: 108.3MB
2026-01-30 11:32:44 [INFO] [57/1000] val: Loss/val: 0.0348, Acc/val: 99.13%, F1/val: 89.22%, IoU/val: 80.53%, lr: 0.000996
2026-01-30 11:32:44 [INFO] [57/1000] 用时11.97秒。总用时:0.19小时。预计剩余时间:3.20小时
2026-01-30 11:32:53 [INFO] [58/1000] train: Loss/train: 0.0432, Acc/train: 99.18%, lr: 0.000995
2026-01-30 11:32:53 [INFO] GPU Reserved: 14500.0MB, GPU Allocated: 108.3MB
2026-01-30 11:32:56 [INFO] [58/1000] val: Loss/val: 0.0339, Acc/val: 99.15%, F1/val: 89.57%, IoU/val: 81.11%, lr: 0.000995
2026-01-30 11:32:56 [INFO] [58/1000] 用时11.85秒。总用时:0.20小时。预计剩余时间:3.20小时
2026-01-30 11:33:05 [INFO] [59/1000] train: Loss/train: 0.0442, Acc/train: 99.13%, lr: 0.000995
2026-01-30 11:33:05 [INFO] GPU Reserved: 14500.0MB, GPU Allocated: 108.3MB
2026-01-30 11:33:08 [INFO] [59/1000] val: Loss/val: 0.0324, Acc/val: 99.17%, F1/val: 89.79%, IoU/val: 81.48%, lr: 0.000995
2026-01-30 11:33:08 [INFO] [59/1000] 用时11.95秒。总用时:0.20小时。预计剩余时间:3.19小时
2026-01-30 11:33:17 [INFO] [60/1000] train: Loss/train: 0.0453, Acc/train: 99.08%, lr: 0.000995
2026-01-30 11:33:17 [INFO] GPU Reserved: 14500.0MB, GPU Allocated: 108.3MB
2026-01-30 11:33:20 [INFO] [60/1000] val: Loss/val: 0.0331, Acc/val: 99.16%, F1/val: 89.74%, IoU/val: 81.38%, lr: 0.000995
2026-01-30 11:33:20 [INFO] [60/1000] 用时12.08秒。总用时:0.20小时。预计剩余时间:3.19小时
2026-01-30 11:33:29 [INFO] [61/1000] train: Loss/train: 0.0442, Acc/train: 99.09%, lr: 0.000995
2026-01-30 11:33:29 [INFO] GPU Reserved: 14500.0MB, GPU Allocated: 108.3MB
2026-01-30 11:33:32 [INFO] [61/1000] val: Loss/val: 0.0346, Acc/val: 99.08%, F1/val: 89.28%, IoU/val: 80.64%, lr: 0.000995
2026-01-30 11:33:32 [INFO] [61/1000] 用时12.32秒。总用时:0.21小时。预计剩余时间:3.19小时
2026-01-30 11:33:41 [INFO] [62/1000] train: Loss/train: 0.0420, Acc/train: 99.15%, lr: 0.000994
2026-01-30 11:33:41 [INFO] GPU Reserved: 14500.0MB, GPU Allocated: 108.3MB
2026-01-30 11:33:44 [INFO] [62/1000] val: Loss/val: 0.0340, Acc/val: 99.06%, F1/val: 88.09%, IoU/val: 78.72%, lr: 0.000994
2026-01-30 11:33:44 [INFO] [62/1000] 用时11.83秒。总用时:0.21小时。预计剩余时间:3.18小时
2026-01-30 11:33:53 [INFO] [63/1000] train: Loss/train: 0.0419, Acc/train: 99.14%, lr: 0.000994
2026-01-30 11:33:53 [INFO] GPU Reserved: 14500.0MB, GPU Allocated: 108.3MB
2026-01-30 11:33:56 [INFO] [63/1000] val: Loss/val: 0.0323, Acc/val: 99.15%, F1/val: 89.91%, IoU/val: 81.66%, lr: 0.000994
2026-01-30 11:33:56 [INFO] [63/1000] 用时12.22秒。总用时:0.21小时。预计剩余时间:3.18小时
2026-01-30 11:34:06 [INFO] [64/1000] train: Loss/train: 0.0418, Acc/train: 99.14%, lr: 0.000994
2026-01-30 11:34:06 [INFO] GPU Reserved: 14500.0MB, GPU Allocated: 108.3MB
2026-01-30 11:34:08 [INFO] [64/1000] val: Loss/val: 0.0319, Acc/val: 99.15%, F1/val: 89.75%, IoU/val: 81.40%, lr: 0.000994
2026-01-30 11:34:08 [INFO] [64/1000] 用时12.39秒。总用时:0.22小时。预计剩余时间:3.17小时
2026-01-30 11:34:18 [INFO] [65/1000] train: Loss/train: 0.0429, Acc/train: 99.10%, lr: 0.000994
2026-01-30 11:34:18 [INFO] GPU Reserved: 14500.0MB, GPU Allocated: 108.3MB
2026-01-30 11:34:21 [INFO] [65/1000] val: Loss/val: 0.0319, Acc/val: 99.13%, F1/val: 89.05%, IoU/val: 80.26%, lr: 0.000994
2026-01-30 11:34:21 [INFO] [65/1000] 用时12.29秒。总用时:0.22小时。预计剩余时间:3.17小时
2026-01-30 11:34:30 [INFO] [66/1000] train: Loss/train: 0.0437, Acc/train: 99.08%, lr: 0.000993
2026-01-30 11:34:30 [INFO] GPU Reserved: 14500.0MB, GPU Allocated: 108.3MB
2026-01-30 11:34:33 [INFO] [66/1000] val: Loss/val: 0.0345, Acc/val: 99.03%, F1/val: 88.35%, IoU/val: 79.14%, lr: 0.000993
2026-01-30 11:34:33 [INFO] [66/1000] 用时12.15秒。总用时:0.22小时。预计剩余时间:3.17小时
2026-01-30 11:34:42 [INFO] [67/1000] train: Loss/train: 0.0442, Acc/train: 99.04%, lr: 0.000993
2026-01-30 11:34:42 [INFO] GPU Reserved: 14500.0MB, GPU Allocated: 108.3MB
2026-01-30 11:34:45 [INFO] [67/1000] val: Loss/val: 0.0316, Acc/val: 99.10%, F1/val: 89.15%, IoU/val: 80.42%, lr: 0.000993
2026-01-30 11:34:45 [INFO] [67/1000] 用时12.14秒。总用时:0.23小时。预计剩余时间:3.16小时
2026-01-30 11:34:54 [INFO] [68/1000] train: Loss/train: 0.0430, Acc/train: 99.05%, lr: 0.000993
2026-01-30 11:34:54 [INFO] GPU Reserved: 14500.0MB, GPU Allocated: 108.3MB
2026-01-30 11:34:57 [INFO] [68/1000] val: Loss/val: 0.0319, Acc/val: 99.08%, F1/val: 89.04%, IoU/val: 80.25%, lr: 0.000993
2026-01-30 11:34:57 [INFO] [68/1000] 用时12.18秒。总用时:0.23小时。预计剩余时间:3.16小时
2026-01-30 11:35:06 [INFO] [69/1000] train: Loss/train: 0.0428, Acc/train: 99.06%, lr: 0.000993
2026-01-30 11:35:06 [INFO] GPU Reserved: 14500.0MB, GPU Allocated: 108.3MB
2026-01-30 11:35:09 [INFO] [69/1000] val: Loss/val: 0.0317, Acc/val: 99.10%, F1/val: 89.06%, IoU/val: 80.29%, lr: 0.000993
2026-01-30 11:35:09 [INFO] [69/1000] 用时11.90秒。总用时:0.23小时。预计剩余时间:3.16小时
2026-01-30 11:35:19 [INFO] [70/1000] train: Loss/train: 0.0384, Acc/train: 99.18%, lr: 0.000992
2026-01-30 11:35:19 [INFO] GPU Reserved: 14500.0MB, GPU Allocated: 108.3MB
2026-01-30 11:35:21 [INFO] [70/1000] val: Loss/val: 0.0300, Acc/val: 99.16%, F1/val: 89.58%, IoU/val: 81.13%, lr: 0.000992
2026-01-30 11:35:21 [INFO] [70/1000] 用时12.28秒。总用时:0.24小时。预计剩余时间:3.15小时
2026-01-30 11:35:31 [INFO] [71/1000] train: Loss/train: 0.0372, Acc/train: 99.20%, lr: 0.000992
2026-01-30 11:35:31 [INFO] GPU Reserved: 14500.0MB, GPU Allocated: 108.3MB
2026-01-30 11:35:34 [INFO] [71/1000] val: Loss/val: 0.0292, Acc/val: 99.17%, F1/val: 89.93%, IoU/val: 81.70%, lr: 0.000992
2026-01-30 11:35:34 [INFO] [71/1000] 用时12.29秒。总用时:0.24小时。预计剩余时间:3.15小时
2026-01-30 11:35:43 [INFO] [72/1000] train: Loss/train: 0.0405, Acc/train: 99.11%, lr: 0.000992
2026-01-30 11:35:43 [INFO] GPU Reserved: 14500.0MB, GPU Allocated: 108.3MB
2026-01-30 11:35:46 [INFO] [72/1000] val: Loss/val: 0.0372, Acc/val: 98.83%, F1/val: 86.12%, IoU/val: 75.63%, lr: 0.000992
2026-01-30 11:35:46 [INFO] [72/1000] 用时12.27秒。总用时:0.24小时。预计剩余时间:3.15小时
2026-01-30 11:35:55 [INFO] [73/1000] train: Loss/train: 0.0440, Acc/train: 98.98%, lr: 0.000991
2026-01-30 11:35:55 [INFO] GPU Reserved: 14500.0MB, GPU Allocated: 108.3MB
2026-01-30 11:35:58 [INFO] [73/1000] val: Loss/val: 0.0345, Acc/val: 98.96%, F1/val: 87.20%, IoU/val: 77.31%, lr: 0.000991
2026-01-30 11:35:58 [INFO] [73/1000] 用时11.97秒。总用时:0.25小时。预计剩余时间:3.14小时
2026-01-30 11:36:07 [INFO] [74/1000] train: Loss/train: 0.0448, Acc/train: 98.96%, lr: 0.000991
2026-01-30 11:36:07 [INFO] GPU Reserved: 14500.0MB, GPU Allocated: 108.3MB
2026-01-30 11:36:10 [INFO] [74/1000] val: Loss/val: 0.0299, Acc/val: 99.15%, F1/val: 89.44%, IoU/val: 80.90%, lr: 0.000991
2026-01-30 11:36:10 [INFO] [74/1000] 用时12.16秒。总用时:0.25小时。预计剩余时间:3.14小时
2026-01-30 11:36:19 [INFO] [75/1000] train: Loss/train: 0.0380, Acc/train: 99.17%, lr: 0.000991
2026-01-30 11:36:19 [INFO] GPU Reserved: 14500.0MB, GPU Allocated: 108.3MB
2026-01-30 11:36:22 [INFO] [75/1000] val: Loss/val: 0.0299, Acc/val: 99.15%, F1/val: 89.43%, IoU/val: 80.88%, lr: 0.000991
2026-01-30 11:36:22 [INFO] [75/1000] 用时12.16秒。总用时:0.25小时。预计剩余时间:3.14小时
2026-01-30 11:36:32 [INFO] [76/1000] train: Loss/train: 0.0383, Acc/train: 99.12%, lr: 0.000991
2026-01-30 11:36:32 [INFO] GPU Reserved: 14500.0MB, GPU Allocated: 108.3MB
2026-01-30 11:36:34 [INFO] [76/1000] val: Loss/val: 0.0336, Acc/val: 99.03%, F1/val: 88.64%, IoU/val: 79.59%, lr: 0.000991
2026-01-30 11:36:34 [INFO] [76/1000] 用时12.17秒。总用时:0.26小时。预计剩余时间:3.13小时
2026-01-30 11:36:44 [INFO] [77/1000] train: Loss/train: 0.0387, Acc/train: 99.13%, lr: 0.000990
2026-01-30 11:36:44 [INFO] GPU Reserved: 14500.0MB, GPU Allocated: 108.3MB
2026-01-30 11:36:47 [INFO] [77/1000] val: Loss/val: 0.0299, Acc/val: 99.11%, F1/val: 88.81%, IoU/val: 79.87%, lr: 0.000990
2026-01-30 11:36:47 [INFO] [77/1000] 用时12.15秒。总用时:0.26小时。预计剩余时间:3.13小时
2026-01-30 11:36:56 [INFO] [78/1000] train: Loss/train: 0.0369, Acc/train: 99.18%, lr: 0.000990
2026-01-30 11:36:56 [INFO] GPU Reserved: 14500.0MB, GPU Allocated: 108.3MB
2026-01-30 11:36:59 [INFO] [78/1000] val: Loss/val: 0.0271, Acc/val: 99.19%, F1/val: 90.10%, IoU/val: 81.98%, lr: 0.000990
2026-01-30 11:36:59 [INFO] [78/1000] 用时12.10秒。总用时:0.26小时。预计剩余时间:3.12小时
2026-01-30 11:37:08 [INFO] [79/1000] train: Loss/train: 0.0371, Acc/train: 99.16%, lr: 0.000990
2026-01-30 11:37:08 [INFO] GPU Reserved: 14500.0MB, GPU Allocated: 108.3MB
2026-01-30 11:37:11 [INFO] [79/1000] val: Loss/val: 0.0272, Acc/val: 99.19%, F1/val: 90.11%, IoU/val: 82.01%, lr: 0.000990
2026-01-30 11:37:11 [INFO] [79/1000] 用时12.01秒。总用时:0.27小时。预计剩余时间:3.12小时
2026-01-30 11:37:20 [INFO] [80/1000] train: Loss/train: 0.0370, Acc/train: 99.16%, lr: 0.000989
2026-01-30 11:37:20 [INFO] GPU Reserved: 14500.0MB, GPU Allocated: 108.3MB
2026-01-30 11:37:23 [INFO] [80/1000] val: Loss/val: 0.0285, Acc/val: 99.12%, F1/val: 89.19%, IoU/val: 80.49%, lr: 0.000989
2026-01-30 11:37:23 [INFO] [80/1000] 用时12.16秒。总用时:0.27小时。预计剩余时间:3.12小时
2026-01-30 11:37:32 [INFO] [81/1000] train: Loss/train: 0.0355, Acc/train: 99.19%, lr: 0.000989
2026-01-30 11:37:32 [INFO] GPU Reserved: 14500.0MB, GPU Allocated: 108.3MB
2026-01-30 11:37:35 [INFO] [81/1000] val: Loss/val: 0.0266, Acc/val: 99.18%, F1/val: 90.24%, IoU/val: 82.21%, lr: 0.000989
2026-01-30 11:37:35 [INFO] [81/1000] 用时12.09秒。总用时:0.27小时。预计剩余时间:3.11小时
2026-01-30 11:37:44 [INFO] [82/1000] train: Loss/train: 0.0346, Acc/train: 99.21%, lr: 0.000989
2026-01-30 11:37:44 [INFO] GPU Reserved: 14500.0MB, GPU Allocated: 108.3MB
2026-01-30 11:37:47 [INFO] [82/1000] val: Loss/val: 0.0268, Acc/val: 99.19%, F1/val: 90.01%, IoU/val: 81.83%, lr: 0.000989
2026-01-30 11:37:47 [INFO] [82/1000] 用时11.97秒。总用时:0.28小时。预计剩余时间:3.11小时
2026-01-30 11:37:56 [INFO] [83/1000] train: Loss/train: 0.0367, Acc/train: 99.14%, lr: 0.000988
2026-01-30 11:37:56 [INFO] GPU Reserved: 14500.0MB, GPU Allocated: 108.3MB
2026-01-30 11:37:59 [INFO] [83/1000] val: Loss/val: 0.0266, Acc/val: 99.18%, F1/val: 89.76%, IoU/val: 81.42%, lr: 0.000988
2026-01-30 11:37:59 [INFO] [83/1000] 用时12.26秒。总用时:0.28小时。预计剩余时间:3.11小时
2026-01-30 11:38:08 [INFO] [84/1000] train: Loss/train: 0.0354, Acc/train: 99.18%, lr: 0.000988
2026-01-30 11:38:08 [INFO] GPU Reserved: 14500.0MB, GPU Allocated: 108.3MB
2026-01-30 11:38:11 [INFO] [84/1000] val: Loss/val: 0.0276, Acc/val: 99.17%, F1/val: 89.79%, IoU/val: 81.47%, lr: 0.000988
2026-01-30 11:38:11 [INFO] [84/1000] 用时12.14秒。总用时:0.28小时。预计剩余时间:3.10小时
2026-01-30 11:38:21 [INFO] [85/1000] train: Loss/train: 0.0364, Acc/train: 99.15%, lr: 0.000988
2026-01-30 11:38:21 [INFO] GPU Reserved: 14500.0MB, GPU Allocated: 108.3MB
2026-01-30 11:38:23 [INFO] [85/1000] val: Loss/val: 0.0273, Acc/val: 99.15%, F1/val: 89.26%, IoU/val: 80.61%, lr: 0.000988
2026-01-30 11:38:23 [INFO] [85/1000] 用时12.14秒。总用时:0.29小时。预计剩余时间:3.10小时
2026-01-30 11:38:33 [INFO] [86/1000] train: Loss/train: 0.0337, Acc/train: 99.23%, lr: 0.000987
2026-01-30 11:38:33 [INFO] GPU Reserved: 14500.0MB, GPU Allocated: 108.3MB
2026-01-30 11:38:36 [INFO] [86/1000] val: Loss/val: 0.0282, Acc/val: 99.15%, F1/val: 89.45%, IoU/val: 80.91%, lr: 0.000987
2026-01-30 11:38:36 [INFO] [86/1000] 用时12.29秒。总用时:0.29小时。预计剩余时间:3.10小时
2026-01-30 11:38:45 [INFO] [87/1000] train: Loss/train: 0.0344, Acc/train: 99.18%, lr: 0.000987
2026-01-30 11:38:45 [INFO] GPU Reserved: 14500.0MB, GPU Allocated: 108.3MB
2026-01-30 11:38:48 [INFO] [87/1000] val: Loss/val: 0.0272, Acc/val: 99.16%, F1/val: 89.58%, IoU/val: 81.13%, lr: 0.000987
2026-01-30 11:38:48 [INFO] [87/1000] 用时12.25秒。总用时:0.29小时。预计剩余时间:3.09小时
2026-01-30 11:38:57 [INFO] [88/1000] train: Loss/train: 0.0333, Acc/train: 99.23%, lr: 0.000987
2026-01-30 11:38:57 [INFO] GPU Reserved: 14500.0MB, GPU Allocated: 108.3MB
2026-01-30 11:39:00 [INFO] [88/1000] val: Loss/val: 0.0253, Acc/val: 99.21%, F1/val: 90.47%, IoU/val: 82.60%, lr: 0.000987
2026-01-30 11:39:00 [INFO] [88/1000] 用时12.09秒。总用时:0.30小时。预计剩余时间:3.09小时
2026-01-30 11:39:09 [INFO] [89/1000] train: Loss/train: 0.0323, Acc/train: 99.24%, lr: 0.000986
2026-01-30 11:39:09 [INFO] GPU Reserved: 14500.0MB, GPU Allocated: 108.3MB
2026-01-30 11:39:12 [INFO] [89/1000] val: Loss/val: 0.0264, Acc/val: 99.19%, F1/val: 90.12%, IoU/val: 82.02%, lr: 0.000986
2026-01-30 11:39:12 [INFO] [89/1000] 用时12.19秒。总用时:0.30小时。预计剩余时间:3.09小时
2026-01-30 11:39:21 [INFO] [90/1000] train: Loss/train: 0.0325, Acc/train: 99.23%, lr: 0.000986
2026-01-30 11:39:21 [INFO] GPU Reserved: 14500.0MB, GPU Allocated: 108.3MB
2026-01-30 11:39:24 [INFO] [90/1000] val: Loss/val: 0.0284, Acc/val: 99.09%, F1/val: 88.73%, IoU/val: 79.75%, lr: 0.000986
2026-01-30 11:39:24 [INFO] [90/1000] 用时12.04秒。总用时:0.30小时。预计剩余时间:3.08小时
2026-01-30 11:39:34 [INFO] [91/1000] train: Loss/train: 0.0360, Acc/train: 99.14%, lr: 0.000985
2026-01-30 11:39:34 [INFO] GPU Reserved: 14500.0MB, GPU Allocated: 108.3MB
2026-01-30 11:39:37 [INFO] [91/1000] val: Loss/val: 0.0274, Acc/val: 99.16%, F1/val: 90.08%, IoU/val: 81.96%, lr: 0.000985
2026-01-30 11:39:37 [INFO] [91/1000] 用时12.25秒。总用时:0.31小时。预计剩余时间:3.08小时
2026-01-30 11:39:46 [INFO] [92/1000] train: Loss/train: 0.0345, Acc/train: 99.17%, lr: 0.000985
2026-01-30 11:39:46 [INFO] GPU Reserved: 14500.0MB, GPU Allocated: 108.3MB
2026-01-30 11:39:49 [INFO] [92/1000] val: Loss/val: 0.0255, Acc/val: 99.21%, F1/val: 90.43%, IoU/val: 82.54%, lr: 0.000985
2026-01-30 11:39:49 [INFO] [92/1000] 用时12.19秒。总用时:0.31小时。预计剩余时间:3.08小时
2026-01-30 11:39:58 [INFO] [93/1000] train: Loss/train: 0.0337, Acc/train: 99.19%, lr: 0.000985
2026-01-30 11:39:58 [INFO] GPU Reserved: 14500.0MB, GPU Allocated: 108.3MB
2026-01-30 11:40:01 [INFO] [93/1000] val: Loss/val: 0.0259, Acc/val: 99.18%, F1/val: 89.85%, IoU/val: 81.57%, lr: 0.000985
2026-01-30 11:40:01 [INFO] [93/1000] 用时11.93秒。总用时:0.31小时。预计剩余时间:3.07小时
2026-01-30 11:40:10 [INFO] [94/1000] train: Loss/train: 0.0328, Acc/train: 99.22%, lr: 0.000984
2026-01-30 11:40:10 [INFO] GPU Reserved: 14500.0MB, GPU Allocated: 108.3MB
2026-01-30 11:40:13 [INFO] [94/1000] val: Loss/val: 0.0251, Acc/val: 99.20%, F1/val: 90.18%, IoU/val: 82.11%, lr: 0.000984
2026-01-30 11:40:13 [INFO] [94/1000] 用时12.13秒。总用时:0.32小时。预计剩余时间:3.07小时
2026-01-30 11:40:22 [INFO] [95/1000] train: Loss/train: 0.0321, Acc/train: 99.24%, lr: 0.000984
2026-01-30 11:40:22 [INFO] GPU Reserved: 14500.0MB, GPU Allocated: 108.3MB
2026-01-30 11:40:25 [INFO] [95/1000] val: Loss/val: 0.0250, Acc/val: 99.20%, F1/val: 90.29%, IoU/val: 82.30%, lr: 0.000984
2026-01-30 11:40:25 [INFO] [95/1000] 用时12.36秒。总用时:0.32小时。预计剩余时间:3.06小时
2026-01-30 11:40:35 [INFO] [96/1000] train: Loss/train: 0.0336, Acc/train: 99.18%, lr: 0.000983
2026-01-30 11:40:35 [INFO] GPU Reserved: 14500.0MB, GPU Allocated: 108.3MB
2026-01-30 11:40:37 [INFO] [96/1000] val: Loss/val: 0.0261, Acc/val: 99.19%, F1/val: 90.32%, IoU/val: 82.34%, lr: 0.000983
2026-01-30 11:40:37 [INFO] [96/1000] 用时12.18秒。总用时:0.33小时。预计剩余时间:3.06小时
2026-01-30 11:40:47 [INFO] [97/1000] train: Loss/train: 0.0344, Acc/train: 99.15%, lr: 0.000983
2026-01-30 11:40:47 [INFO] GPU Reserved: 14500.0MB, GPU Allocated: 108.3MB
2026-01-30 11:40:50 [INFO] [97/1000] val: Loss/val: 0.0259, Acc/val: 99.15%, F1/val: 89.55%, IoU/val: 81.07%, lr: 0.000983
2026-01-30 11:40:50 [INFO] [97/1000] 用时12.23秒。总用时:0.33小时。预计剩余时间:3.06小时
2026-01-30 11:40:59 [INFO] [98/1000] train: Loss/train: 0.0328, Acc/train: 99.21%, lr: 0.000983
2026-01-30 11:40:59 [INFO] GPU Reserved: 14500.0MB, GPU Allocated: 108.3MB
2026-01-30 11:41:02 [INFO] [98/1000] val: Loss/val: 0.0251, Acc/val: 99.18%, F1/val: 89.92%, IoU/val: 81.68%, lr: 0.000983
2026-01-30 11:41:02 [INFO] [98/1000] 用时12.06秒。总用时:0.33小时。预计剩余时间:3.05小时
2026-01-30 11:41:11 [INFO] [99/1000] train: Loss/train: 0.0324, Acc/train: 99.22%, lr: 0.000982
2026-01-30 11:41:11 [INFO] GPU Reserved: 14500.0MB, GPU Allocated: 108.3MB
2026-01-30 11:41:14 [INFO] [99/1000] val: Loss/val: 0.0243, Acc/val: 99.21%, F1/val: 90.31%, IoU/val: 82.33%, lr: 0.000982
2026-01-30 11:41:14 [INFO] [99/1000] 用时11.99秒。总用时:0.34小时。预计剩余时间:3.05小时
2026-01-30 11:41:23 [INFO] [100/1000] train: Loss/train: 0.0310, Acc/train: 99.26%, lr: 0.000982
2026-01-30 11:41:23 [INFO] GPU Reserved: 14500.0MB, GPU Allocated: 108.3MB
2026-01-30 11:41:26 [INFO] [100/1000] val: Loss/val: 0.0245, Acc/val: 99.20%, F1/val: 90.27%, IoU/val: 82.27%, lr: 0.000982
2026-01-30 11:41:26 [INFO] [100/1000] 用时11.99秒。总用时:0.34小时。预计剩余时间:3.05小时
2026-01-30 11:41:35 [INFO] [101/1000] train: Loss/train: 0.0311, Acc/train: 99.24%, lr: 0.000981
2026-01-30 11:41:35 [INFO] GPU Reserved: 14500.0MB, GPU Allocated: 108.3MB
2026-01-30 11:41:38 [INFO] [101/1000] val: Loss/val: 0.0260, Acc/val: 99.16%, F1/val: 89.78%, IoU/val: 81.45%, lr: 0.000981
2026-01-30 11:41:38 [INFO] [101/1000] 用时12.02秒。总用时:0.34小时。预计剩余时间:3.04小时
2026-01-30 11:41:47 [INFO] [102/1000] train: Loss/train: 0.0341, Acc/train: 99.15%, lr: 0.000981
2026-01-30 11:41:47 [INFO] GPU Reserved: 14500.0MB, GPU Allocated: 108.3MB
2026-01-30 11:41:50 [INFO] [102/1000] val: Loss/val: 0.0246, Acc/val: 99.21%, F1/val: 90.33%, IoU/val: 82.37%, lr: 0.000981
2026-01-30 11:41:50 [INFO] [102/1000] 用时12.16秒。总用时:0.35小时。预计剩余时间:3.04小时
2026-01-30 11:41:59 [INFO] [103/1000] train: Loss/train: 0.0300, Acc/train: 99.26%, lr: 0.000980
2026-01-30 11:41:59 [INFO] GPU Reserved: 14500.0MB, GPU Allocated: 108.3MB
2026-01-30 11:42:02 [INFO] [103/1000] val: Loss/val: 0.0239, Acc/val: 99.22%, F1/val: 90.46%, IoU/val: 82.59%, lr: 0.000980
2026-01-30 11:42:02 [INFO] [103/1000] 用时12.30秒。总用时:0.35小时。预计剩余时间:3.04小时
2026-01-30 11:42:12 [INFO] [104/1000] train: Loss/train: 0.0354, Acc/train: 99.10%, lr: 0.000980
2026-01-30 11:42:12 [INFO] GPU Reserved: 14500.0MB, GPU Allocated: 108.3MB
2026-01-30 11:42:14 [INFO] [104/1000] val: Loss/val: 0.0306, Acc/val: 99.04%, F1/val: 88.96%, IoU/val: 80.12%, lr: 0.000980
2026-01-30 11:42:14 [INFO] [104/1000] 用时12.26秒。总用时:0.35小时。预计剩余时间:3.03小时
2026-01-30 11:42:24 [INFO] [105/1000] train: Loss/train: 0.0333, Acc/train: 99.17%, lr: 0.000980
2026-01-30 11:42:24 [INFO] GPU Reserved: 14500.0MB, GPU Allocated: 108.3MB
2026-01-30 11:42:27 [INFO] [105/1000] val: Loss/val: 0.0254, Acc/val: 99.15%, F1/val: 89.51%, IoU/val: 81.00%, lr: 0.000980
2026-01-30 11:42:27 [INFO] [105/1000] 用时12.28秒。总用时:0.36小时。预计剩余时间:3.03小时
2026-01-30 11:42:36 [INFO] [106/1000] train: Loss/train: 0.0329, Acc/train: 99.18%, lr: 0.000979
2026-01-30 11:42:36 [INFO] GPU Reserved: 14500.0MB, GPU Allocated: 108.3MB
2026-01-30 11:42:39 [INFO] [106/1000] val: Loss/val: 0.0244, Acc/val: 99.18%, F1/val: 89.87%, IoU/val: 81.60%, lr: 0.000979
2026-01-30 11:42:39 [INFO] [106/1000] 用时12.21秒。总用时:0.36小时。预计剩余时间:3.03小时
2026-01-30 11:42:48 [INFO] [107/1000] train: Loss/train: 0.0315, Acc/train: 99.22%, lr: 0.000979
2026-01-30 11:42:48 [INFO] GPU Reserved: 14500.0MB, GPU Allocated: 108.3MB
2026-01-30 11:42:51 [INFO] [107/1000] val: Loss/val: 0.0234, Acc/val: 99.22%, F1/val: 90.42%, IoU/val: 82.51%, lr: 0.000979
2026-01-30 11:42:51 [INFO] [107/1000] 用时11.99秒。总用时:0.36小时。预计剩余时间:3.02小时
2026-01-30 11:43:00 [INFO] [108/1000] train: Loss/train: 0.0336, Acc/train: 99.15%, lr: 0.000978
2026-01-30 11:43:00 [INFO] GPU Reserved: 14500.0MB, GPU Allocated: 108.3MB
2026-01-30 11:43:03 [INFO] [108/1000] val: Loss/val: 0.0243, Acc/val: 99.19%, F1/val: 90.14%, IoU/val: 82.05%, lr: 0.000978
2026-01-30 11:43:03 [INFO] [108/1000] 用时12.14秒。总用时:0.37小时。预计剩余时间:3.02小时
2026-01-30 11:43:12 [INFO] [109/1000] train: Loss/train: 0.0319, Acc/train: 99.19%, lr: 0.000978
2026-01-30 11:43:12 [INFO] GPU Reserved: 14500.0MB, GPU Allocated: 108.3MB
2026-01-30 11:43:15 [INFO] [109/1000] val: Loss/val: 0.0246, Acc/val: 99.16%, F1/val: 89.98%, IoU/val: 81.78%, lr: 0.000978
2026-01-30 11:43:15 [INFO] [109/1000] 用时12.32秒。总用时:0.37小时。预计剩余时间:3.02小时
2026-01-30 11:43:25 [INFO] [110/1000] train: Loss/train: 0.0332, Acc/train: 99.15%, lr: 0.000977
2026-01-30 11:43:25 [INFO] GPU Reserved: 14500.0MB, GPU Allocated: 108.3MB
2026-01-30 11:43:28 [INFO] [110/1000] val: Loss/val: 0.0245, Acc/val: 99.18%, F1/val: 89.98%, IoU/val: 81.78%, lr: 0.000977
2026-01-30 11:43:28 [INFO] [110/1000] 用时12.31秒。总用时:0.37小时。预计剩余时间:3.01小时
2026-01-30 11:43:37 [INFO] [111/1000] train: Loss/train: 0.0307, Acc/train: 99.24%, lr: 0.000977
2026-01-30 11:43:37 [INFO] GPU Reserved: 14500.0MB, GPU Allocated: 108.3MB
2026-01-30 11:43:40 [INFO] [111/1000] val: Loss/val: 0.0261, Acc/val: 99.12%, F1/val: 89.03%, IoU/val: 80.23%, lr: 0.000977
2026-01-30 11:43:40 [INFO] [111/1000] 用时12.14秒。总用时:0.38小时。预计剩余时间:3.01小时
2026-01-30 11:43:49 [INFO] [112/1000] train: Loss/train: 0.0310, Acc/train: 99.23%, lr: 0.000976
2026-01-30 11:43:49 [INFO] GPU Reserved: 14500.0MB, GPU Allocated: 108.3MB
2026-01-30 11:43:52 [INFO] [112/1000] val: Loss/val: 0.0238, Acc/val: 99.19%, F1/val: 90.07%, IoU/val: 81.93%, lr: 0.000976
2026-01-30 11:43:52 [INFO] [112/1000] 用时12.09秒。总用时:0.38小时。预计剩余时间:3.01小时
2026-01-30 11:44:01 [INFO] [113/1000] train: Loss/train: 0.0324, Acc/train: 99.19%, lr: 0.000976
2026-01-30 11:44:01 [INFO] GPU Reserved: 14500.0MB, GPU Allocated: 108.3MB
2026-01-30 11:44:04 [INFO] [113/1000] val: Loss/val: 0.0244, Acc/val: 99.17%, F1/val: 90.15%, IoU/val: 82.06%, lr: 0.000976
2026-01-30 11:44:04 [INFO] [113/1000] 用时11.91秒。总用时:0.38小时。预计剩余时间:3.00小时
2026-01-30 11:44:13 [INFO] [114/1000] train: Loss/train: 0.0347, Acc/train: 99.13%, lr: 0.000975
2026-01-30 11:44:13 [INFO] GPU Reserved: 14500.0MB, GPU Allocated: 108.3MB
2026-01-30 11:44:16 [INFO] [114/1000] val: Loss/val: 0.0248, Acc/val: 99.16%, F1/val: 90.21%, IoU/val: 82.17%, lr: 0.000975
2026-01-30 11:44:16 [INFO] [114/1000] 用时12.24秒。总用时:0.39小时。预计剩余时间:3.00小时
2026-01-30 11:44:25 [INFO] [115/1000] train: Loss/train: 0.0310, Acc/train: 99.22%, lr: 0.000975
2026-01-30 11:44:25 [INFO] GPU Reserved: 14500.0MB, GPU Allocated: 108.3MB
2026-01-30 11:44:28 [INFO] [115/1000] val: Loss/val: 0.0233, Acc/val: 99.22%, F1/val: 90.59%, IoU/val: 82.79%, lr: 0.000975
2026-01-30 11:44:28 [INFO] [115/1000] 用时12.21秒。总用时:0.39小时。预计剩余时间:3.00小时
2026-01-30 11:44:37 [INFO] [116/1000] train: Loss/train: 0.0295, Acc/train: 99.26%, lr: 0.000974
2026-01-30 11:44:37 [INFO] GPU Reserved: 14500.0MB, GPU Allocated: 108.3MB
2026-01-30 11:44:40 [INFO] [116/1000] val: Loss/val: 0.0238, Acc/val: 99.19%, F1/val: 90.29%, IoU/val: 82.30%, lr: 0.000974
2026-01-30 11:44:40 [INFO] [116/1000] 用时12.02秒。总用时:0.39小时。预计剩余时间:2.99小时
2026-01-30 11:44:49 [INFO] [117/1000] train: Loss/train: 0.0307, Acc/train: 99.22%, lr: 0.000974
2026-01-30 11:44:49 [INFO] GPU Reserved: 14500.0MB, GPU Allocated: 108.3MB
2026-01-30 11:44:52 [INFO] [117/1000] val: Loss/val: 0.0237, Acc/val: 99.20%, F1/val: 90.19%, IoU/val: 82.13%, lr: 0.000974
2026-01-30 11:44:52 [INFO] [117/1000] 用时12.05秒。总用时:0.40小时。预计剩余时间:2.99小时
2026-01-30 11:45:02 [INFO] [118/1000] train: Loss/train: 0.0306, Acc/train: 99.22%, lr: 0.000973
2026-01-30 11:45:02 [INFO] GPU Reserved: 14500.0MB, GPU Allocated: 108.3MB
2026-01-30 11:45:04 [INFO] [118/1000] val: Loss/val: 0.0249, Acc/val: 99.15%, F1/val: 89.56%, IoU/val: 81.09%, lr: 0.000973
2026-01-30 11:45:04 [INFO] [118/1000] 用时12.03秒。总用时:0.40小时。预计剩余时间:2.98小时
2026-01-30 11:45:14 [INFO] [119/1000] train: Loss/train: 0.0296, Acc/train: 99.25%, lr: 0.000973
2026-01-30 11:45:14 [INFO] GPU Reserved: 14500.0MB, GPU Allocated: 108.3MB
2026-01-30 11:45:17 [INFO] [119/1000] val: Loss/val: 0.0233, Acc/val: 99.21%, F1/val: 90.60%, IoU/val: 82.82%, lr: 0.000973
2026-01-30 11:45:17 [INFO] [119/1000] 用时12.25秒。总用时:0.40小时。预计剩余时间:2.98小时
2026-01-30 11:45:26 [INFO] [120/1000] train: Loss/train: 0.0310, Acc/train: 99.21%, lr: 0.000972
2026-01-30 11:45:26 [INFO] GPU Reserved: 14500.0MB, GPU Allocated: 108.3MB
2026-01-30 11:45:29 [INFO] [120/1000] val: Loss/val: 0.0235, Acc/val: 99.19%, F1/val: 90.11%, IoU/val: 81.99%, lr: 0.000972
2026-01-30 11:45:29 [INFO] [120/1000] 用时12.22秒。总用时:0.41小时。预计剩余时间:2.98小时
2026-01-30 11:45:38 [INFO] [121/1000] train: Loss/train: 0.0298, Acc/train: 99.24%, lr: 0.000972
2026-01-30 11:45:38 [INFO] GPU Reserved: 14500.0MB, GPU Allocated: 108.3MB
2026-01-30 11:45:41 [INFO] [121/1000] val: Loss/val: 0.0227, Acc/val: 99.22%, F1/val: 90.65%, IoU/val: 82.91%, lr: 0.000972
2026-01-30 11:45:41 [INFO] [121/1000] 用时12.33秒。总用时:0.41小时。预计剩余时间:2.97小时
2026-01-30 11:45:50 [INFO] [122/1000] train: Loss/train: 0.0287, Acc/train: 99.27%, lr: 0.000971
2026-01-30 11:45:50 [INFO] GPU Reserved: 14500.0MB, GPU Allocated: 108.3MB
2026-01-30 11:45:53 [INFO] [122/1000] val: Loss/val: 0.0236, Acc/val: 99.21%, F1/val: 90.40%, IoU/val: 82.48%, lr: 0.000971
2026-01-30 11:45:53 [INFO] [122/1000] 用时12.22秒。总用时:0.41小时。预计剩余时间:2.97小时
2026-01-30 11:46:03 [INFO] [123/1000] train: Loss/train: 0.0280, Acc/train: 99.29%, lr: 0.000971
2026-01-30 11:46:03 [INFO] GPU Reserved: 14500.0MB, GPU Allocated: 108.3MB
2026-01-30 11:46:06 [INFO] [123/1000] val: Loss/val: 0.0238, Acc/val: 99.20%, F1/val: 90.11%, IoU/val: 82.00%, lr: 0.000971
2026-01-30 11:46:06 [INFO] [123/1000] 用时12.22秒。总用时:0.42小时。预计剩余时间:2.97小时
2026-01-30 11:46:15 [INFO] [124/1000] train: Loss/train: 0.0315, Acc/train: 99.20%, lr: 0.000970
2026-01-30 11:46:15 [INFO] GPU Reserved: 14500.0MB, GPU Allocated: 108.3MB
2026-01-30 11:46:18 [INFO] [124/1000] val: Loss/val: 0.0231, Acc/val: 99.23%, F1/val: 90.63%, IoU/val: 82.86%, lr: 0.000970
2026-01-30 11:46:18 [INFO] [124/1000] 用时12.05秒。总用时:0.42小时。预计剩余时间:2.96小时
2026-01-30 11:46:27 [INFO] [125/1000] train: Loss/train: 0.0282, Acc/train: 99.28%, lr: 0.000970
2026-01-30 11:46:27 [INFO] GPU Reserved: 14500.0MB, GPU Allocated: 108.3MB
2026-01-30 11:46:30 [INFO] [125/1000] val: Loss/val: 0.0231, Acc/val: 99.24%, F1/val: 90.63%, IoU/val: 82.86%, lr: 0.000970
2026-01-30 11:46:30 [INFO] [125/1000] 用时12.32秒。总用时:0.42小时。预计剩余时间:2.96小时
2026-01-30 11:46:39 [INFO] [126/1000] train: Loss/train: 0.0298, Acc/train: 99.22%, lr: 0.000969
2026-01-30 11:46:39 [INFO] GPU Reserved: 14500.0MB, GPU Allocated: 108.3MB
2026-01-30 11:46:42 [INFO] [126/1000] val: Loss/val: 0.0244, Acc/val: 99.20%, F1/val: 90.31%, IoU/val: 82.33%, lr: 0.000969
2026-01-30 11:46:42 [INFO] [126/1000] 用时12.18秒。总用时:0.43小时。预计剩余时间:2.96小时
2026-01-30 11:46:52 [INFO] [127/1000] train: Loss/train: 0.0296, Acc/train: 99.24%, lr: 0.000968
2026-01-30 11:46:52 [INFO] GPU Reserved: 14500.0MB, GPU Allocated: 108.3MB
2026-01-30 11:46:54 [INFO] [127/1000] val: Loss/val: 0.0240, Acc/val: 99.17%, F1/val: 89.64%, IoU/val: 81.23%, lr: 0.000968
2026-01-30 11:46:54 [INFO] [127/1000] 用时12.38秒。总用时:0.43小时。预计剩余时间:2.95小时
2026-01-30 11:47:04 [INFO] [128/1000] train: Loss/train: 0.0302, Acc/train: 99.22%, lr: 0.000968
2026-01-30 11:47:04 [INFO] GPU Reserved: 14500.0MB, GPU Allocated: 108.3MB
2026-01-30 11:47:07 [INFO] [128/1000] val: Loss/val: 0.0243, Acc/val: 99.18%, F1/val: 90.03%, IoU/val: 81.87%, lr: 0.000968
2026-01-30 11:47:07 [INFO] [128/1000] 用时12.28秒。总用时:0.43小时。预计剩余时间:2.95小时
2026-01-30 11:47:16 [INFO] [129/1000] train: Loss/train: 0.0320, Acc/train: 99.19%, lr: 0.000967
2026-01-30 11:47:16 [INFO] GPU Reserved: 14500.0MB, GPU Allocated: 108.3MB
2026-01-30 11:47:19 [INFO] [129/1000] val: Loss/val: 0.0456, Acc/val: 98.65%, F1/val: 85.05%, IoU/val: 73.99%, lr: 0.000967
2026-01-30 11:47:19 [INFO] [129/1000] 用时12.01秒。总用时:0.44小时。预计剩余时间:2.95小时
2026-01-30 11:47:28 [INFO] [130/1000] train: Loss/train: 0.0346, Acc/train: 99.12%, lr: 0.000967
2026-01-30 11:47:28 [INFO] GPU Reserved: 14500.0MB, GPU Allocated: 108.3MB
2026-01-30 11:47:31 [INFO] [130/1000] val: Loss/val: 0.0280, Acc/val: 99.04%, F1/val: 87.80%, IoU/val: 78.26%, lr: 0.000967
2026-01-30 11:47:31 [INFO] [130/1000] 用时11.86秒。总用时:0.44小时。预计剩余时间:2.94小时
2026-01-30 11:47:40 [INFO] [131/1000] train: Loss/train: 0.0323, Acc/train: 99.17%, lr: 0.000966
2026-01-30 11:47:40 [INFO] GPU Reserved: 14500.0MB, GPU Allocated: 108.3MB
2026-01-30 11:47:43 [INFO] [131/1000] val: Loss/val: 0.0251, Acc/val: 99.16%, F1/val: 89.99%, IoU/val: 81.80%, lr: 0.000966
2026-01-30 11:47:43 [INFO] [131/1000] 用时12.19秒。总用时:0.44小时。预计剩余时间:2.94小时
2026-01-30 11:47:52 [INFO] [132/1000] train: Loss/train: 0.0309, Acc/train: 99.20%, lr: 0.000966
2026-01-30 11:47:52 [INFO] GPU Reserved: 14500.0MB, GPU Allocated: 108.3MB
2026-01-30 11:47:55 [INFO] [132/1000] val: Loss/val: 0.0236, Acc/val: 99.20%, F1/val: 90.06%, IoU/val: 81.92%, lr: 0.000966
2026-01-30 11:47:55 [INFO] [132/1000] 用时12.40秒。总用时:0.45小时。预计剩余时间:2.94小时
2026-01-30 11:48:04 [INFO] [133/1000] train: Loss/train: 0.0299, Acc/train: 99.22%, lr: 0.000965
2026-01-30 11:48:04 [INFO] GPU Reserved: 14500.0MB, GPU Allocated: 108.3MB
2026-01-30 11:48:07 [INFO] [133/1000] val: Loss/val: 0.0230, Acc/val: 99.21%, F1/val: 90.19%, IoU/val: 82.13%, lr: 0.000965
2026-01-30 11:48:07 [INFO] [133/1000] 用时12.14秒。总用时:0.45小时。预计剩余时间:2.93小时
2026-01-30 11:48:17 [INFO] [134/1000] train: Loss/train: 0.0292, Acc/train: 99.25%, lr: 0.000964
2026-01-30 11:48:17 [INFO] GPU Reserved: 14500.0MB, GPU Allocated: 108.3MB
2026-01-30 11:48:20 [INFO] [134/1000] val: Loss/val: 0.0223, Acc/val: 99.23%, F1/val: 90.56%, IoU/val: 82.76%, lr: 0.000964
2026-01-30 11:48:20 [INFO] [134/1000] 用时12.20秒。总用时:0.45小时。预计剩余时间:2.93小时
2026-01-30 11:48:29 [INFO] [135/1000] train: Loss/train: 0.0286, Acc/train: 99.25%, lr: 0.000964
2026-01-30 11:48:29 [INFO] GPU Reserved: 14500.0MB, GPU Allocated: 108.3MB
2026-01-30 11:48:31 [INFO] [135/1000] val: Loss/val: 0.0243, Acc/val: 99.19%, F1/val: 90.14%, IoU/val: 82.05%, lr: 0.000964
2026-01-30 11:48:31 [INFO] [135/1000] 用时11.95秒。总用时:0.46小时。预计剩余时间:2.93小时
2026-01-30 11:48:41 [INFO] [136/1000] train: Loss/train: 0.0303, Acc/train: 99.21%, lr: 0.000963
2026-01-30 11:48:41 [INFO] GPU Reserved: 14500.0MB, GPU Allocated: 108.3MB
2026-01-30 11:48:44 [INFO] [136/1000] val: Loss/val: 0.0229, Acc/val: 99.20%, F1/val: 90.18%, IoU/val: 82.11%, lr: 0.000963
2026-01-30 11:48:44 [INFO] [136/1000] 用时12.23秒。总用时:0.46小时。预计剩余时间:2.92小时
2026-01-30 11:48:53 [INFO] [137/1000] train: Loss/train: 0.0317, Acc/train: 99.17%, lr: 0.000963
2026-01-30 11:48:53 [INFO] GPU Reserved: 14500.0MB, GPU Allocated: 108.3MB
2026-01-30 11:48:56 [INFO] [137/1000] val: Loss/val: 0.0717, Acc/val: 97.70%, F1/val: 77.56%, IoU/val: 63.34%, lr: 0.000963
2026-01-30 11:48:56 [INFO] [137/1000] 用时12.04秒。总用时:0.46小时。预计剩余时间:2.92小时
2026-01-30 11:49:05 [INFO] [138/1000] train: Loss/train: 0.0341, Acc/train: 99.13%, lr: 0.000962
2026-01-30 11:49:05 [INFO] GPU Reserved: 14500.0MB, GPU Allocated: 108.3MB
2026-01-30 11:49:08 [INFO] [138/1000] val: Loss/val: 0.0238, Acc/val: 99.18%, F1/val: 89.92%, IoU/val: 81.68%, lr: 0.000962
2026-01-30 11:49:08 [INFO] [138/1000] 用时12.06秒。总用时:0.47小时。预计剩余时间:2.92小时
2026-01-30 11:49:17 [INFO] [139/1000] train: Loss/train: 0.0313, Acc/train: 99.18%, lr: 0.000961
2026-01-30 11:49:17 [INFO] GPU Reserved: 14500.0MB, GPU Allocated: 108.3MB
2026-01-30 11:49:20 [INFO] [139/1000] val: Loss/val: 0.0229, Acc/val: 99.20%, F1/val: 90.15%, IoU/val: 82.06%, lr: 0.000961
2026-01-30 11:49:20 [INFO] [139/1000] 用时12.08秒。总用时:0.47小时。预计剩余时间:2.91小时
2026-01-30 11:49:29 [INFO] [140/1000] train: Loss/train: 0.0288, Acc/train: 99.26%, lr: 0.000961
2026-01-30 11:49:29 [INFO] GPU Reserved: 14500.0MB, GPU Allocated: 108.3MB
2026-01-30 11:49:32 [INFO] [140/1000] val: Loss/val: 0.0233, Acc/val: 99.22%, F1/val: 90.51%, IoU/val: 82.67%, lr: 0.000961
2026-01-30 11:49:32 [INFO] [140/1000] 用时12.00秒。总用时:0.47小时。预计剩余时间:2.91小时
2026-01-30 11:49:41 [INFO] [141/1000] train: Loss/train: 0.0316, Acc/train: 99.18%, lr: 0.000960
2026-01-30 11:49:41 [INFO] GPU Reserved: 14500.0MB, GPU Allocated: 108.3MB
2026-01-30 11:49:44 [INFO] [141/1000] val: Loss/val: 0.0243, Acc/val: 99.17%, F1/val: 89.74%, IoU/val: 81.39%, lr: 0.000960
2026-01-30 11:49:44 [INFO] [141/1000] 用时12.07秒。总用时:0.48小时。预计剩余时间:2.91小时
2026-01-30 11:49:53 [INFO] [142/1000] train: Loss/train: 0.0321, Acc/train: 99.18%, lr: 0.000960
2026-01-30 11:49:53 [INFO] GPU Reserved: 14500.0MB, GPU Allocated: 108.3MB
2026-01-30 11:49:56 [INFO] [142/1000] val: Loss/val: 0.0249, Acc/val: 99.14%, F1/val: 89.91%, IoU/val: 81.67%, lr: 0.000960
2026-01-30 11:49:56 [INFO] [142/1000] 用时11.90秒。总用时:0.48小时。预计剩余时间:2.90小时
2026-01-30 11:50:05 [INFO] [143/1000] train: Loss/train: 0.0293, Acc/train: 99.25%, lr: 0.000959
2026-01-30 11:50:05 [INFO] GPU Reserved: 14500.0MB, GPU Allocated: 108.3MB
2026-01-30 11:50:08 [INFO] [143/1000] val: Loss/val: 0.0221, Acc/val: 99.21%, F1/val: 90.49%, IoU/val: 82.62%, lr: 0.000959
2026-01-30 11:50:08 [INFO] [143/1000] 用时12.18秒。总用时:0.48小时。预计剩余时间:2.90小时
2026-01-30 11:50:17 [INFO] [144/1000] train: Loss/train: 0.0281, Acc/train: 99.26%, lr: 0.000958
2026-01-30 11:50:17 [INFO] GPU Reserved: 14500.0MB, GPU Allocated: 108.3MB
2026-01-30 11:50:20 [INFO] [144/1000] val: Loss/val: 0.0223, Acc/val: 99.23%, F1/val: 90.60%, IoU/val: 82.81%, lr: 0.000958
2026-01-30 11:50:20 [INFO] [144/1000] 用时12.17秒。总用时:0.49小时。预计剩余时间:2.90小时
2026-01-30 11:50:29 [INFO] [145/1000] train: Loss/train: 0.0287, Acc/train: 99.24%, lr: 0.000958
2026-01-30 11:50:29 [INFO] GPU Reserved: 14500.0MB, GPU Allocated: 108.3MB
2026-01-30 11:50:32 [INFO] [145/1000] val: Loss/val: 0.0233, Acc/val: 99.19%, F1/val: 90.12%, IoU/val: 82.01%, lr: 0.000958
2026-01-30 11:50:32 [INFO] [145/1000] 用时11.96秒。总用时:0.49小时。预计剩余时间:2.89小时
2026-01-30 11:50:41 [INFO] [146/1000] train: Loss/train: 0.0327, Acc/train: 99.13%, lr: 0.000957
2026-01-30 11:50:41 [INFO] GPU Reserved: 14500.0MB, GPU Allocated: 108.3MB
2026-01-30 11:50:44 [INFO] [146/1000] val: Loss/val: 0.0227, Acc/val: 99.22%, F1/val: 90.33%, IoU/val: 82.36%, lr: 0.000957
2026-01-30 11:50:44 [INFO] [146/1000] 用时12.06秒。总用时:0.49小时。预计剩余时间:2.89小时
2026-01-30 11:50:53 [INFO] [147/1000] train: Loss/train: 0.0298, Acc/train: 99.22%, lr: 0.000956
2026-01-30 11:50:53 [INFO] GPU Reserved: 14500.0MB, GPU Allocated: 108.3MB
2026-01-30 11:50:56 [INFO] [147/1000] val: Loss/val: 0.0225, Acc/val: 99.19%, F1/val: 90.59%, IoU/val: 82.79%, lr: 0.000956
2026-01-30 11:50:56 [INFO] [147/1000] 用时11.99秒。总用时:0.50小时。预计剩余时间:2.88小时
2026-01-30 11:51:05 [INFO] [148/1000] train: Loss/train: 0.0289, Acc/train: 99.23%, lr: 0.000956
2026-01-30 11:51:05 [INFO] GPU Reserved: 14500.0MB, GPU Allocated: 108.3MB
2026-01-30 11:51:08 [INFO] [148/1000] val: Loss/val: 0.0223, Acc/val: 99.21%, F1/val: 90.62%, IoU/val: 82.84%, lr: 0.000956
2026-01-30 11:51:08 [INFO] [148/1000] 用时11.87秒。总用时:0.50小时。预计剩余时间:2.88小时
2026-01-30 11:51:17 [INFO] [149/1000] train: Loss/train: 0.0289, Acc/train: 99.23%, lr: 0.000955
2026-01-30 11:51:17 [INFO] GPU Reserved: 14500.0MB, GPU Allocated: 108.3MB
2026-01-30 11:51:20 [INFO] [149/1000] val: Loss/val: 0.0227, Acc/val: 99.21%, F1/val: 90.28%, IoU/val: 82.28%, lr: 0.000955
2026-01-30 11:51:20 [INFO] [149/1000] 用时11.85秒。总用时:0.50小时。预计剩余时间:2.88小时
2026-01-30 11:51:29 [INFO] [150/1000] train: Loss/train: 0.0269, Acc/train: 99.29%, lr: 0.000954
2026-01-30 11:51:29 [INFO] GPU Reserved: 14500.0MB, GPU Allocated: 108.3MB
2026-01-30 11:51:32 [INFO] [150/1000] val: Loss/val: 0.0219, Acc/val: 99.22%, F1/val: 90.64%, IoU/val: 82.88%, lr: 0.000954
2026-01-30 11:51:32 [INFO] [150/1000] 用时12.16秒。总用时:0.51小时。预计剩余时间:2.87小时
2026-01-30 11:51:42 [INFO] [151/1000] train: Loss/train: 0.0271, Acc/train: 99.28%, lr: 0.000954
2026-01-30 11:51:42 [INFO] GPU Reserved: 14500.0MB, GPU Allocated: 108.3MB
2026-01-30 11:51:44 [INFO] [151/1000] val: Loss/val: 0.0219, Acc/val: 99.25%, F1/val: 90.74%, IoU/val: 83.05%, lr: 0.000954
2026-01-30 11:51:44 [INFO] [151/1000] 用时12.38秒。总用时:0.51小时。预计剩余时间:2.87小时
2026-01-30 11:51:54 [INFO] [152/1000] train: Loss/train: 0.0260, Acc/train: 99.32%, lr: 0.000953
2026-01-30 11:51:54 [INFO] GPU Reserved: 14500.0MB, GPU Allocated: 108.3MB
2026-01-30 11:51:57 [INFO] [152/1000] val: Loss/val: 0.0220, Acc/val: 99.21%, F1/val: 90.47%, IoU/val: 82.60%, lr: 0.000953
2026-01-30 11:51:57 [INFO] [152/1000] 用时12.28秒。总用时:0.51小时。预计剩余时间:2.87小时
2026-01-30 11:52:06 [INFO] [153/1000] train: Loss/train: 0.0277, Acc/train: 99.27%, lr: 0.000952
2026-01-30 11:52:06 [INFO] GPU Reserved: 14500.0MB, GPU Allocated: 108.3MB
2026-01-30 11:52:09 [INFO] [153/1000] val: Loss/val: 0.0220, Acc/val: 99.22%, F1/val: 90.54%, IoU/val: 82.71%, lr: 0.000952
2026-01-30 11:52:09 [INFO] [153/1000] 用时12.10秒。总用时:0.52小时。预计剩余时间:2.86小时
2026-01-30 11:52:18 [INFO] [154/1000] train: Loss/train: 0.0263, Acc/train: 99.30%, lr: 0.000952
2026-01-30 11:52:18 [INFO] GPU Reserved: 14500.0MB, GPU Allocated: 108.3MB
2026-01-30 11:52:21 [INFO] [154/1000] val: Loss/val: 0.0227, Acc/val: 99.19%, F1/val: 90.17%, IoU/val: 82.10%, lr: 0.000952
2026-01-30 11:52:21 [INFO] [154/1000] 用时12.23秒。总用时:0.52小时。预计剩余时间:2.86小时
2026-01-30 11:52:31 [INFO] [155/1000] train: Loss/train: 0.0271, Acc/train: 99.28%, lr: 0.000951
2026-01-30 11:52:31 [INFO] GPU Reserved: 14500.0MB, GPU Allocated: 108.3MB
2026-01-30 11:52:33 [INFO] [155/1000] val: Loss/val: 0.0228, Acc/val: 99.20%, F1/val: 90.35%, IoU/val: 82.40%, lr: 0.000951
2026-01-30 11:52:33 [INFO] [155/1000] 用时12.23秒。总用时:0.52小时。预计剩余时间:2.86小时
2026-01-30 11:52:43 [INFO] [156/1000] train: Loss/train: 0.0268, Acc/train: 99.28%, lr: 0.000950
2026-01-30 11:52:43 [INFO] GPU Reserved: 14500.0MB, GPU Allocated: 108.3MB
2026-01-30 11:52:46 [INFO] [156/1000] val: Loss/val: 0.0225, Acc/val: 99.22%, F1/val: 90.67%, IoU/val: 82.94%, lr: 0.000950
2026-01-30 11:52:46 [INFO] [156/1000] 用时12.24秒。总用时:0.53小时。预计剩余时间:2.85小时
2026-01-30 11:52:55 [INFO] [157/1000] train: Loss/train: 0.0273, Acc/train: 99.27%, lr: 0.000950
2026-01-30 11:52:55 [INFO] GPU Reserved: 14500.0MB, GPU Allocated: 108.3MB
2026-01-30 11:52:58 [INFO] [157/1000] val: Loss/val: 0.0229, Acc/val: 99.20%, F1/val: 90.39%, IoU/val: 82.47%, lr: 0.000950
2026-01-30 11:52:58 [INFO] [157/1000] 用时12.22秒。总用时:0.53小时。预计剩余时间:2.85小时
2026-01-30 11:53:07 [INFO] [158/1000] train: Loss/train: 0.0267, Acc/train: 99.29%, lr: 0.000949
2026-01-30 11:53:07 [INFO] GPU Reserved: 14500.0MB, GPU Allocated: 108.3MB
2026-01-30 11:53:10 [INFO] [158/1000] val: Loss/val: 0.0223, Acc/val: 99.23%, F1/val: 90.61%, IoU/val: 82.83%, lr: 0.000949
2026-01-30 11:53:10 [INFO] [158/1000] 用时12.08秒。总用时:0.53小时。预计剩余时间:2.85小时
2026-01-30 11:53:19 [INFO] [159/1000] train: Loss/train: 0.0264, Acc/train: 99.29%, lr: 0.000948
2026-01-30 11:53:19 [INFO] GPU Reserved: 14500.0MB, GPU Allocated: 108.3MB
2026-01-30 11:53:22 [INFO] [159/1000] val: Loss/val: 0.0226, Acc/val: 99.22%, F1/val: 90.50%, IoU/val: 82.66%, lr: 0.000948
2026-01-30 11:53:22 [INFO] [159/1000] 用时12.07秒。总用时:0.54小时。预计剩余时间:2.84小时
2026-01-30 11:53:31 [INFO] [160/1000] train: Loss/train: 0.0263, Acc/train: 99.29%, lr: 0.000947
2026-01-30 11:53:31 [INFO] GPU Reserved: 14500.0MB, GPU Allocated: 108.3MB
2026-01-30 11:53:34 [INFO] [160/1000] val: Loss/val: 0.0221, Acc/val: 99.21%, F1/val: 90.19%, IoU/val: 82.13%, lr: 0.000947
2026-01-30 11:53:34 [INFO] [160/1000] 用时12.18秒。总用时:0.54小时。预计剩余时间:2.84小时
2026-01-30 11:53:44 [INFO] [161/1000] train: Loss/train: 0.0265, Acc/train: 99.29%, lr: 0.000947
2026-01-30 11:53:44 [INFO] GPU Reserved: 14500.0MB, GPU Allocated: 108.3MB
2026-01-30 11:53:46 [INFO] [161/1000] val: Loss/val: 0.0216, Acc/val: 99.23%, F1/val: 90.73%, IoU/val: 83.02%, lr: 0.000947
2026-01-30 11:53:46 [INFO] [161/1000] 用时12.27秒。总用时:0.54小时。预计剩余时间:2.84小时
2026-01-30 11:53:56 [INFO] [162/1000] train: Loss/train: 0.0275, Acc/train: 99.28%, lr: 0.000946
2026-01-30 11:53:56 [INFO] GPU Reserved: 14500.0MB, GPU Allocated: 108.3MB
2026-01-30 11:53:58 [INFO] [162/1000] val: Loss/val: 0.0229, Acc/val: 99.21%, F1/val: 90.30%, IoU/val: 82.32%, lr: 0.000946
2026-01-30 11:53:58 [INFO] [162/1000] 用时12.08秒。总用时:0.55小时。预计剩余时间:2.83小时
2026-01-30 11:54:08 [INFO] [163/1000] train: Loss/train: 0.0282, Acc/train: 99.24%, lr: 0.000945
2026-01-30 11:54:08 [INFO] GPU Reserved: 14500.0MB, GPU Allocated: 108.3MB
2026-01-30 11:54:11 [INFO] [163/1000] val: Loss/val: 0.0237, Acc/val: 99.16%, F1/val: 89.72%, IoU/val: 81.36%, lr: 0.000945
2026-01-30 11:54:11 [INFO] [163/1000] 用时12.15秒。总用时:0.55小时。预计剩余时间:2.83小时
2026-01-30 11:54:20 [INFO] [164/1000] train: Loss/train: 0.0270, Acc/train: 99.28%, lr: 0.000945
2026-01-30 11:54:20 [INFO] GPU Reserved: 14500.0MB, GPU Allocated: 108.3MB
2026-01-30 11:54:23 [INFO] [164/1000] val: Loss/val: 0.0215, Acc/val: 99.24%, F1/val: 90.96%, IoU/val: 83.43%, lr: 0.000945
2026-01-30 11:54:23 [INFO] [164/1000] 用时11.95秒。总用时:0.55小时。预计剩余时间:2.83小时
2026-01-30 11:54:32 [INFO] [165/1000] train: Loss/train: 0.0273, Acc/train: 99.27%, lr: 0.000944
2026-01-30 11:54:32 [INFO] GPU Reserved: 14500.0MB, GPU Allocated: 108.3MB
2026-01-30 11:54:35 [INFO] [165/1000] val: Loss/val: 0.0226, Acc/val: 99.19%, F1/val: 90.35%, IoU/val: 82.40%, lr: 0.000944
2026-01-30 11:54:35 [INFO] [165/1000] 用时12.27秒。总用时:0.56小时。预计剩余时间:2.82小时
2026-01-30 11:54:44 [INFO] [166/1000] train: Loss/train: 0.0270, Acc/train: 99.27%, lr: 0.000943
2026-01-30 11:54:44 [INFO] GPU Reserved: 14500.0MB, GPU Allocated: 108.3MB
2026-01-30 11:54:47 [INFO] [166/1000] val: Loss/val: 0.0222, Acc/val: 99.24%, F1/val: 90.71%, IoU/val: 83.01%, lr: 0.000943
2026-01-30 11:54:47 [INFO] [166/1000] 用时12.16秒。总用时:0.56小时。预计剩余时间:2.82小时
2026-01-30 11:54:56 [INFO] [167/1000] train: Loss/train: 0.0271, Acc/train: 99.26%, lr: 0.000942
2026-01-30 11:54:56 [INFO] GPU Reserved: 14500.0MB, GPU Allocated: 108.3MB
2026-01-30 11:54:59 [INFO] [167/1000] val: Loss/val: 0.0229, Acc/val: 99.19%, F1/val: 90.15%, IoU/val: 82.07%, lr: 0.000942
2026-01-30 11:54:59 [INFO] [167/1000] 用时12.04秒。总用时:0.56小时。预计剩余时间:2.82小时
2026-01-30 11:55:08 [INFO] [168/1000] train: Loss/train: 0.0266, Acc/train: 99.29%, lr: 0.000942
2026-01-30 11:55:08 [INFO] GPU Reserved: 14500.0MB, GPU Allocated: 108.3MB
2026-01-30 11:55:11 [INFO] [168/1000] val: Loss/val: 0.0222, Acc/val: 99.20%, F1/val: 90.24%, IoU/val: 82.21%, lr: 0.000942
2026-01-30 11:55:11 [INFO] [168/1000] 用时12.22秒。总用时:0.57小时。预计剩余时间:2.81小时
2026-01-30 11:55:21 [INFO] [169/1000] train: Loss/train: 0.0265, Acc/train: 99.28%, lr: 0.000941
2026-01-30 11:55:21 [INFO] GPU Reserved: 14500.0MB, GPU Allocated: 108.3MB
2026-01-30 11:55:23 [INFO] [169/1000] val: Loss/val: 0.0225, Acc/val: 99.20%, F1/val: 90.20%, IoU/val: 82.15%, lr: 0.000941
2026-01-30 11:55:23 [INFO] [169/1000] 用时12.12秒。总用时:0.57小时。预计剩余时间:2.81小时
2026-01-30 11:55:33 [INFO] [170/1000] train: Loss/train: 0.0266, Acc/train: 99.27%, lr: 0.000940
2026-01-30 11:55:33 [INFO] GPU Reserved: 14500.0MB, GPU Allocated: 108.3MB
2026-01-30 11:55:36 [INFO] [170/1000] val: Loss/val: 0.0215, Acc/val: 99.24%, F1/val: 90.67%, IoU/val: 82.93%, lr: 0.000940
2026-01-30 11:55:36 [INFO] [170/1000] 用时12.36秒。总用时:0.57小时。预计剩余时间:2.81小时
2026-01-30 11:55:45 [INFO] [171/1000] train: Loss/train: 0.0264, Acc/train: 99.29%, lr: 0.000939
2026-01-30 11:55:45 [INFO] GPU Reserved: 14500.0MB, GPU Allocated: 108.3MB
2026-01-30 11:55:48 [INFO] [171/1000] val: Loss/val: 0.0379, Acc/val: 98.93%, F1/val: 86.32%, IoU/val: 75.93%, lr: 0.000939
2026-01-30 11:55:48 [INFO] [171/1000] 用时12.24秒。总用时:0.58小时。预计剩余时间:2.80小时
2026-01-30 11:55:57 [INFO] [172/1000] train: Loss/train: 0.0344, Acc/train: 99.16%, lr: 0.000939
2026-01-30 11:55:57 [INFO] GPU Reserved: 14500.0MB, GPU Allocated: 108.3MB
2026-01-30 11:56:00 [INFO] [172/1000] val: Loss/val: 0.0246, Acc/val: 99.13%, F1/val: 89.22%, IoU/val: 80.54%, lr: 0.000939
2026-01-30 11:56:00 [INFO] [172/1000] 用时12.35秒。总用时:0.58小时。预计剩余时间:2.80小时
2026-01-30 11:56:10 [INFO] [173/1000] train: Loss/train: 0.0298, Acc/train: 99.19%, lr: 0.000938
2026-01-30 11:56:10 [INFO] GPU Reserved: 14500.0MB, GPU Allocated: 108.3MB
2026-01-30 11:56:13 [INFO] [173/1000] val: Loss/val: 0.0247, Acc/val: 99.14%, F1/val: 89.25%, IoU/val: 80.59%, lr: 0.000938
2026-01-30 11:56:13 [INFO] [173/1000] 用时12.24秒。总用时:0.58小时。预计剩余时间:2.80小时
2026-01-30 11:56:22 [INFO] [174/1000] train: Loss/train: 0.0479, Acc/train: 98.80%, lr: 0.000937
2026-01-30 11:56:22 [INFO] GPU Reserved: 14500.0MB, GPU Allocated: 108.3MB
2026-01-30 11:56:25 [INFO] [174/1000] val: Loss/val: 0.1025, Acc/val: 96.59%, F1/val: 69.24%, IoU/val: 52.95%, lr: 0.000937
2026-01-30 11:56:25 [INFO] [174/1000] 用时12.38秒。总用时:0.59小时。预计剩余时间:2.79小时
2026-01-30 11:56:34 [INFO] [175/1000] train: Loss/train: 0.0405, Acc/train: 98.97%, lr: 0.000936
2026-01-30 11:56:34 [INFO] GPU Reserved: 14500.0MB, GPU Allocated: 108.3MB
2026-01-30 11:56:37 [INFO] [175/1000] val: Loss/val: 0.0249, Acc/val: 99.09%, F1/val: 88.61%, IoU/val: 79.55%, lr: 0.000936
2026-01-30 11:56:37 [INFO] [175/1000] 用时12.16秒。总用时:0.59小时。预计剩余时间:2.79小时
2026-01-30 11:56:47 [INFO] [176/1000] train: Loss/train: 0.0313, Acc/train: 99.17%, lr: 0.000936
2026-01-30 11:56:47 [INFO] GPU Reserved: 14500.0MB, GPU Allocated: 108.3MB
2026-01-30 11:56:49 [INFO] [176/1000] val: Loss/val: 0.0230, Acc/val: 99.19%, F1/val: 90.15%, IoU/val: 82.06%, lr: 0.000936
2026-01-30 11:56:49 [INFO] [176/1000] 用时12.31秒。总用时:0.60小时。预计剩余时间:2.79小时
2026-01-30 11:56:59 [INFO] [177/1000] train: Loss/train: 0.0310, Acc/train: 99.18%, lr: 0.000935
2026-01-30 11:56:59 [INFO] GPU Reserved: 14500.0MB, GPU Allocated: 108.3MB
2026-01-30 11:57:01 [INFO] [177/1000] val: Loss/val: 0.0219, Acc/val: 99.21%, F1/val: 90.38%, IoU/val: 82.45%, lr: 0.000935
2026-01-30 11:57:01 [INFO] [177/1000] 用时11.96秒。总用时:0.60小时。预计剩余时间:2.78小时
2026-01-30 11:57:11 [INFO] [178/1000] train: Loss/train: 0.0292, Acc/train: 99.22%, lr: 0.000934
2026-01-30 11:57:11 [INFO] GPU Reserved: 14500.0MB, GPU Allocated: 108.3MB
2026-01-30 11:57:14 [INFO] [178/1000] val: Loss/val: 0.0219, Acc/val: 99.20%, F1/val: 90.35%, IoU/val: 82.40%, lr: 0.000934
2026-01-30 11:57:14 [INFO] [178/1000] 用时12.14秒。总用时:0.60小时。预计剩余时间:2.78小时
2026-01-30 11:57:23 [INFO] [179/1000] train: Loss/train: 0.0301, Acc/train: 99.20%, lr: 0.000933
2026-01-30 11:57:23 [INFO] GPU Reserved: 14500.0MB, GPU Allocated: 108.3MB
2026-01-30 11:57:26 [INFO] [179/1000] val: Loss/val: 0.0215, Acc/val: 99.22%, F1/val: 90.68%, IoU/val: 82.94%, lr: 0.000933
2026-01-30 11:57:26 [INFO] [179/1000] 用时11.99秒。总用时:0.61小时。预计剩余时间:2.78小时
2026-01-30 11:57:35 [INFO] [180/1000] train: Loss/train: 0.0285, Acc/train: 99.23%, lr: 0.000932
2026-01-30 11:57:35 [INFO] GPU Reserved: 14500.0MB, GPU Allocated: 108.3MB
2026-01-30 11:57:37 [INFO] [180/1000] val: Loss/val: 0.0230, Acc/val: 99.19%, F1/val: 90.12%, IoU/val: 82.01%, lr: 0.000932
2026-01-30 11:57:37 [INFO] [180/1000] 用时11.91秒。总用时:0.61小时。预计剩余时间:2.77小时
2026-01-30 11:57:47 [INFO] [181/1000] train: Loss/train: 0.0272, Acc/train: 99.27%, lr: 0.000932
2026-01-30 11:57:47 [INFO] GPU Reserved: 14500.0MB, GPU Allocated: 108.3MB
2026-01-30 11:57:49 [INFO] [181/1000] val: Loss/val: 0.0222, Acc/val: 99.21%, F1/val: 90.59%, IoU/val: 82.80%, lr: 0.000932
2026-01-30 11:57:49 [INFO] [181/1000] 用时11.93秒。总用时:0.61小时。预计剩余时间:2.77小时
2026-01-30 11:57:59 [INFO] [182/1000] train: Loss/train: 0.0274, Acc/train: 99.26%, lr: 0.000931
2026-01-30 11:57:59 [INFO] GPU Reserved: 14500.0MB, GPU Allocated: 108.3MB
2026-01-30 11:58:01 [INFO] [182/1000] val: Loss/val: 0.0215, Acc/val: 99.23%, F1/val: 90.57%, IoU/val: 82.77%, lr: 0.000931
2026-01-30 11:58:01 [INFO] [182/1000] 用时12.06秒。总用时:0.62小时。预计剩余时间:2.76小时
2026-01-30 11:58:11 [INFO] [183/1000] train: Loss/train: 0.0271, Acc/train: 99.27%, lr: 0.000930
2026-01-30 11:58:11 [INFO] GPU Reserved: 14500.0MB, GPU Allocated: 108.3MB
2026-01-30 11:58:14 [INFO] [183/1000] val: Loss/val: 0.0232, Acc/val: 99.18%, F1/val: 90.04%, IoU/val: 81.88%, lr: 0.000930
2026-01-30 11:58:14 [INFO] [183/1000] 用时12.14秒。总用时:0.62小时。预计剩余时间:2.76小时
2026-01-30 11:58:23 [INFO] [184/1000] train: Loss/train: 0.0290, Acc/train: 99.22%, lr: 0.000929
2026-01-30 11:58:23 [INFO] GPU Reserved: 14500.0MB, GPU Allocated: 108.3MB
2026-01-30 11:58:26 [INFO] [184/1000] val: Loss/val: 0.0227, Acc/val: 99.18%, F1/val: 90.13%, IoU/val: 82.04%, lr: 0.000929
2026-01-30 11:58:26 [INFO] [184/1000] 用时12.26秒。总用时:0.62小时。预计剩余时间:2.76小时
2026-01-30 11:58:35 [INFO] [185/1000] train: Loss/train: 0.0271, Acc/train: 99.27%, lr: 0.000928
2026-01-30 11:58:35 [INFO] GPU Reserved: 14500.0MB, GPU Allocated: 108.3MB
2026-01-30 11:58:38 [INFO] [185/1000] val: Loss/val: 0.0228, Acc/val: 99.18%, F1/val: 90.14%, IoU/val: 82.05%, lr: 0.000928
2026-01-30 11:58:38 [INFO] [185/1000] 用时12.08秒。总用时:0.63小时。预计剩余时间:2.75小时
2026-01-30 11:58:47 [INFO] [186/1000] train: Loss/train: 0.0273, Acc/train: 99.25%, lr: 0.000927
2026-01-30 11:58:47 [INFO] GPU Reserved: 14500.0MB, GPU Allocated: 108.3MB
2026-01-30 11:58:50 [INFO] [186/1000] val: Loss/val: 0.0221, Acc/val: 99.23%, F1/val: 90.77%, IoU/val: 83.10%, lr: 0.000927
2026-01-30 11:58:50 [INFO] [186/1000] 用时12.07秒。总用时:0.63小时。预计剩余时间:2.75小时
2026-01-30 11:59:00 [INFO] [187/1000] train: Loss/train: 0.0275, Acc/train: 99.26%, lr: 0.000927
2026-01-30 11:59:00 [INFO] GPU Reserved: 14500.0MB, GPU Allocated: 108.3MB
2026-01-30 11:59:02 [INFO] [187/1000] val: Loss/val: 0.0216, Acc/val: 99.22%, F1/val: 90.51%, IoU/val: 82.67%, lr: 0.000927
2026-01-30 11:59:02 [INFO] [187/1000] 用时12.39秒。总用时:0.63小时。预计剩余时间:2.75小时
2026-01-30 11:59:11 [INFO] [188/1000] train: Loss/train: 0.0263, Acc/train: 99.29%, lr: 0.000926
2026-01-30 11:59:11 [INFO] GPU Reserved: 14500.0MB, GPU Allocated: 108.3MB
2026-01-30 11:59:14 [INFO] [188/1000] val: Loss/val: 0.0209, Acc/val: 99.25%, F1/val: 90.94%, IoU/val: 83.38%, lr: 0.000926
2026-01-30 11:59:14 [INFO] [188/1000] 用时11.95秒。总用时:0.64小时。预计剩余时间:2.74小时
2026-01-30 11:59:23 [INFO] [189/1000] train: Loss/train: 0.0257, Acc/train: 99.30%, lr: 0.000925
2026-01-30 11:59:23 [INFO] GPU Reserved: 14500.0MB, GPU Allocated: 108.3MB
2026-01-30 11:59:26 [INFO] [189/1000] val: Loss/val: 0.0214, Acc/val: 99.24%, F1/val: 90.63%, IoU/val: 82.87%, lr: 0.000925
2026-01-30 11:59:26 [INFO] [189/1000] 用时11.96秒。总用时:0.64小时。预计剩余时间:2.74小时
2026-01-30 11:59:36 [INFO] [190/1000] train: Loss/train: 0.0281, Acc/train: 99.25%, lr: 0.000924
2026-01-30 11:59:36 [INFO] GPU Reserved: 14500.0MB, GPU Allocated: 108.3MB
2026-01-30 11:59:38 [INFO] [190/1000] val: Loss/val: 0.0263, Acc/val: 99.11%, F1/val: 89.67%, IoU/val: 81.28%, lr: 0.000924
2026-01-30 11:59:38 [INFO] [190/1000] 用时12.12秒。总用时:0.64小时。预计剩余时间:2.74小时
2026-01-30 11:59:48 [INFO] [191/1000] train: Loss/train: 0.0287, Acc/train: 99.22%, lr: 0.000923
2026-01-30 11:59:48 [INFO] GPU Reserved: 14500.0MB, GPU Allocated: 108.3MB
2026-01-30 11:59:50 [INFO] [191/1000] val: Loss/val: 0.0206, Acc/val: 99.25%, F1/val: 91.02%, IoU/val: 83.52%, lr: 0.000923
2026-01-30 11:59:50 [INFO] [191/1000] 用时12.00秒。总用时:0.65小时。预计剩余时间:2.73小时
2026-01-30 12:00:00 [INFO] [192/1000] train: Loss/train: 0.0258, Acc/train: 99.29%, lr: 0.000922
2026-01-30 12:00:00 [INFO] GPU Reserved: 14500.0MB, GPU Allocated: 108.3MB
2026-01-30 12:00:03 [INFO] [192/1000] val: Loss/val: 0.0228, Acc/val: 99.21%, F1/val: 90.40%, IoU/val: 82.48%, lr: 0.000922
2026-01-30 12:00:03 [INFO] [192/1000] 用时12.35秒。总用时:0.65小时。预计剩余时间:2.73小时
2026-01-30 12:00:12 [INFO] [193/1000] train: Loss/train: 0.0266, Acc/train: 99.27%, lr: 0.000922
2026-01-30 12:00:12 [INFO] GPU Reserved: 14500.0MB, GPU Allocated: 108.3MB
2026-01-30 12:00:15 [INFO] [193/1000] val: Loss/val: 0.0223, Acc/val: 99.22%, F1/val: 90.63%, IoU/val: 82.87%, lr: 0.000922
2026-01-30 12:00:15 [INFO] [193/1000] 用时12.30秒。总用时:0.65小时。预计剩余时间:2.73小时
2026-01-30 12:00:24 [INFO] [194/1000] train: Loss/train: 0.0258, Acc/train: 99.31%, lr: 0.000921
2026-01-30 12:00:24 [INFO] GPU Reserved: 14500.0MB, GPU Allocated: 108.3MB
2026-01-30 12:00:27 [INFO] [194/1000] val: Loss/val: 0.0215, Acc/val: 99.24%, F1/val: 90.56%, IoU/val: 82.75%, lr: 0.000921
2026-01-30 12:00:27 [INFO] [194/1000] 用时12.25秒。总用时:0.66小时。预计剩余时间:2.72小时
2026-01-30 12:00:37 [INFO] [195/1000] train: Loss/train: 0.0274, Acc/train: 99.26%, lr: 0.000920
2026-01-30 12:00:37 [INFO] GPU Reserved: 14500.0MB, GPU Allocated: 108.3MB
2026-01-30 12:00:40 [INFO] [195/1000] val: Loss/val: 0.0212, Acc/val: 99.24%, F1/val: 90.76%, IoU/val: 83.08%, lr: 0.000920
2026-01-30 12:00:40 [INFO] [195/1000] 用时12.30秒。总用时:0.66小时。预计剩余时间:2.72小时
2026-01-30 12:00:49 [INFO] [196/1000] train: Loss/train: 0.0243, Acc/train: 99.34%, lr: 0.000919
2026-01-30 12:00:49 [INFO] GPU Reserved: 14500.0MB, GPU Allocated: 108.3MB
2026-01-30 12:00:52 [INFO] [196/1000] val: Loss/val: 0.0219, Acc/val: 99.24%, F1/val: 90.75%, IoU/val: 83.07%, lr: 0.000919
2026-01-30 12:00:52 [INFO] [196/1000] 用时12.20秒。总用时:0.66小时。预计剩余时间:2.72小时
2026-01-30 12:01:01 [INFO] [197/1000] train: Loss/train: 0.0260, Acc/train: 99.29%, lr: 0.000918
2026-01-30 12:01:01 [INFO] GPU Reserved: 14500.0MB, GPU Allocated: 108.3MB
2026-01-30 12:01:04 [INFO] [197/1000] val: Loss/val: 0.0212, Acc/val: 99.26%, F1/val: 91.04%, IoU/val: 83.55%, lr: 0.000918
2026-01-30 12:01:04 [INFO] [197/1000] 用时12.33秒。总用时:0.67小时。预计剩余时间:2.71小时
2026-01-30 12:01:14 [INFO] [198/1000] train: Loss/train: 0.0259, Acc/train: 99.28%, lr: 0.000917
2026-01-30 12:01:14 [INFO] GPU Reserved: 14500.0MB, GPU Allocated: 108.3MB
2026-01-30 12:01:16 [INFO] [198/1000] val: Loss/val: 0.0221, Acc/val: 99.21%, F1/val: 90.37%, IoU/val: 82.43%, lr: 0.000917
2026-01-30 12:01:16 [INFO] [198/1000] 用时12.30秒。总用时:0.67小时。预计剩余时间:2.71小时
2026-01-30 12:01:26 [INFO] [199/1000] train: Loss/train: 0.0249, Acc/train: 99.32%, lr: 0.000916
2026-01-30 12:01:26 [INFO] GPU Reserved: 14500.0MB, GPU Allocated: 108.3MB
2026-01-30 12:01:28 [INFO] [199/1000] val: Loss/val: 0.0209, Acc/val: 99.25%, F1/val: 90.95%, IoU/val: 83.40%, lr: 0.000916
2026-01-30 12:01:28 [INFO] [199/1000] 用时11.89秒。总用时:0.67小时。预计剩余时间:2.71小时
2026-01-30 12:01:38 [INFO] [200/1000] train: Loss/train: 0.0250, Acc/train: 99.33%, lr: 0.000915
2026-01-30 12:01:38 [INFO] GPU Reserved: 14500.0MB, GPU Allocated: 108.3MB
2026-01-30 12:01:40 [INFO] [200/1000] val: Loss/val: 0.0219, Acc/val: 99.23%, F1/val: 90.79%, IoU/val: 83.13%, lr: 0.000915
2026-01-30 12:01:40 [INFO] [200/1000] 用时12.13秒。总用时:0.68小时。预计剩余时间:2.70小时
2026-01-30 12:01:50 [INFO] [201/1000] train: Loss/train: 0.0262, Acc/train: 99.28%, lr: 0.000915
2026-01-30 12:01:50 [INFO] GPU Reserved: 14500.0MB, GPU Allocated: 108.3MB
2026-01-30 12:01:53 [INFO] [201/1000] val: Loss/val: 0.0211, Acc/val: 99.25%, F1/val: 90.89%, IoU/val: 83.30%, lr: 0.000915
2026-01-30 12:01:53 [INFO] [201/1000] 用时12.31秒。总用时:0.68小时。预计剩余时间:2.70小时
2026-01-30 12:02:02 [INFO] [202/1000] train: Loss/train: 0.0265, Acc/train: 99.28%, lr: 0.000914
2026-01-30 12:02:02 [INFO] GPU Reserved: 14500.0MB, GPU Allocated: 108.3MB
2026-01-30 12:02:05 [INFO] [202/1000] val: Loss/val: 0.0195, Acc/val: 99.27%, F1/val: 91.20%, IoU/val: 83.83%, lr: 0.000914
2026-01-30 12:02:05 [INFO] [202/1000] 用时12.17秒。总用时:0.68小时。预计剩余时间:2.70小时
2026-01-30 12:02:14 [INFO] [203/1000] train: Loss/train: 0.0260, Acc/train: 99.29%, lr: 0.000913
2026-01-30 12:02:14 [INFO] GPU Reserved: 14500.0MB, GPU Allocated: 108.3MB
2026-01-30 12:02:17 [INFO] [203/1000] val: Loss/val: 0.0206, Acc/val: 99.26%, F1/val: 91.03%, IoU/val: 83.54%, lr: 0.000913
2026-01-30 12:02:17 [INFO] [203/1000] 用时12.13秒。总用时:0.69小时。预计剩余时间:2.69小时
2026-01-30 12:02:26 [INFO] [204/1000] train: Loss/train: 0.0254, Acc/train: 99.30%, lr: 0.000912
2026-01-30 12:02:26 [INFO] GPU Reserved: 14500.0MB, GPU Allocated: 108.3MB
2026-01-30 12:02:29 [INFO] [204/1000] val: Loss/val: 0.0208, Acc/val: 99.25%, F1/val: 90.87%, IoU/val: 83.27%, lr: 0.000912
2026-01-30 12:02:29 [INFO] [204/1000] 用时11.91秒。总用时:0.69小时。预计剩余时间:2.69小时
2026-01-30 12:02:38 [INFO] [205/1000] train: Loss/train: 0.0252, Acc/train: 99.31%, lr: 0.000911
2026-01-30 12:02:38 [INFO] GPU Reserved: 14500.0MB, GPU Allocated: 108.3MB
2026-01-30 12:02:41 [INFO] [205/1000] val: Loss/val: 0.0238, Acc/val: 99.17%, F1/val: 89.85%, IoU/val: 81.57%, lr: 0.000911
2026-01-30 12:02:41 [INFO] [205/1000] 用时12.32秒。总用时:0.69小时。预计剩余时间:2.69小时
2026-01-30 12:02:51 [INFO] [206/1000] train: Loss/train: 0.0252, Acc/train: 99.31%, lr: 0.000910
2026-01-30 12:02:51 [INFO] GPU Reserved: 14500.0MB, GPU Allocated: 108.3MB
2026-01-30 12:02:54 [INFO] [206/1000] val: Loss/val: 0.0215, Acc/val: 99.23%, F1/val: 90.72%, IoU/val: 83.02%, lr: 0.000910
2026-01-30 12:02:54 [INFO] [206/1000] 用时12.23秒。总用时:0.70小时。预计剩余时间:2.68小时
2026-01-30 12:03:03 [INFO] [207/1000] train: Loss/train: 0.0260, Acc/train: 99.28%, lr: 0.000909
2026-01-30 12:03:03 [INFO] GPU Reserved: 14500.0MB, GPU Allocated: 108.3MB
2026-01-30 12:03:06 [INFO] [207/1000] val: Loss/val: 0.0208, Acc/val: 99.25%, F1/val: 91.05%, IoU/val: 83.56%, lr: 0.000909
2026-01-30 12:03:06 [INFO] [207/1000] 用时12.32秒。总用时:0.70小时。预计剩余时间:2.68小时
2026-01-30 12:03:15 [INFO] [208/1000] train: Loss/train: 0.0255, Acc/train: 99.30%, lr: 0.000908
2026-01-30 12:03:15 [INFO] GPU Reserved: 14500.0MB, GPU Allocated: 108.3MB
2026-01-30 12:03:18 [INFO] [208/1000] val: Loss/val: 0.0204, Acc/val: 99.25%, F1/val: 90.88%, IoU/val: 83.29%, lr: 0.000908
2026-01-30 12:03:18 [INFO] [208/1000] 用时12.03秒。总用时:0.70小时。预计剩余时间:2.68小时
2026-01-30 12:03:27 [INFO] [209/1000] train: Loss/train: 0.0249, Acc/train: 99.30%, lr: 0.000907
2026-01-30 12:03:27 [INFO] GPU Reserved: 14500.0MB, GPU Allocated: 108.3MB
2026-01-30 12:03:30 [INFO] [209/1000] val: Loss/val: 0.0208, Acc/val: 99.26%, F1/val: 91.01%, IoU/val: 83.50%, lr: 0.000907
2026-01-30 12:03:30 [INFO] [209/1000] 用时12.22秒。总用时:0.71小时。预计剩余时间:2.67小时
2026-01-30 12:03:39 [INFO] [210/1000] train: Loss/train: 0.0268, Acc/train: 99.26%, lr: 0.000906
2026-01-30 12:03:39 [INFO] GPU Reserved: 14500.0MB, GPU Allocated: 108.3MB
2026-01-30 12:03:42 [INFO] [210/1000] val: Loss/val: 0.0204, Acc/val: 99.26%, F1/val: 91.04%, IoU/val: 83.55%, lr: 0.000906
2026-01-30 12:03:42 [INFO] [210/1000] 用时11.82秒。总用时:0.71小时。预计剩余时间:2.67小时
2026-01-30 12:03:51 [INFO] [211/1000] train: Loss/train: 0.0260, Acc/train: 99.28%, lr: 0.000905
2026-01-30 12:03:51 [INFO] GPU Reserved: 14500.0MB, GPU Allocated: 108.3MB
2026-01-30 12:03:54 [INFO] [211/1000] val: Loss/val: 0.0214, Acc/val: 99.24%, F1/val: 90.74%, IoU/val: 83.05%, lr: 0.000905
2026-01-30 12:03:54 [INFO] [211/1000] 用时12.13秒。总用时:0.71小时。预计剩余时间:2.67小时
2026-01-30 12:04:03 [INFO] [212/1000] train: Loss/train: 0.0250, Acc/train: 99.31%, lr: 0.000905
2026-01-30 12:04:03 [INFO] GPU Reserved: 14500.0MB, GPU Allocated: 108.3MB
2026-01-30 12:04:06 [INFO] [212/1000] val: Loss/val: 0.0210, Acc/val: 99.25%, F1/val: 90.82%, IoU/val: 83.19%, lr: 0.000905
2026-01-30 12:04:06 [INFO] [212/1000] 用时12.28秒。总用时:0.72小时。预计剩余时间:2.66小时
2026-01-30 12:04:16 [INFO] [213/1000] train: Loss/train: 0.0255, Acc/train: 99.29%, lr: 0.000904
2026-01-30 12:04:16 [INFO] GPU Reserved: 14500.0MB, GPU Allocated: 108.3MB
2026-01-30 12:04:18 [INFO] [213/1000] val: Loss/val: 0.0208, Acc/val: 99.25%, F1/val: 90.88%, IoU/val: 83.28%, lr: 0.000904
2026-01-30 12:04:18 [INFO] [213/1000] 用时11.99秒。总用时:0.72小时。预计剩余时间:2.66小时
2026-01-30 12:04:27 [INFO] [214/1000] train: Loss/train: 0.0256, Acc/train: 99.30%, lr: 0.000903
2026-01-30 12:04:27 [INFO] GPU Reserved: 14500.0MB, GPU Allocated: 108.3MB
2026-01-30 12:04:30 [INFO] [214/1000] val: Loss/val: 0.0215, Acc/val: 99.25%, F1/val: 91.03%, IoU/val: 83.54%, lr: 0.000903
2026-01-30 12:04:30 [INFO] [214/1000] 用时11.93秒。总用时:0.72小时。预计剩余时间:2.66小时
2026-01-30 12:04:40 [INFO] [215/1000] train: Loss/train: 0.0240, Acc/train: 99.34%, lr: 0.000902
2026-01-30 12:04:40 [INFO] GPU Reserved: 14500.0MB, GPU Allocated: 108.3MB
2026-01-30 12:04:42 [INFO] [215/1000] val: Loss/val: 0.0214, Acc/val: 99.25%, F1/val: 90.94%, IoU/val: 83.38%, lr: 0.000902
2026-01-30 12:04:43 [INFO] [215/1000] 用时12.25秒。总用时:0.73小时。预计剩余时间:2.65小时
2026-01-30 12:04:52 [INFO] [216/1000] train: Loss/train: 0.0258, Acc/train: 99.29%, lr: 0.000901
2026-01-30 12:04:52 [INFO] GPU Reserved: 14500.0MB, GPU Allocated: 108.3MB
2026-01-30 12:04:55 [INFO] [216/1000] val: Loss/val: 0.0217, Acc/val: 99.23%, F1/val: 90.81%, IoU/val: 83.17%, lr: 0.000901
2026-01-30 12:04:55 [INFO] [216/1000] 用时12.29秒。总用时:0.73小时。预计剩余时间:2.65小时
2026-01-30 12:05:04 [INFO] [217/1000] train: Loss/train: 0.0256, Acc/train: 99.30%, lr: 0.000900
2026-01-30 12:05:04 [INFO] GPU Reserved: 14500.0MB, GPU Allocated: 108.3MB
2026-01-30 12:05:07 [INFO] [217/1000] val: Loss/val: 0.0229, Acc/val: 99.20%, F1/val: 90.42%, IoU/val: 82.52%, lr: 0.000900
2026-01-30 12:05:07 [INFO] [217/1000] 用时12.22秒。总用时:0.73小时。预计剩余时间:2.65小时
2026-01-30 12:05:16 [INFO] [218/1000] train: Loss/train: 0.0266, Acc/train: 99.27%, lr: 0.000899
2026-01-30 12:05:16 [INFO] GPU Reserved: 14500.0MB, GPU Allocated: 108.3MB
2026-01-30 12:05:19 [INFO] [218/1000] val: Loss/val: 0.0218, Acc/val: 99.24%, F1/val: 90.76%, IoU/val: 83.09%, lr: 0.000899
2026-01-30 12:05:19 [INFO] [218/1000] 用时12.19秒。总用时:0.74小时。预计剩余时间:2.64小时
2026-01-30 12:05:29 [INFO] [219/1000] train: Loss/train: 0.0255, Acc/train: 99.30%, lr: 0.000898
2026-01-30 12:05:29 [INFO] GPU Reserved: 14500.0MB, GPU Allocated: 108.3MB
2026-01-30 12:05:31 [INFO] [219/1000] val: Loss/val: 0.0200, Acc/val: 99.27%, F1/val: 91.15%, IoU/val: 83.74%, lr: 0.000898
2026-01-30 12:05:31 [INFO] [219/1000] 用时12.20秒。总用时:0.74小时。预计剩余时间:2.64小时
2026-01-30 12:05:41 [INFO] [220/1000] train: Loss/train: 0.0255, Acc/train: 99.29%, lr: 0.000897
2026-01-30 12:05:41 [INFO] GPU Reserved: 14500.0MB, GPU Allocated: 108.3MB
2026-01-30 12:05:43 [INFO] [220/1000] val: Loss/val: 0.0224, Acc/val: 99.24%, F1/val: 90.82%, IoU/val: 83.18%, lr: 0.000897
2026-01-30 12:05:43 [INFO] [220/1000] 用时12.00秒。总用时:0.74小时。预计剩余时间:2.64小时
2026-01-30 12:05:52 [INFO] [221/1000] train: Loss/train: 0.0265, Acc/train: 99.26%, lr: 0.000896
2026-01-30 12:05:52 [INFO] GPU Reserved: 14500.0MB, GPU Allocated: 108.3MB
2026-01-30 12:05:55 [INFO] [221/1000] val: Loss/val: 0.0235, Acc/val: 99.17%, F1/val: 89.94%, IoU/val: 81.71%, lr: 0.000896
2026-01-30 12:05:55 [INFO] [221/1000] 用时11.99秒。总用时:0.75小时。预计剩余时间:2.63小时
2026-01-30 12:06:05 [INFO] [222/1000] train: Loss/train: 0.0256, Acc/train: 99.29%, lr: 0.000895
2026-01-30 12:06:05 [INFO] GPU Reserved: 14500.0MB, GPU Allocated: 108.3MB
2026-01-30 12:06:08 [INFO] [222/1000] val: Loss/val: 0.0202, Acc/val: 99.27%, F1/val: 91.04%, IoU/val: 83.56%, lr: 0.000895
2026-01-30 12:06:08 [INFO] [222/1000] 用时12.22秒。总用时:0.75小时。预计剩余时间:2.63小时
2026-01-30 12:06:17 [INFO] [223/1000] train: Loss/train: 0.0256, Acc/train: 99.30%, lr: 0.000894
2026-01-30 12:06:17 [INFO] GPU Reserved: 14500.0MB, GPU Allocated: 108.3MB
2026-01-30 12:06:20 [INFO] [223/1000] val: Loss/val: 0.0200, Acc/val: 99.25%, F1/val: 90.87%, IoU/val: 83.27%, lr: 0.000894
2026-01-30 12:06:20 [INFO] [223/1000] 用时12.04秒。总用时:0.75小时。预计剩余时间:2.63小时
2026-01-30 12:06:29 [INFO] [224/1000] train: Loss/train: 0.0268, Acc/train: 99.25%, lr: 0.000893
2026-01-30 12:06:29 [INFO] GPU Reserved: 14500.0MB, GPU Allocated: 108.3MB
2026-01-30 12:06:32 [INFO] [224/1000] val: Loss/val: 0.0212, Acc/val: 99.24%, F1/val: 90.58%, IoU/val: 82.78%, lr: 0.000893
2026-01-30 12:06:32 [INFO] [224/1000] 用时12.18秒。总用时:0.76小时。预计剩余时间:2.62小时
2026-01-30 12:06:41 [INFO] [225/1000] train: Loss/train: 0.0249, Acc/train: 99.31%, lr: 0.000892
2026-01-30 12:06:41 [INFO] GPU Reserved: 14500.0MB, GPU Allocated: 108.3MB
2026-01-30 12:06:44 [INFO] [225/1000] val: Loss/val: 0.0214, Acc/val: 99.25%, F1/val: 91.01%, IoU/val: 83.50%, lr: 0.000892
2026-01-30 12:06:44 [INFO] [225/1000] 用时12.19秒。总用时:0.76小时。预计剩余时间:2.62小时
2026-01-30 12:06:53 [INFO] [226/1000] train: Loss/train: 0.0251, Acc/train: 99.31%, lr: 0.000891
2026-01-30 12:06:53 [INFO] GPU Reserved: 14500.0MB, GPU Allocated: 108.3MB
2026-01-30 12:06:56 [INFO] [226/1000] val: Loss/val: 0.0208, Acc/val: 99.24%, F1/val: 90.58%, IoU/val: 82.79%, lr: 0.000891
2026-01-30 12:06:56 [INFO] [226/1000] 用时12.04秒。总用时:0.76小时。预计剩余时间:2.62小时
2026-01-30 12:07:05 [INFO] [227/1000] train: Loss/train: 0.0252, Acc/train: 99.30%, lr: 0.000890
2026-01-30 12:07:05 [INFO] GPU Reserved: 14500.0MB, GPU Allocated: 108.3MB
2026-01-30 12:07:08 [INFO] [227/1000] val: Loss/val: 0.0203, Acc/val: 99.27%, F1/val: 91.28%, IoU/val: 83.96%, lr: 0.000890
2026-01-30 12:07:08 [INFO] [227/1000] 用时11.81秒。总用时:0.77小时。预计剩余时间:2.61小时
2026-01-30 12:07:17 [INFO] [228/1000] train: Loss/train: 0.0251, Acc/train: 99.31%, lr: 0.000889
2026-01-30 12:07:17 [INFO] GPU Reserved: 14500.0MB, GPU Allocated: 108.3MB
2026-01-30 12:07:20 [INFO] [228/1000] val: Loss/val: 0.0210, Acc/val: 99.25%, F1/val: 90.96%, IoU/val: 83.42%, lr: 0.000889
2026-01-30 12:07:20 [INFO] [228/1000] 用时11.94秒。总用时:0.77小时。预计剩余时间:2.61小时
2026-01-30 12:07:29 [INFO] [229/1000] train: Loss/train: 0.0245, Acc/train: 99.32%, lr: 0.000888
2026-01-30 12:07:29 [INFO] GPU Reserved: 14500.0MB, GPU Allocated: 108.3MB
2026-01-30 12:07:32 [INFO] [229/1000] val: Loss/val: 0.0203, Acc/val: 99.27%, F1/val: 91.07%, IoU/val: 83.60%, lr: 0.000888
2026-01-30 12:07:32 [INFO] [229/1000] 用时11.97秒。总用时:0.77小时。预计剩余时间:2.60小时
2026-01-30 12:07:41 [INFO] [230/1000] train: Loss/train: 0.0250, Acc/train: 99.30%, lr: 0.000887
2026-01-30 12:07:41 [INFO] GPU Reserved: 14500.0MB, GPU Allocated: 108.3MB
2026-01-30 12:07:44 [INFO] [230/1000] val: Loss/val: 0.0207, Acc/val: 99.27%, F1/val: 91.25%, IoU/val: 83.92%, lr: 0.000887
2026-01-30 12:07:44 [INFO] [230/1000] 用时12.06秒。总用时:0.78小时。预计剩余时间:2.60小时
2026-01-30 12:07:53 [INFO] [231/1000] train: Loss/train: 0.0254, Acc/train: 99.29%, lr: 0.000886
2026-01-30 12:07:53 [INFO] GPU Reserved: 14500.0MB, GPU Allocated: 108.3MB
2026-01-30 12:07:56 [INFO] [231/1000] val: Loss/val: 0.0209, Acc/val: 99.23%, F1/val: 90.56%, IoU/val: 82.75%, lr: 0.000886
2026-01-30 12:07:56 [INFO] [231/1000] 用时11.96秒。总用时:0.78小时。预计剩余时间:2.60小时
2026-01-30 12:08:05 [INFO] [232/1000] train: Loss/train: 0.0240, Acc/train: 99.33%, lr: 0.000885
2026-01-30 12:08:05 [INFO] GPU Reserved: 14500.0MB, GPU Allocated: 108.3MB
2026-01-30 12:08:08 [INFO] [232/1000] val: Loss/val: 0.0222, Acc/val: 99.21%, F1/val: 90.30%, IoU/val: 82.31%, lr: 0.000885
2026-01-30 12:08:08 [INFO] [232/1000] 用时12.31秒。总用时:0.78小时。预计剩余时间:2.59小时
2026-01-30 12:08:17 [INFO] [233/1000] train: Loss/train: 0.0242, Acc/train: 99.32%, lr: 0.000884
2026-01-30 12:08:17 [INFO] GPU Reserved: 14500.0MB, GPU Allocated: 108.3MB
2026-01-30 12:08:20 [INFO] [233/1000] val: Loss/val: 0.0218, Acc/val: 99.22%, F1/val: 90.51%, IoU/val: 82.66%, lr: 0.000884
2026-01-30 12:08:20 [INFO] [233/1000] 用时11.93秒。总用时:0.79小时。预计剩余时间:2.59小时
2026-01-30 12:08:29 [INFO] [234/1000] train: Loss/train: 0.0238, Acc/train: 99.33%, lr: 0.000883
2026-01-30 12:08:29 [INFO] GPU Reserved: 14500.0MB, GPU Allocated: 108.3MB
2026-01-30 12:08:32 [INFO] [234/1000] val: Loss/val: 0.0219, Acc/val: 99.22%, F1/val: 90.41%, IoU/val: 82.50%, lr: 0.000883
2026-01-30 12:08:32 [INFO] [234/1000] 用时12.18秒。总用时:0.79小时。预计剩余时间:2.59小时
2026-01-30 12:08:42 [INFO] [235/1000] train: Loss/train: 0.0233, Acc/train: 99.35%, lr: 0.000882
2026-01-30 12:08:42 [INFO] GPU Reserved: 14500.0MB, GPU Allocated: 108.3MB
2026-01-30 12:08:44 [INFO] [235/1000] val: Loss/val: 0.0215, Acc/val: 99.23%, F1/val: 90.59%, IoU/val: 82.80%, lr: 0.000882
2026-01-30 12:08:44 [INFO] [235/1000] 用时12.25秒。总用时:0.79小时。预计剩余时间:2.58小时
2026-01-30 12:08:54 [INFO] [236/1000] train: Loss/train: 0.0242, Acc/train: 99.33%, lr: 0.000881
2026-01-30 12:08:54 [INFO] GPU Reserved: 14500.0MB, GPU Allocated: 108.3MB
2026-01-30 12:08:57 [INFO] [236/1000] val: Loss/val: 0.0213, Acc/val: 99.24%, F1/val: 90.90%, IoU/val: 83.31%, lr: 0.000881
2026-01-30 12:08:57 [INFO] [236/1000] 用时12.29秒。总用时:0.80小时。预计剩余时间:2.58小时
2026-01-30 12:09:06 [INFO] [237/1000] train: Loss/train: 0.0250, Acc/train: 99.31%, lr: 0.000880
2026-01-30 12:09:06 [INFO] GPU Reserved: 14500.0MB, GPU Allocated: 108.3MB
2026-01-30 12:09:09 [INFO] [237/1000] val: Loss/val: 0.0234, Acc/val: 99.19%, F1/val: 90.11%, IoU/val: 82.00%, lr: 0.000880
2026-01-30 12:09:09 [INFO] [237/1000] 用时12.23秒。总用时:0.80小时。预计剩余时间:2.58小时
2026-01-30 12:09:18 [INFO] [238/1000] train: Loss/train: 0.0236, Acc/train: 99.34%, lr: 0.000879
2026-01-30 12:09:18 [INFO] GPU Reserved: 14500.0MB, GPU Allocated: 108.3MB
2026-01-30 12:09:21 [INFO] [238/1000] val: Loss/val: 0.0224, Acc/val: 99.23%, F1/val: 90.59%, IoU/val: 82.80%, lr: 0.000879
2026-01-30 12:09:21 [INFO] [238/1000] 用时12.27秒。总用时:0.80小时。预计剩余时间:2.57小时
2026-01-30 12:09:31 [INFO] [239/1000] train: Loss/train: 0.0265, Acc/train: 99.26%, lr: 0.000878
2026-01-30 12:09:31 [INFO] GPU Reserved: 14500.0MB, GPU Allocated: 108.3MB
2026-01-30 12:09:33 [INFO] [239/1000] val: Loss/val: 0.0219, Acc/val: 99.21%, F1/val: 90.49%, IoU/val: 82.63%, lr: 0.000878
2026-01-30 12:09:33 [INFO] [239/1000] 用时12.18秒。总用时:0.81小时。预计剩余时间:2.57小时
2026-01-30 12:09:43 [INFO] [240/1000] train: Loss/train: 0.0252, Acc/train: 99.30%, lr: 0.000877
2026-01-30 12:09:43 [INFO] GPU Reserved: 14500.0MB, GPU Allocated: 108.3MB
2026-01-30 12:09:46 [INFO] [240/1000] val: Loss/val: 0.0213, Acc/val: 99.24%, F1/val: 90.89%, IoU/val: 83.30%, lr: 0.000877
2026-01-30 12:09:46 [INFO] [240/1000] 用时12.19秒。总用时:0.81小时。预计剩余时间:2.57小时
2026-01-30 12:09:55 [INFO] [241/1000] train: Loss/train: 0.0238, Acc/train: 99.34%, lr: 0.000876
2026-01-30 12:09:55 [INFO] GPU Reserved: 14500.0MB, GPU Allocated: 108.3MB
2026-01-30 12:09:58 [INFO] [241/1000] val: Loss/val: 0.0205, Acc/val: 99.26%, F1/val: 90.95%, IoU/val: 83.40%, lr: 0.000876
2026-01-30 12:09:58 [INFO] [241/1000] 用时12.27秒。总用时:0.81小时。预计剩余时间:2.56小时
2026-01-30 12:10:07 [INFO] [242/1000] train: Loss/train: 0.0258, Acc/train: 99.29%, lr: 0.000875
2026-01-30 12:10:07 [INFO] GPU Reserved: 14500.0MB, GPU Allocated: 108.3MB
2026-01-30 12:10:10 [INFO] [242/1000] val: Loss/val: 0.0235, Acc/val: 99.19%, F1/val: 90.08%, IoU/val: 81.96%, lr: 0.000875
2026-01-30 12:10:10 [INFO] [242/1000] 用时12.20秒。总用时:0.82小时。预计剩余时间:2.56小时
2026-01-30 12:10:19 [INFO] [243/1000] train: Loss/train: 0.0285, Acc/train: 99.22%, lr: 0.000874
2026-01-30 12:10:19 [INFO] GPU Reserved: 14500.0MB, GPU Allocated: 108.3MB
2026-01-30 12:10:22 [INFO] [243/1000] val: Loss/val: 0.0274, Acc/val: 99.13%, F1/val: 89.79%, IoU/val: 81.47%, lr: 0.000874
2026-01-30 12:10:22 [INFO] [243/1000] 用时12.14秒。总用时:0.82小时。预计剩余时间:2.56小时
2026-01-30 12:10:32 [INFO] [244/1000] train: Loss/train: 0.0301, Acc/train: 99.16%, lr: 0.000872
2026-01-30 12:10:32 [INFO] GPU Reserved: 14500.0MB, GPU Allocated: 108.3MB
2026-01-30 12:10:35 [INFO] [244/1000] val: Loss/val: 0.0260, Acc/val: 99.12%, F1/val: 89.53%, IoU/val: 81.05%, lr: 0.000872
2026-01-30 12:10:35 [INFO] [244/1000] 用时12.30秒。总用时:0.82小时。预计剩余时间:2.55小时
2026-01-30 12:10:44 [INFO] [245/1000] train: Loss/train: 0.0282, Acc/train: 99.22%, lr: 0.000871
2026-01-30 12:10:44 [INFO] GPU Reserved: 14500.0MB, GPU Allocated: 108.3MB
2026-01-30 12:10:47 [INFO] [245/1000] val: Loss/val: 0.0236, Acc/val: 99.15%, F1/val: 89.32%, IoU/val: 80.70%, lr: 0.000871
2026-01-30 12:10:47 [INFO] [245/1000] 用时12.26秒。总用时:0.83小时。预计剩余时间:2.55小时
2026-01-30 12:10:56 [INFO] [246/1000] train: Loss/train: 0.0263, Acc/train: 99.26%, lr: 0.000870
2026-01-30 12:10:56 [INFO] GPU Reserved: 14500.0MB, GPU Allocated: 108.3MB
2026-01-30 12:10:59 [INFO] [246/1000] val: Loss/val: 0.0209, Acc/val: 99.24%, F1/val: 90.63%, IoU/val: 82.87%, lr: 0.000870
2026-01-30 12:10:59 [INFO] [246/1000] 用时12.01秒。总用时:0.83小时。预计剩余时间:2.55小时
2026-01-30 12:11:08 [INFO] [247/1000] train: Loss/train: 0.0252, Acc/train: 99.30%, lr: 0.000869
2026-01-30 12:11:08 [INFO] GPU Reserved: 14500.0MB, GPU Allocated: 108.3MB
2026-01-30 12:11:11 [INFO] [247/1000] val: Loss/val: 0.0212, Acc/val: 99.25%, F1/val: 91.05%, IoU/val: 83.57%, lr: 0.000869
2026-01-30 12:11:11 [INFO] [247/1000] 用时12.23秒。总用时:0.83小时。预计剩余时间:2.54小时
2026-01-30 12:11:20 [INFO] [248/1000] train: Loss/train: 0.0244, Acc/train: 99.32%, lr: 0.000868
2026-01-30 12:11:20 [INFO] GPU Reserved: 14500.0MB, GPU Allocated: 108.3MB
2026-01-30 12:11:23 [INFO] [248/1000] val: Loss/val: 0.0212, Acc/val: 99.23%, F1/val: 90.67%, IoU/val: 82.94%, lr: 0.000868
2026-01-30 12:11:23 [INFO] [248/1000] 用时11.99秒。总用时:0.84小时。预计剩余时间:2.54小时
2026-01-30 12:11:32 [INFO] [249/1000] train: Loss/train: 0.0251, Acc/train: 99.31%, lr: 0.000867
2026-01-30 12:11:32 [INFO] GPU Reserved: 14500.0MB, GPU Allocated: 108.3MB
2026-01-30 12:11:35 [INFO] [249/1000] val: Loss/val: 0.0211, Acc/val: 99.24%, F1/val: 90.89%, IoU/val: 83.29%, lr: 0.000867
2026-01-30 12:11:35 [INFO] [249/1000] 用时11.99秒。总用时:0.84小时。预计剩余时间:2.54小时
2026-01-30 12:11:44 [INFO] [250/1000] train: Loss/train: 0.0239, Acc/train: 99.33%, lr: 0.000866
2026-01-30 12:11:44 [INFO] GPU Reserved: 14500.0MB, GPU Allocated: 108.3MB
2026-01-30 12:11:47 [INFO] [250/1000] val: Loss/val: 0.0206, Acc/val: 99.25%, F1/val: 91.04%, IoU/val: 83.55%, lr: 0.000866
2026-01-30 12:11:47 [INFO] [250/1000] 用时12.11秒。总用时:0.84小时。预计剩余时间:2.53小时
2026-01-30 12:11:57 [INFO] [251/1000] train: Loss/train: 0.0240, Acc/train: 99.32%, lr: 0.000865
2026-01-30 12:11:57 [INFO] GPU Reserved: 14500.0MB, GPU Allocated: 108.3MB
2026-01-30 12:11:59 [INFO] [251/1000] val: Loss/val: 0.0213, Acc/val: 99.24%, F1/val: 90.89%, IoU/val: 83.29%, lr: 0.000865
2026-01-30 12:11:59 [INFO] [251/1000] 用时12.38秒。总用时:0.85小时。预计剩余时间:2.53小时
2026-01-30 12:12:09 [INFO] [252/1000] train: Loss/train: 0.0246, Acc/train: 99.31%, lr: 0.000864
2026-01-30 12:12:09 [INFO] GPU Reserved: 14500.0MB, GPU Allocated: 108.3MB
2026-01-30 12:12:12 [INFO] [252/1000] val: Loss/val: 0.0211, Acc/val: 99.24%, F1/val: 90.82%, IoU/val: 83.18%, lr: 0.000864
2026-01-30 12:12:12 [INFO] [252/1000] 用时12.21秒。总用时:0.85小时。预计剩余时间:2.53小时
2026-01-30 12:12:21 [INFO] [253/1000] train: Loss/train: 0.0262, Acc/train: 99.27%, lr: 0.000863
2026-01-30 12:12:21 [INFO] GPU Reserved: 14500.0MB, GPU Allocated: 108.3MB
2026-01-30 12:12:24 [INFO] [253/1000] val: Loss/val: 0.0211, Acc/val: 99.24%, F1/val: 90.81%, IoU/val: 83.16%, lr: 0.000863
2026-01-30 12:12:24 [INFO] [253/1000] 用时12.10秒。总用时:0.85小时。预计剩余时间:2.52小时
2026-01-30 12:12:33 [INFO] [254/1000] train: Loss/train: 0.0244, Acc/train: 99.32%, lr: 0.000862
2026-01-30 12:12:33 [INFO] GPU Reserved: 14500.0MB, GPU Allocated: 108.3MB
2026-01-30 12:12:36 [INFO] [254/1000] val: Loss/val: 0.0211, Acc/val: 99.24%, F1/val: 90.92%, IoU/val: 83.35%, lr: 0.000862
2026-01-30 12:12:36 [INFO] [254/1000] 用时12.31秒。总用时:0.86小时。预计剩余时间:2.52小时
2026-01-30 12:12:45 [INFO] [255/1000] train: Loss/train: 0.0251, Acc/train: 99.30%, lr: 0.000861
2026-01-30 12:12:45 [INFO] GPU Reserved: 14500.0MB, GPU Allocated: 108.3MB
2026-01-30 12:12:48 [INFO] [255/1000] val: Loss/val: 0.0205, Acc/val: 99.24%, F1/val: 90.70%, IoU/val: 82.97%, lr: 0.000861
2026-01-30 12:12:48 [INFO] [255/1000] 用时12.16秒。总用时:0.86小时。预计剩余时间:2.52小时
2026-01-30 12:12:57 [INFO] [256/1000] train: Loss/train: 0.0253, Acc/train: 99.29%, lr: 0.000859
2026-01-30 12:12:57 [INFO] GPU Reserved: 14500.0MB, GPU Allocated: 108.3MB
2026-01-30 12:13:00 [INFO] [256/1000] val: Loss/val: 0.0215, Acc/val: 99.22%, F1/val: 90.40%, IoU/val: 82.48%, lr: 0.000859
2026-01-30 12:13:00 [INFO] [256/1000] 用时12.09秒。总用时:0.86小时。预计剩余时间:2.51小时
2026-01-30 12:13:10 [INFO] [257/1000] train: Loss/train: 0.0249, Acc/train: 99.29%, lr: 0.000858
2026-01-30 12:13:10 [INFO] GPU Reserved: 14500.0MB, GPU Allocated: 108.3MB
2026-01-30 12:13:13 [INFO] [257/1000] val: Loss/val: 0.0212, Acc/val: 99.25%, F1/val: 90.89%, IoU/val: 83.31%, lr: 0.000858
2026-01-30 12:13:13 [INFO] [257/1000] 用时12.23秒。总用时:0.87小时。预计剩余时间:2.51小时
2026-01-30 12:13:22 [INFO] [258/1000] train: Loss/train: 0.0228, Acc/train: 99.36%, lr: 0.000857
2026-01-30 12:13:22 [INFO] GPU Reserved: 14500.0MB, GPU Allocated: 108.3MB
2026-01-30 12:13:25 [INFO] [258/1000] val: Loss/val: 0.0209, Acc/val: 99.25%, F1/val: 90.90%, IoU/val: 83.32%, lr: 0.000857
2026-01-30 12:13:25 [INFO] [258/1000] 用时12.03秒。总用时:0.87小时。预计剩余时间:2.51小时
2026-01-30 12:13:34 [INFO] [259/1000] train: Loss/train: 0.0247, Acc/train: 99.30%, lr: 0.000856
2026-01-30 12:13:34 [INFO] GPU Reserved: 14500.0MB, GPU Allocated: 108.3MB
2026-01-30 12:13:37 [INFO] [259/1000] val: Loss/val: 0.0211, Acc/val: 99.22%, F1/val: 90.48%, IoU/val: 82.61%, lr: 0.000856
2026-01-30 12:13:37 [INFO] [259/1000] 用时12.05秒。总用时:0.87小时。预计剩余时间:2.50小时
2026-01-30 12:13:46 [INFO] [260/1000] train: Loss/train: 0.0237, Acc/train: 99.33%, lr: 0.000855
2026-01-30 12:13:46 [INFO] GPU Reserved: 14500.0MB, GPU Allocated: 108.3MB
2026-01-30 12:13:49 [INFO] [260/1000] val: Loss/val: 0.0214, Acc/val: 99.24%, F1/val: 90.52%, IoU/val: 82.68%, lr: 0.000855
2026-01-30 12:13:49 [INFO] [260/1000] 用时12.32秒。总用时:0.88小时。预计剩余时间:2.50小时
2026-01-30 12:13:58 [INFO] [261/1000] train: Loss/train: 0.0241, Acc/train: 99.32%, lr: 0.000854
2026-01-30 12:13:58 [INFO] GPU Reserved: 14500.0MB, GPU Allocated: 108.3MB
2026-01-30 12:14:01 [INFO] [261/1000] val: Loss/val: 0.0209, Acc/val: 99.25%, F1/val: 90.74%, IoU/val: 83.05%, lr: 0.000854
2026-01-30 12:14:01 [INFO] [261/1000] 用时12.20秒。总用时:0.88小时。预计剩余时间:2.50小时
2026-01-30 12:14:11 [INFO] [262/1000] train: Loss/train: 0.0228, Acc/train: 99.35%, lr: 0.000853
2026-01-30 12:14:11 [INFO] GPU Reserved: 14500.0MB, GPU Allocated: 108.3MB
2026-01-30 12:14:14 [INFO] [262/1000] val: Loss/val: 0.0210, Acc/val: 99.24%, F1/val: 90.78%, IoU/val: 83.12%, lr: 0.000853
2026-01-30 12:14:14 [INFO] [262/1000] 用时12.40秒。总用时:0.89小时。预计剩余时间:2.49小时
2026-01-30 12:14:23 [INFO] [263/1000] train: Loss/train: 0.0226, Acc/train: 99.36%, lr: 0.000852
2026-01-30 12:14:23 [INFO] GPU Reserved: 14500.0MB, GPU Allocated: 108.3MB
2026-01-30 12:14:26 [INFO] [263/1000] val: Loss/val: 0.0204, Acc/val: 99.26%, F1/val: 90.99%, IoU/val: 83.47%, lr: 0.000852
2026-01-30 12:14:26 [INFO] [263/1000] 用时12.24秒。总用时:0.89小时。预计剩余时间:2.49小时
2026-01-30 12:14:35 [INFO] [264/1000] train: Loss/train: 0.0259, Acc/train: 99.27%, lr: 0.000850
2026-01-30 12:14:35 [INFO] GPU Reserved: 14500.0MB, GPU Allocated: 108.3MB
2026-01-30 12:14:38 [INFO] [264/1000] val: Loss/val: 0.0206, Acc/val: 99.25%, F1/val: 90.84%, IoU/val: 83.22%, lr: 0.000850
2026-01-30 12:14:38 [INFO] [264/1000] 用时12.11秒。总用时:0.89小时。预计剩余时间:2.49小时
2026-01-30 12:14:47 [INFO] [265/1000] train: Loss/train: 0.0220, Acc/train: 99.38%, lr: 0.000849
2026-01-30 12:14:47 [INFO] GPU Reserved: 14500.0MB, GPU Allocated: 108.3MB
2026-01-30 12:14:50 [INFO] [265/1000] val: Loss/val: 0.0223, Acc/val: 99.23%, F1/val: 90.62%, IoU/val: 82.86%, lr: 0.000849
2026-01-30 12:14:50 [INFO] [265/1000] 用时12.15秒。总用时:0.90小时。预计剩余时间:2.48小时
2026-01-30 12:15:00 [INFO] [266/1000] train: Loss/train: 0.0236, Acc/train: 99.34%, lr: 0.000848
2026-01-30 12:15:00 [INFO] GPU Reserved: 14500.0MB, GPU Allocated: 108.3MB
2026-01-30 12:15:02 [INFO] [266/1000] val: Loss/val: 0.0214, Acc/val: 99.25%, F1/val: 91.10%, IoU/val: 83.65%, lr: 0.000848
2026-01-30 12:15:02 [INFO] [266/1000] 用时12.24秒。总用时:0.90小时。预计剩余时间:2.48小时
2026-01-30 12:15:11 [INFO] [267/1000] train: Loss/train: 0.0238, Acc/train: 99.33%, lr: 0.000847
2026-01-30 12:15:11 [INFO] GPU Reserved: 14500.0MB, GPU Allocated: 108.3MB
2026-01-30 12:15:14 [INFO] [267/1000] val: Loss/val: 0.0209, Acc/val: 99.26%, F1/val: 91.02%, IoU/val: 83.52%, lr: 0.000847
2026-01-30 12:15:14 [INFO] [267/1000] 用时11.81秒。总用时:0.90小时。预计剩余时间:2.48小时
2026-01-30 12:15:23 [INFO] [268/1000] train: Loss/train: 0.0366, Acc/train: 99.03%, lr: 0.000846
2026-01-30 12:15:23 [INFO] GPU Reserved: 14500.0MB, GPU Allocated: 108.3MB
2026-01-30 12:15:26 [INFO] [268/1000] val: Loss/val: 0.0343, Acc/val: 98.83%, F1/val: 86.47%, IoU/val: 76.17%, lr: 0.000846
2026-01-30 12:15:26 [INFO] [268/1000] 用时12.05秒。总用时:0.91小时。预计剩余时间:2.47小时
2026-01-30 12:15:35 [INFO] [269/1000] train: Loss/train: 0.0300, Acc/train: 99.18%, lr: 0.000845
2026-01-30 12:15:35 [INFO] GPU Reserved: 14500.0MB, GPU Allocated: 108.3MB
2026-01-30 12:15:38 [INFO] [269/1000] val: Loss/val: 0.0219, Acc/val: 99.20%, F1/val: 90.20%, IoU/val: 82.15%, lr: 0.000845
2026-01-30 12:15:38 [INFO] [269/1000] 用时12.12秒。总用时:0.91小时。预计剩余时间:2.47小时
2026-01-30 12:15:48 [INFO] [270/1000] train: Loss/train: 0.0269, Acc/train: 99.25%, lr: 0.000844
2026-01-30 12:15:48 [INFO] GPU Reserved: 14500.0MB, GPU Allocated: 108.3MB
2026-01-30 12:15:51 [INFO] [270/1000] val: Loss/val: 0.0219, Acc/val: 99.23%, F1/val: 90.53%, IoU/val: 82.70%, lr: 0.000844
2026-01-30 12:15:51 [INFO] [270/1000] 用时12.27秒。总用时:0.91小时。预计剩余时间:2.47小时
2026-01-30 12:16:00 [INFO] [271/1000] train: Loss/train: 0.0261, Acc/train: 99.28%, lr: 0.000842
2026-01-30 12:16:00 [INFO] GPU Reserved: 14500.0MB, GPU Allocated: 108.3MB
2026-01-30 12:16:03 [INFO] [271/1000] val: Loss/val: 0.0211, Acc/val: 99.23%, F1/val: 90.67%, IoU/val: 82.93%, lr: 0.000842
2026-01-30 12:16:03 [INFO] [271/1000] 用时11.97秒。总用时:0.92小时。预计剩余时间:2.46小时
2026-01-30 12:16:12 [INFO] [272/1000] train: Loss/train: 0.0254, Acc/train: 99.28%, lr: 0.000841
2026-01-30 12:16:12 [INFO] GPU Reserved: 14500.0MB, GPU Allocated: 108.3MB
2026-01-30 12:16:15 [INFO] [272/1000] val: Loss/val: 0.0207, Acc/val: 99.25%, F1/val: 90.82%, IoU/val: 83.19%, lr: 0.000841
2026-01-30 12:16:15 [INFO] [272/1000] 用时12.32秒。总用时:0.92小时。预计剩余时间:2.46小时
2026-01-30 12:16:24 [INFO] [273/1000] train: Loss/train: 0.0242, Acc/train: 99.32%, lr: 0.000840
2026-01-30 12:16:24 [INFO] GPU Reserved: 14500.0MB, GPU Allocated: 108.3MB
2026-01-30 12:16:27 [INFO] [273/1000] val: Loss/val: 0.0196, Acc/val: 99.27%, F1/val: 91.15%, IoU/val: 83.74%, lr: 0.000840
2026-01-30 12:16:27 [INFO] [273/1000] 用时12.14秒。总用时:0.92小时。预计剩余时间:2.46小时
2026-01-30 12:16:36 [INFO] [274/1000] train: Loss/train: 0.0236, Acc/train: 99.33%, lr: 0.000839
2026-01-30 12:16:36 [INFO] GPU Reserved: 14500.0MB, GPU Allocated: 108.3MB
2026-01-30 12:16:39 [INFO] [274/1000] val: Loss/val: 0.0213, Acc/val: 99.21%, F1/val: 90.54%, IoU/val: 82.72%, lr: 0.000839
2026-01-30 12:16:39 [INFO] [274/1000] 用时12.30秒。总用时:0.93小时。预计剩余时间:2.45小时
2026-01-30 12:16:49 [INFO] [275/1000] train: Loss/train: 0.0240, Acc/train: 99.32%, lr: 0.000838
2026-01-30 12:16:49 [INFO] GPU Reserved: 14500.0MB, GPU Allocated: 108.3MB
2026-01-30 12:16:52 [INFO] [275/1000] val: Loss/val: 0.0204, Acc/val: 99.26%, F1/val: 91.03%, IoU/val: 83.53%, lr: 0.000838
2026-01-30 12:16:52 [INFO] [275/1000] 用时12.32秒。总用时:0.93小时。预计剩余时间:2.45小时
2026-01-30 12:17:01 [INFO] [276/1000] train: Loss/train: 0.0246, Acc/train: 99.31%, lr: 0.000837
2026-01-30 12:17:01 [INFO] GPU Reserved: 14500.0MB, GPU Allocated: 108.3MB
2026-01-30 12:17:04 [INFO] [276/1000] val: Loss/val: 0.0198, Acc/val: 99.26%, F1/val: 91.07%, IoU/val: 83.61%, lr: 0.000837
2026-01-30 12:17:04 [INFO] [276/1000] 用时12.28秒。总用时:0.93小时。预计剩余时间:2.45小时
2026-01-30 12:17:13 [INFO] [277/1000] train: Loss/train: 0.0250, Acc/train: 99.30%, lr: 0.000835
2026-01-30 12:17:13 [INFO] GPU Reserved: 14500.0MB, GPU Allocated: 108.3MB
2026-01-30 12:17:16 [INFO] [277/1000] val: Loss/val: 0.0210, Acc/val: 99.24%, F1/val: 90.65%, IoU/val: 82.90%, lr: 0.000835
2026-01-30 12:17:16 [INFO] [277/1000] 用时12.37秒。总用时:0.94小时。预计剩余时间:2.44小时
2026-01-30 12:17:26 [INFO] [278/1000] train: Loss/train: 0.0254, Acc/train: 99.28%, lr: 0.000834
2026-01-30 12:17:26 [INFO] GPU Reserved: 14500.0MB, GPU Allocated: 108.3MB
2026-01-30 12:17:28 [INFO] [278/1000] val: Loss/val: 0.0212, Acc/val: 99.22%, F1/val: 90.48%, IoU/val: 82.62%, lr: 0.000834
2026-01-30 12:17:28 [INFO] [278/1000] 用时12.20秒。总用时:0.94小时。预计剩余时间:2.44小时
2026-01-30 12:17:38 [INFO] [279/1000] train: Loss/train: 0.0235, Acc/train: 99.34%, lr: 0.000833
2026-01-30 12:17:38 [INFO] GPU Reserved: 14500.0MB, GPU Allocated: 108.3MB
2026-01-30 12:17:41 [INFO] [279/1000] val: Loss/val: 0.0204, Acc/val: 99.26%, F1/val: 90.95%, IoU/val: 83.39%, lr: 0.000833
2026-01-30 12:17:41 [INFO] [279/1000] 用时12.25秒。总用时:0.94小时。预计剩余时间:2.44小时
2026-01-30 12:17:50 [INFO] [280/1000] train: Loss/train: 0.0229, Acc/train: 99.36%, lr: 0.000832
2026-01-30 12:17:50 [INFO] GPU Reserved: 14500.0MB, GPU Allocated: 108.3MB
2026-01-30 12:17:53 [INFO] [280/1000] val: Loss/val: 0.0211, Acc/val: 99.25%, F1/val: 90.94%, IoU/val: 83.39%, lr: 0.000832
2026-01-30 12:17:53 [INFO] [280/1000] 用时12.36秒。总用时:0.95小时。预计剩余时间:2.43小时
2026-01-30 12:18:03 [INFO] [281/1000] train: Loss/train: 0.0239, Acc/train: 99.32%, lr: 0.000831
2026-01-30 12:18:03 [INFO] GPU Reserved: 14500.0MB, GPU Allocated: 108.3MB
2026-01-30 12:18:05 [INFO] [281/1000] val: Loss/val: 0.0205, Acc/val: 99.26%, F1/val: 91.11%, IoU/val: 83.68%, lr: 0.000831
2026-01-30 12:18:06 [INFO] [281/1000] 用时12.40秒。总用时:0.95小时。预计剩余时间:2.43小时
2026-01-30 12:18:15 [INFO] [282/1000] train: Loss/train: 0.0241, Acc/train: 99.32%, lr: 0.000829
2026-01-30 12:18:15 [INFO] GPU Reserved: 14500.0MB, GPU Allocated: 108.3MB
2026-01-30 12:18:18 [INFO] [282/1000] val: Loss/val: 0.0206, Acc/val: 99.25%, F1/val: 90.86%, IoU/val: 83.26%, lr: 0.000829
2026-01-30 12:18:18 [INFO] [282/1000] 用时12.08秒。总用时:0.95小时。预计剩余时间:2.43小时
2026-01-30 12:18:27 [INFO] [283/1000] train: Loss/train: 0.0239, Acc/train: 99.32%, lr: 0.000828
2026-01-30 12:18:27 [INFO] GPU Reserved: 14500.0MB, GPU Allocated: 108.3MB
2026-01-30 12:18:30 [INFO] [283/1000] val: Loss/val: 0.0204, Acc/val: 99.26%, F1/val: 90.95%, IoU/val: 83.40%, lr: 0.000828
2026-01-30 12:18:30 [INFO] [283/1000] 用时12.31秒。总用时:0.96小时。预计剩余时间:2.42小时
2026-01-30 12:18:39 [INFO] [284/1000] train: Loss/train: 0.0221, Acc/train: 99.38%, lr: 0.000827
2026-01-30 12:18:39 [INFO] GPU Reserved: 14500.0MB, GPU Allocated: 108.3MB
2026-01-30 12:18:42 [INFO] [284/1000] val: Loss/val: 0.0220, Acc/val: 99.26%, F1/val: 90.91%, IoU/val: 83.34%, lr: 0.000827
2026-01-30 12:18:42 [INFO] [284/1000] 用时12.04秒。总用时:0.96小时。预计剩余时间:2.42小时
2026-01-30 12:18:51 [INFO] [285/1000] train: Loss/train: 0.0233, Acc/train: 99.34%, lr: 0.000826
2026-01-30 12:18:51 [INFO] GPU Reserved: 14500.0MB, GPU Allocated: 108.3MB
2026-01-30 12:18:54 [INFO] [285/1000] val: Loss/val: 0.0223, Acc/val: 99.24%, F1/val: 90.56%, IoU/val: 82.74%, lr: 0.000826
2026-01-30 12:18:54 [INFO] [285/1000] 用时12.15秒。总用时:0.96小时。预计剩余时间:2.42小时
2026-01-30 12:19:03 [INFO] [286/1000] train: Loss/train: 0.0235, Acc/train: 99.35%, lr: 0.000825
2026-01-30 12:19:03 [INFO] GPU Reserved: 14500.0MB, GPU Allocated: 108.3MB
2026-01-30 12:19:06 [INFO] [286/1000] val: Loss/val: 0.0205, Acc/val: 99.28%, F1/val: 91.21%, IoU/val: 83.83%, lr: 0.000825
2026-01-30 12:19:06 [INFO] [286/1000] 用时12.10秒。总用时:0.97小时。预计剩余时间:2.41小时
2026-01-30 12:19:16 [INFO] [287/1000] train: Loss/train: 0.0235, Acc/train: 99.34%, lr: 0.000823
2026-01-30 12:19:16 [INFO] GPU Reserved: 14500.0MB, GPU Allocated: 108.3MB
2026-01-30 12:19:19 [INFO] [287/1000] val: Loss/val: 0.0210, Acc/val: 99.25%, F1/val: 91.04%, IoU/val: 83.56%, lr: 0.000823
2026-01-30 12:19:19 [INFO] [287/1000] 用时12.34秒。总用时:0.97小时。预计剩余时间:2.41小时
2026-01-30 12:19:28 [INFO] [288/1000] train: Loss/train: 0.0242, Acc/train: 99.32%, lr: 0.000822
2026-01-30 12:19:28 [INFO] GPU Reserved: 14500.0MB, GPU Allocated: 108.3MB
2026-01-30 12:19:31 [INFO] [288/1000] val: Loss/val: 0.0202, Acc/val: 99.26%, F1/val: 90.96%, IoU/val: 83.42%, lr: 0.000822
2026-01-30 12:19:31 [INFO] [288/1000] 用时12.32秒。总用时:0.97小时。预计剩余时间:2.41小时
2026-01-30 12:19:40 [INFO] [289/1000] train: Loss/train: 0.0221, Acc/train: 99.37%, lr: 0.000821
2026-01-30 12:19:40 [INFO] GPU Reserved: 14500.0MB, GPU Allocated: 108.3MB
2026-01-30 12:19:43 [INFO] [289/1000] val: Loss/val: 0.0203, Acc/val: 99.27%, F1/val: 91.09%, IoU/val: 83.63%, lr: 0.000821
2026-01-30 12:19:43 [INFO] [289/1000] 用时12.30秒。总用时:0.98小时。预计剩余时间:2.40小时
2026-01-30 12:19:52 [INFO] [290/1000] train: Loss/train: 0.0226, Acc/train: 99.36%, lr: 0.000820
2026-01-30 12:19:52 [INFO] GPU Reserved: 14500.0MB, GPU Allocated: 108.3MB
2026-01-30 12:19:55 [INFO] [290/1000] val: Loss/val: 0.0211, Acc/val: 99.26%, F1/val: 91.06%, IoU/val: 83.58%, lr: 0.000820
2026-01-30 12:19:55 [INFO] [290/1000] 用时11.90秒。总用时:0.98小时。预计剩余时间:2.40小时
2026-01-30 12:20:04 [INFO] [291/1000] train: Loss/train: 0.0233, Acc/train: 99.34%, lr: 0.000818
2026-01-30 12:20:04 [INFO] GPU Reserved: 14500.0MB, GPU Allocated: 108.3MB
2026-01-30 12:20:07 [INFO] [291/1000] val: Loss/val: 0.0212, Acc/val: 99.26%, F1/val: 91.07%, IoU/val: 83.61%, lr: 0.000818
2026-01-30 12:20:07 [INFO] [291/1000] 用时12.29秒。总用时:0.98小时。预计剩余时间:2.40小时
2026-01-30 12:20:16 [INFO] [292/1000] train: Loss/train: 0.0244, Acc/train: 99.30%, lr: 0.000817
2026-01-30 12:20:16 [INFO] GPU Reserved: 14500.0MB, GPU Allocated: 108.3MB
2026-01-30 12:20:19 [INFO] [292/1000] val: Loss/val: 0.0204, Acc/val: 99.27%, F1/val: 91.24%, IoU/val: 83.89%, lr: 0.000817
2026-01-30 12:20:19 [INFO] [292/1000] 用时11.95秒。总用时:0.99小时。预计剩余时间:2.39小时
2026-01-30 12:20:29 [INFO] [293/1000] train: Loss/train: 0.0231, Acc/train: 99.34%, lr: 0.000816
2026-01-30 12:20:29 [INFO] GPU Reserved: 14500.0MB, GPU Allocated: 108.3MB
2026-01-30 12:20:32 [INFO] [293/1000] val: Loss/val: 0.0208, Acc/val: 99.25%, F1/val: 90.86%, IoU/val: 83.25%, lr: 0.000816
2026-01-30 12:20:32 [INFO] [293/1000] 用时12.29秒。总用时:0.99小时。预计剩余时间:2.39小时
2026-01-30 12:20:41 [INFO] [294/1000] train: Loss/train: 0.0236, Acc/train: 99.34%, lr: 0.000815
2026-01-30 12:20:41 [INFO] GPU Reserved: 14500.0MB, GPU Allocated: 108.3MB
2026-01-30 12:20:44 [INFO] [294/1000] val: Loss/val: 0.0206, Acc/val: 99.27%, F1/val: 91.16%, IoU/val: 83.76%, lr: 0.000815
2026-01-30 12:20:44 [INFO] [294/1000] 用时11.99秒。总用时:0.99小时。预计剩余时间:2.39小时
2026-01-30 12:20:53 [INFO] [295/1000] train: Loss/train: 0.0231, Acc/train: 99.34%, lr: 0.000814
2026-01-30 12:20:53 [INFO] GPU Reserved: 14500.0MB, GPU Allocated: 108.3MB
2026-01-30 12:20:55 [INFO] [295/1000] val: Loss/val: 0.0210, Acc/val: 99.26%, F1/val: 91.02%, IoU/val: 83.51%, lr: 0.000814
2026-01-30 12:20:56 [INFO] [295/1000] 用时11.93秒。总用时:1.00小时。预计剩余时间:2.38小时
2026-01-30 12:21:05 [INFO] [296/1000] train: Loss/train: 0.0228, Acc/train: 99.35%, lr: 0.000812
2026-01-30 12:21:05 [INFO] GPU Reserved: 14500.0MB, GPU Allocated: 108.3MB
2026-01-30 12:21:08 [INFO] [296/1000] val: Loss/val: 0.0204, Acc/val: 99.27%, F1/val: 91.14%, IoU/val: 83.72%, lr: 0.000812
2026-01-30 12:21:08 [INFO] [296/1000] 用时12.22秒。总用时:1.00小时。预计剩余时间:2.38小时
2026-01-30 12:21:17 [INFO] [297/1000] train: Loss/train: 0.0217, Acc/train: 99.39%, lr: 0.000811
2026-01-30 12:21:17 [INFO] GPU Reserved: 14500.0MB, GPU Allocated: 108.3MB
2026-01-30 12:21:20 [INFO] [297/1000] val: Loss/val: 0.0220, Acc/val: 99.22%, F1/val: 90.76%, IoU/val: 83.08%, lr: 0.000811
2026-01-30 12:21:20 [INFO] [297/1000] 用时12.25秒。总用时:1.00小时。预计剩余时间:2.38小时
2026-01-30 12:21:29 [INFO] [298/1000] train: Loss/train: 0.0221, Acc/train: 99.37%, lr: 0.000810
2026-01-30 12:21:29 [INFO] GPU Reserved: 14500.0MB, GPU Allocated: 108.3MB
2026-01-30 12:21:32 [INFO] [298/1000] val: Loss/val: 0.0223, Acc/val: 99.20%, F1/val: 90.11%, IoU/val: 81.99%, lr: 0.000810
2026-01-30 12:21:32 [INFO] [298/1000] 用时12.01秒。总用时:1.01小时。预计剩余时间:2.37小时
2026-01-30 12:21:41 [INFO] [299/1000] train: Loss/train: 0.0229, Acc/train: 99.35%, lr: 0.000809
2026-01-30 12:21:41 [INFO] GPU Reserved: 14500.0MB, GPU Allocated: 108.3MB
2026-01-30 12:21:44 [INFO] [299/1000] val: Loss/val: 0.0214, Acc/val: 99.24%, F1/val: 90.85%, IoU/val: 83.24%, lr: 0.000809
2026-01-30 12:21:44 [INFO] [299/1000] 用时12.28秒。总用时:1.01小时。预计剩余时间:2.37小时
2026-01-30 12:21:54 [INFO] [300/1000] train: Loss/train: 0.0230, Acc/train: 99.34%, lr: 0.000807
2026-01-30 12:21:54 [INFO] GPU Reserved: 14500.0MB, GPU Allocated: 108.3MB
2026-01-30 12:21:56 [INFO] [300/1000] val: Loss/val: 0.0202, Acc/val: 99.27%, F1/val: 91.13%, IoU/val: 83.70%, lr: 0.000807
2026-01-30 12:21:57 [INFO] [300/1000] 用时12.25秒。总用时:1.01小时。预计剩余时间:2.37小时
2026-01-30 12:22:06 [INFO] [301/1000] train: Loss/train: 0.0217, Acc/train: 99.39%, lr: 0.000806
2026-01-30 12:22:06 [INFO] GPU Reserved: 14500.0MB, GPU Allocated: 108.3MB
2026-01-30 12:22:09 [INFO] [301/1000] val: Loss/val: 0.0203, Acc/val: 99.27%, F1/val: 91.10%, IoU/val: 83.66%, lr: 0.000806
2026-01-30 12:22:09 [INFO] [301/1000] 用时12.30秒。总用时:1.02小时。预计剩余时间:2.36小时
2026-01-30 12:22:18 [INFO] [302/1000] train: Loss/train: 0.0225, Acc/train: 99.36%, lr: 0.000805
2026-01-30 12:22:18 [INFO] GPU Reserved: 14500.0MB, GPU Allocated: 108.3MB
2026-01-30 12:22:21 [INFO] [302/1000] val: Loss/val: 0.0220, Acc/val: 99.25%, F1/val: 90.87%, IoU/val: 83.26%, lr: 0.000805
2026-01-30 12:22:21 [INFO] [302/1000] 用时12.02秒。总用时:1.02小时。预计剩余时间:2.36小时
2026-01-30 12:22:30 [INFO] [303/1000] train: Loss/train: 0.0222, Acc/train: 99.37%, lr: 0.000803
2026-01-30 12:22:30 [INFO] GPU Reserved: 14500.0MB, GPU Allocated: 108.3MB
2026-01-30 12:22:33 [INFO] [303/1000] val: Loss/val: 0.0198, Acc/val: 99.28%, F1/val: 91.20%, IoU/val: 83.82%, lr: 0.000803
2026-01-30 12:22:33 [INFO] [303/1000] 用时12.38秒。总用时:1.02小时。预计剩余时间:2.36小时
2026-01-30 12:22:43 [INFO] [304/1000] train: Loss/train: 0.0228, Acc/train: 99.35%, lr: 0.000802
2026-01-30 12:22:43 [INFO] GPU Reserved: 14500.0MB, GPU Allocated: 108.3MB
2026-01-30 12:22:45 [INFO] [304/1000] val: Loss/val: 0.0207, Acc/val: 99.26%, F1/val: 90.96%, IoU/val: 83.42%, lr: 0.000802
2026-01-30 12:22:45 [INFO] [304/1000] 用时12.20秒。总用时:1.03小时。预计剩余时间:2.35小时
2026-01-30 12:22:54 [INFO] [305/1000] train: Loss/train: 0.0223, Acc/train: 99.36%, lr: 0.000801
2026-01-30 12:22:54 [INFO] GPU Reserved: 14500.0MB, GPU Allocated: 108.3MB
2026-01-30 12:22:57 [INFO] [305/1000] val: Loss/val: 0.0214, Acc/val: 99.26%, F1/val: 91.06%, IoU/val: 83.59%, lr: 0.000801
2026-01-30 12:22:57 [INFO] [305/1000] 用时11.88秒。总用时:1.03小时。预计剩余时间:2.35小时
2026-01-30 12:23:06 [INFO] [306/1000] train: Loss/train: 0.0245, Acc/train: 99.33%, lr: 0.000800
2026-01-30 12:23:06 [INFO] GPU Reserved: 14500.0MB, GPU Allocated: 108.3MB
2026-01-30 12:23:09 [INFO] [306/1000] val: Loss/val: 0.0225, Acc/val: 99.19%, F1/val: 90.46%, IoU/val: 82.58%, lr: 0.000800
2026-01-30 12:23:09 [INFO] [306/1000] 用时12.05秒。总用时:1.03小时。预计剩余时间:2.35小时
2026-01-30 12:23:19 [INFO] [307/1000] train: Loss/train: 0.0253, Acc/train: 99.29%, lr: 0.000798
2026-01-30 12:23:19 [INFO] GPU Reserved: 14500.0MB, GPU Allocated: 108.3MB
2026-01-30 12:23:22 [INFO] [307/1000] val: Loss/val: 0.0228, Acc/val: 99.20%, F1/val: 90.56%, IoU/val: 82.75%, lr: 0.000798
2026-01-30 12:23:22 [INFO] [307/1000] 用时12.34秒。总用时:1.04小时。预计剩余时间:2.34小时
2026-01-30 12:23:31 [INFO] [308/1000] train: Loss/train: 0.0236, Acc/train: 99.33%, lr: 0.000797
2026-01-30 12:23:31 [INFO] GPU Reserved: 14500.0MB, GPU Allocated: 108.3MB
2026-01-30 12:23:34 [INFO] [308/1000] val: Loss/val: 0.0200, Acc/val: 99.27%, F1/val: 91.12%, IoU/val: 83.69%, lr: 0.000797
2026-01-30 12:23:34 [INFO] [308/1000] 用时12.26秒。总用时:1.04小时。预计剩余时间:2.34小时
2026-01-30 12:23:43 [INFO] [309/1000] train: Loss/train: 0.0250, Acc/train: 99.29%, lr: 0.000796
2026-01-30 12:23:43 [INFO] GPU Reserved: 14500.0MB, GPU Allocated: 108.3MB
2026-01-30 12:23:46 [INFO] [309/1000] val: Loss/val: 0.0209, Acc/val: 99.25%, F1/val: 90.94%, IoU/val: 83.39%, lr: 0.000796
2026-01-30 12:23:46 [INFO] [309/1000] 用时12.27秒。总用时:1.04小时。预计剩余时间:2.34小时
2026-01-30 12:23:55 [INFO] [310/1000] train: Loss/train: 0.0266, Acc/train: 99.25%, lr: 0.000795
2026-01-30 12:23:55 [INFO] GPU Reserved: 14500.0MB, GPU Allocated: 108.3MB
2026-01-30 12:23:58 [INFO] [310/1000] val: Loss/val: 0.0217, Acc/val: 99.23%, F1/val: 90.64%, IoU/val: 82.89%, lr: 0.000795
2026-01-30 12:23:58 [INFO] [310/1000] 用时12.06秒。总用时:1.05小时。预计剩余时间:2.33小时
2026-01-30 12:24:07 [INFO] [311/1000] train: Loss/train: 0.0243, Acc/train: 99.31%, lr: 0.000793
2026-01-30 12:24:07 [INFO] GPU Reserved: 14500.0MB, GPU Allocated: 108.3MB
2026-01-30 12:24:10 [INFO] [311/1000] val: Loss/val: 0.0207, Acc/val: 99.27%, F1/val: 91.17%, IoU/val: 83.78%, lr: 0.000793
2026-01-30 12:24:10 [INFO] [311/1000] 用时11.81秒。总用时:1.05小时。预计剩余时间:2.33小时
2026-01-30 12:24:19 [INFO] [312/1000] train: Loss/train: 0.0232, Acc/train: 99.34%, lr: 0.000792
2026-01-30 12:24:19 [INFO] GPU Reserved: 14500.0MB, GPU Allocated: 108.3MB
2026-01-30 12:24:22 [INFO] [312/1000] val: Loss/val: 0.0203, Acc/val: 99.27%, F1/val: 91.16%, IoU/val: 83.75%, lr: 0.000792
2026-01-30 12:24:22 [INFO] [312/1000] 用时12.23秒。总用时:1.05小时。预计剩余时间:2.32小时
2026-01-30 12:24:32 [INFO] [313/1000] train: Loss/train: 0.0225, Acc/train: 99.37%, lr: 0.000791
2026-01-30 12:24:32 [INFO] GPU Reserved: 14500.0MB, GPU Allocated: 108.3MB
2026-01-30 12:24:35 [INFO] [313/1000] val: Loss/val: 0.0223, Acc/val: 99.23%, F1/val: 90.47%, IoU/val: 82.60%, lr: 0.000791
2026-01-30 12:24:35 [INFO] [313/1000] 用时12.24秒。总用时:1.06小时。预计剩余时间:2.32小时
2026-01-30 12:24:44 [INFO] [314/1000] train: Loss/train: 0.0251, Acc/train: 99.28%, lr: 0.000789
2026-01-30 12:24:44 [INFO] GPU Reserved: 14500.0MB, GPU Allocated: 108.3MB
2026-01-30 12:24:47 [INFO] [314/1000] val: Loss/val: 0.0208, Acc/val: 99.24%, F1/val: 90.75%, IoU/val: 83.07%, lr: 0.000789
2026-01-30 12:24:47 [INFO] [314/1000] 用时12.36秒。总用时:1.06小时。预计剩余时间:2.32小时
2026-01-30 12:24:56 [INFO] [315/1000] train: Loss/train: 0.0240, Acc/train: 99.32%, lr: 0.000788
2026-01-30 12:24:56 [INFO] GPU Reserved: 14500.0MB, GPU Allocated: 108.3MB
2026-01-30 12:24:59 [INFO] [315/1000] val: Loss/val: 0.0207, Acc/val: 99.27%, F1/val: 91.12%, IoU/val: 83.70%, lr: 0.000788
2026-01-30 12:24:59 [INFO] [315/1000] 用时12.26秒。总用时:1.06小时。预计剩余时间:2.31小时
2026-01-30 12:25:09 [INFO] [316/1000] train: Loss/train: 0.0241, Acc/train: 99.32%, lr: 0.000787
2026-01-30 12:25:09 [INFO] GPU Reserved: 14500.0MB, GPU Allocated: 108.3MB
2026-01-30 12:25:12 [INFO] [316/1000] val: Loss/val: 0.0204, Acc/val: 99.25%, F1/val: 91.02%, IoU/val: 83.51%, lr: 0.000787
2026-01-30 12:25:12 [INFO] [316/1000] 用时12.36秒。总用时:1.07小时。预计剩余时间:2.31小时
2026-01-30 12:25:21 [INFO] [317/1000] train: Loss/train: 0.0242, Acc/train: 99.31%, lr: 0.000785
2026-01-30 12:25:21 [INFO] GPU Reserved: 14500.0MB, GPU Allocated: 108.3MB
2026-01-30 12:25:23 [INFO] [317/1000] val: Loss/val: 0.0200, Acc/val: 99.27%, F1/val: 91.32%, IoU/val: 84.03%, lr: 0.000785
2026-01-30 12:25:23 [INFO] [317/1000] 用时11.84秒。总用时:1.07小时。预计剩余时间:2.31小时
2026-01-30 12:25:33 [INFO] [318/1000] train: Loss/train: 0.0237, Acc/train: 99.33%, lr: 0.000784
2026-01-30 12:25:33 [INFO] GPU Reserved: 14500.0MB, GPU Allocated: 108.3MB
2026-01-30 12:25:35 [INFO] [318/1000] val: Loss/val: 0.0201, Acc/val: 99.27%, F1/val: 91.29%, IoU/val: 83.98%, lr: 0.000784
2026-01-30 12:25:36 [INFO] [318/1000] 用时12.13秒。总用时:1.07小时。预计剩余时间:2.30小时
2026-01-30 12:25:45 [INFO] [319/1000] train: Loss/train: 0.0232, Acc/train: 99.34%, lr: 0.000783
2026-01-30 12:25:45 [INFO] GPU Reserved: 14500.0MB, GPU Allocated: 108.3MB
2026-01-30 12:25:48 [INFO] [319/1000] val: Loss/val: 0.0228, Acc/val: 99.21%, F1/val: 90.58%, IoU/val: 82.77%, lr: 0.000783
2026-01-30 12:25:48 [INFO] [319/1000] 用时12.38秒。总用时:1.08小时。预计剩余时间:2.30小时
2026-01-30 12:25:57 [INFO] [320/1000] train: Loss/train: 0.0242, Acc/train: 99.33%, lr: 0.000782
2026-01-30 12:25:57 [INFO] GPU Reserved: 14500.0MB, GPU Allocated: 108.3MB
2026-01-30 12:26:00 [INFO] [320/1000] val: Loss/val: 0.0218, Acc/val: 99.22%, F1/val: 90.35%, IoU/val: 82.39%, lr: 0.000782
2026-01-30 12:26:00 [INFO] [320/1000] 用时12.40秒。总用时:1.08小时。预计剩余时间:2.30小时
2026-01-30 12:26:10 [INFO] [321/1000] train: Loss/train: 0.0243, Acc/train: 99.33%, lr: 0.000780
2026-01-30 12:26:10 [INFO] GPU Reserved: 14500.0MB, GPU Allocated: 108.3MB
2026-01-30 12:26:12 [INFO] [321/1000] val: Loss/val: 0.0214, Acc/val: 99.23%, F1/val: 90.75%, IoU/val: 83.07%, lr: 0.000780
2026-01-30 12:26:12 [INFO] [321/1000] 用时12.17秒。总用时:1.08小时。预计剩余时间:2.29小时
2026-01-30 12:26:22 [INFO] [322/1000] train: Loss/train: 0.0240, Acc/train: 99.32%, lr: 0.000779
2026-01-30 12:26:22 [INFO] GPU Reserved: 14500.0MB, GPU Allocated: 108.3MB
2026-01-30 12:26:25 [INFO] [322/1000] val: Loss/val: 0.0202, Acc/val: 99.27%, F1/val: 91.24%, IoU/val: 83.89%, lr: 0.000779
2026-01-30 12:26:25 [INFO] [322/1000] 用时12.34秒。总用时:1.09小时。预计剩余时间:2.29小时
2026-01-30 12:26:34 [INFO] [323/1000] train: Loss/train: 0.0244, Acc/train: 99.30%, lr: 0.000778
2026-01-30 12:26:34 [INFO] GPU Reserved: 14500.0MB, GPU Allocated: 108.3MB
2026-01-30 12:26:37 [INFO] [323/1000] val: Loss/val: 0.0212, Acc/val: 99.25%, F1/val: 90.98%, IoU/val: 83.46%, lr: 0.000778
2026-01-30 12:26:37 [INFO] [323/1000] 用时11.98秒。总用时:1.09小时。预计剩余时间:2.29小时
2026-01-30 12:26:46 [INFO] [324/1000] train: Loss/train: 0.0234, Acc/train: 99.33%, lr: 0.000776
2026-01-30 12:26:46 [INFO] GPU Reserved: 14500.0MB, GPU Allocated: 108.3MB
2026-01-30 12:26:49 [INFO] [324/1000] val: Loss/val: 0.0198, Acc/val: 99.27%, F1/val: 91.27%, IoU/val: 83.95%, lr: 0.000776
2026-01-30 12:26:49 [INFO] [324/1000] 用时11.88秒。总用时:1.09小时。预计剩余时间:2.28小时
2026-01-30 12:26:58 [INFO] [325/1000] train: Loss/train: 0.0233, Acc/train: 99.34%, lr: 0.000775
2026-01-30 12:26:58 [INFO] GPU Reserved: 14500.0MB, GPU Allocated: 108.3MB
2026-01-30 12:27:01 [INFO] [325/1000] val: Loss/val: 0.0207, Acc/val: 99.27%, F1/val: 91.10%, IoU/val: 83.66%, lr: 0.000775
2026-01-30 12:27:01 [INFO] [325/1000] 用时11.97秒。总用时:1.10小时。预计剩余时间:2.28小时
2026-01-30 12:27:10 [INFO] [326/1000] train: Loss/train: 0.0223, Acc/train: 99.36%, lr: 0.000774
2026-01-30 12:27:10 [INFO] GPU Reserved: 14500.0MB, GPU Allocated: 108.3MB
2026-01-30 12:27:12 [INFO] [326/1000] val: Loss/val: 0.0202, Acc/val: 99.28%, F1/val: 91.23%, IoU/val: 83.88%, lr: 0.000774
2026-01-30 12:27:12 [INFO] [326/1000] 用时11.84秒。总用时:1.10小时。预计剩余时间:2.28小时
2026-01-30 12:27:22 [INFO] [327/1000] train: Loss/train: 0.0221, Acc/train: 99.37%, lr: 0.000772
2026-01-30 12:27:22 [INFO] GPU Reserved: 14500.0MB, GPU Allocated: 108.3MB
2026-01-30 12:27:25 [INFO] [327/1000] val: Loss/val: 0.0211, Acc/val: 99.26%, F1/val: 91.14%, IoU/val: 83.72%, lr: 0.000772
2026-01-30 12:27:25 [INFO] [327/1000] 用时12.21秒。总用时:1.10小时。预计剩余时间:2.27小时
2026-01-30 12:27:34 [INFO] [328/1000] train: Loss/train: 0.0228, Acc/train: 99.35%, lr: 0.000771
2026-01-30 12:27:34 [INFO] GPU Reserved: 14500.0MB, GPU Allocated: 108.3MB
2026-01-30 12:27:37 [INFO] [328/1000] val: Loss/val: 0.0207, Acc/val: 99.28%, F1/val: 91.18%, IoU/val: 83.79%, lr: 0.000771
2026-01-30 12:27:37 [INFO] [328/1000] 用时12.31秒。总用时:1.11小时。预计剩余时间:2.27小时
2026-01-30 12:27:46 [INFO] [329/1000] train: Loss/train: 0.0224, Acc/train: 99.36%, lr: 0.000770
2026-01-30 12:27:46 [INFO] GPU Reserved: 14500.0MB, GPU Allocated: 108.3MB
2026-01-30 12:27:49 [INFO] [329/1000] val: Loss/val: 0.0219, Acc/val: 99.25%, F1/val: 90.89%, IoU/val: 83.29%, lr: 0.000770
2026-01-30 12:27:49 [INFO] [329/1000] 用时12.10秒。总用时:1.11小时。预计剩余时间:2.27小时
2026-01-30 12:27:58 [INFO] [330/1000] train: Loss/train: 0.0216, Acc/train: 99.39%, lr: 0.000768
2026-01-30 12:27:58 [INFO] GPU Reserved: 14500.0MB, GPU Allocated: 108.3MB
2026-01-30 12:28:01 [INFO] [330/1000] val: Loss/val: 0.0205, Acc/val: 99.27%, F1/val: 91.28%, IoU/val: 83.97%, lr: 0.000768
2026-01-30 12:28:01 [INFO] [330/1000] 用时12.27秒。总用时:1.12小时。预计剩余时间:2.26小时
2026-01-30 12:28:11 [INFO] [331/1000] train: Loss/train: 0.0225, Acc/train: 99.36%, lr: 0.000767
2026-01-30 12:28:11 [INFO] GPU Reserved: 14500.0MB, GPU Allocated: 108.3MB
2026-01-30 12:28:14 [INFO] [331/1000] val: Loss/val: 0.0213, Acc/val: 99.27%, F1/val: 91.17%, IoU/val: 83.77%, lr: 0.000767
2026-01-30 12:28:14 [INFO] [331/1000] 用时12.43秒。总用时:1.12小时。预计剩余时间:2.26小时
2026-01-30 12:28:23 [INFO] [332/1000] train: Loss/train: 0.0241, Acc/train: 99.30%, lr: 0.000765
2026-01-30 12:28:23 [INFO] GPU Reserved: 14500.0MB, GPU Allocated: 108.3MB
2026-01-30 12:28:26 [INFO] [332/1000] val: Loss/val: 0.0222, Acc/val: 99.25%, F1/val: 90.78%, IoU/val: 83.12%, lr: 0.000765
2026-01-30 12:28:26 [INFO] [332/1000] 用时12.26秒。总用时:1.12小时。预计剩余时间:2.26小时
2026-01-30 12:28:35 [INFO] [333/1000] train: Loss/train: 0.0225, Acc/train: 99.35%, lr: 0.000764
2026-01-30 12:28:35 [INFO] GPU Reserved: 14500.0MB, GPU Allocated: 108.3MB
2026-01-30 12:28:38 [INFO] [333/1000] val: Loss/val: 0.0210, Acc/val: 99.26%, F1/val: 91.00%, IoU/val: 83.48%, lr: 0.000764
2026-01-30 12:28:38 [INFO] [333/1000] 用时11.97秒。总用时:1.13小时。预计剩余时间:2.25小时
2026-01-30 12:28:47 [INFO] [334/1000] train: Loss/train: 0.0224, Acc/train: 99.36%, lr: 0.000763
2026-01-30 12:28:47 [INFO] GPU Reserved: 14500.0MB, GPU Allocated: 108.3MB
2026-01-30 12:28:50 [INFO] [334/1000] val: Loss/val: 0.0208, Acc/val: 99.26%, F1/val: 91.15%, IoU/val: 83.75%, lr: 0.000763
2026-01-30 12:28:50 [INFO] [334/1000] 用时11.91秒。总用时:1.13小时。预计剩余时间:2.25小时
2026-01-30 12:28:59 [INFO] [335/1000] train: Loss/train: 0.0215, Acc/train: 99.38%, lr: 0.000761
2026-01-30 12:28:59 [INFO] GPU Reserved: 14500.0MB, GPU Allocated: 108.3MB
2026-01-30 12:29:02 [INFO] [335/1000] val: Loss/val: 0.0210, Acc/val: 99.26%, F1/val: 91.17%, IoU/val: 83.78%, lr: 0.000761
2026-01-30 12:29:02 [INFO] [335/1000] 用时12.01秒。总用时:1.13小时。预计剩余时间:2.25小时
2026-01-30 12:29:11 [INFO] [336/1000] train: Loss/train: 0.0223, Acc/train: 99.37%, lr: 0.000760
2026-01-30 12:29:11 [INFO] GPU Reserved: 14500.0MB, GPU Allocated: 108.3MB
2026-01-30 12:29:14 [INFO] [336/1000] val: Loss/val: 0.0201, Acc/val: 99.26%, F1/val: 91.04%, IoU/val: 83.55%, lr: 0.000760
2026-01-30 12:29:14 [INFO] [336/1000] 用时12.30秒。总用时:1.14小时。预计剩余时间:2.24小时
2026-01-30 12:29:24 [INFO] [337/1000] train: Loss/train: 0.0234, Acc/train: 99.34%, lr: 0.000759
2026-01-30 12:29:24 [INFO] GPU Reserved: 14500.0MB, GPU Allocated: 108.3MB
2026-01-30 12:29:26 [INFO] [337/1000] val: Loss/val: 0.0212, Acc/val: 99.27%, F1/val: 91.05%, IoU/val: 83.58%, lr: 0.000759
2026-01-30 12:29:26 [INFO] [337/1000] 用时12.22秒。总用时:1.14小时。预计剩余时间:2.24小时
2026-01-30 12:29:36 [INFO] [338/1000] train: Loss/train: 0.0227, Acc/train: 99.35%, lr: 0.000757
2026-01-30 12:29:36 [INFO] GPU Reserved: 14500.0MB, GPU Allocated: 108.3MB
2026-01-30 12:29:39 [INFO] [338/1000] val: Loss/val: 0.0203, Acc/val: 99.28%, F1/val: 91.28%, IoU/val: 83.96%, lr: 0.000757
2026-01-30 12:29:39 [INFO] [338/1000] 用时12.14秒。总用时:1.14小时。预计剩余时间:2.24小时
2026-01-30 12:29:48 [INFO] [339/1000] train: Loss/train: 0.0225, Acc/train: 99.35%, lr: 0.000756
2026-01-30 12:29:48 [INFO] GPU Reserved: 14500.0MB, GPU Allocated: 108.3MB
2026-01-30 12:29:51 [INFO] [339/1000] val: Loss/val: 0.0208, Acc/val: 99.29%, F1/val: 91.37%, IoU/val: 84.11%, lr: 0.000756
2026-01-30 12:29:51 [INFO] [339/1000] 用时12.32秒。总用时:1.15小时。预计剩余时间:2.23小时
2026-01-30 12:30:00 [INFO] [340/1000] train: Loss/train: 0.0228, Acc/train: 99.35%, lr: 0.000755
2026-01-30 12:30:00 [INFO] GPU Reserved: 14500.0MB, GPU Allocated: 108.3MB
2026-01-30 12:30:03 [INFO] [340/1000] val: Loss/val: 0.0205, Acc/val: 99.26%, F1/val: 90.96%, IoU/val: 83.42%, lr: 0.000755
2026-01-30 12:30:03 [INFO] [340/1000] 用时12.09秒。总用时:1.15小时。预计剩余时间:2.23小时
2026-01-30 12:30:12 [INFO] [341/1000] train: Loss/train: 0.0205, Acc/train: 99.41%, lr: 0.000753
2026-01-30 12:30:12 [INFO] GPU Reserved: 14500.0MB, GPU Allocated: 108.3MB
2026-01-30 12:30:15 [INFO] [341/1000] val: Loss/val: 0.0207, Acc/val: 99.29%, F1/val: 91.46%, IoU/val: 84.27%, lr: 0.000753
2026-01-30 12:30:15 [INFO] [341/1000] 用时12.01秒。总用时:1.15小时。预计剩余时间:2.23小时
2026-01-30 12:30:24 [INFO] [342/1000] train: Loss/train: 0.0227, Acc/train: 99.35%, lr: 0.000752
2026-01-30 12:30:24 [INFO] GPU Reserved: 14500.0MB, GPU Allocated: 108.3MB
2026-01-30 12:30:27 [INFO] [342/1000] val: Loss/val: 0.0207, Acc/val: 99.28%, F1/val: 91.36%, IoU/val: 84.10%, lr: 0.000752
2026-01-30 12:30:27 [INFO] [342/1000] 用时12.33秒。总用时:1.16小时。预计剩余时间:2.22小时
2026-01-30 12:30:37 [INFO] [343/1000] train: Loss/train: 0.0210, Acc/train: 99.40%, lr: 0.000750
2026-01-30 12:30:37 [INFO] GPU Reserved: 14500.0MB, GPU Allocated: 108.3MB
2026-01-30 12:30:39 [INFO] [343/1000] val: Loss/val: 0.0202, Acc/val: 99.28%, F1/val: 91.35%, IoU/val: 84.08%, lr: 0.000750
2026-01-30 12:30:39 [INFO] [343/1000] 用时11.97秒。总用时:1.16小时。预计剩余时间:2.22小时
2026-01-30 12:30:49 [INFO] [344/1000] train: Loss/train: 0.0221, Acc/train: 99.36%, lr: 0.000749
2026-01-30 12:30:49 [INFO] GPU Reserved: 14500.0MB, GPU Allocated: 108.3MB
2026-01-30 12:30:52 [INFO] [344/1000] val: Loss/val: 0.0213, Acc/val: 99.27%, F1/val: 91.00%, IoU/val: 83.49%, lr: 0.000749
2026-01-30 12:30:52 [INFO] [344/1000] 用时12.30秒。总用时:1.16小时。预计剩余时间:2.22小时
2026-01-30 12:31:01 [INFO] [345/1000] train: Loss/train: 0.0212, Acc/train: 99.40%, lr: 0.000748
2026-01-30 12:31:01 [INFO] GPU Reserved: 14500.0MB, GPU Allocated: 108.3MB
2026-01-30 12:31:03 [INFO] [345/1000] val: Loss/val: 0.0204, Acc/val: 99.28%, F1/val: 91.26%, IoU/val: 83.93%, lr: 0.000748
2026-01-30 12:31:03 [INFO] [345/1000] 用时11.85秒。总用时:1.17小时。预计剩余时间:2.21小时
2026-01-30 12:31:13 [INFO] [346/1000] train: Loss/train: 0.0218, Acc/train: 99.37%, lr: 0.000746
2026-01-30 12:31:13 [INFO] GPU Reserved: 14500.0MB, GPU Allocated: 108.3MB
2026-01-30 12:31:16 [INFO] [346/1000] val: Loss/val: 0.0209, Acc/val: 99.28%, F1/val: 91.30%, IoU/val: 84.00%, lr: 0.000746
2026-01-30 12:31:16 [INFO] [346/1000] 用时12.11秒。总用时:1.17小时。预计剩余时间:2.21小时
2026-01-30 12:31:25 [INFO] [347/1000] train: Loss/train: 0.0229, Acc/train: 99.35%, lr: 0.000745
2026-01-30 12:31:25 [INFO] GPU Reserved: 14500.0MB, GPU Allocated: 108.3MB
2026-01-30 12:31:28 [INFO] [347/1000] val: Loss/val: 0.0211, Acc/val: 99.27%, F1/val: 91.10%, IoU/val: 83.65%, lr: 0.000745
2026-01-30 12:31:28 [INFO] [347/1000] 用时11.97秒。总用时:1.17小时。预计剩余时间:2.21小时
2026-01-30 12:31:37 [INFO] [348/1000] train: Loss/train: 0.0220, Acc/train: 99.36%, lr: 0.000744
2026-01-30 12:31:37 [INFO] GPU Reserved: 14500.0MB, GPU Allocated: 108.3MB
2026-01-30 12:31:40 [INFO] [348/1000] val: Loss/val: 0.0209, Acc/val: 99.28%, F1/val: 91.32%, IoU/val: 84.03%, lr: 0.000744
2026-01-30 12:31:40 [INFO] [348/1000] 用时12.22秒。总用时:1.18小时。预计剩余时间:2.20小时
2026-01-30 12:31:49 [INFO] [349/1000] train: Loss/train: 0.0220, Acc/train: 99.38%, lr: 0.000742
2026-01-30 12:31:49 [INFO] GPU Reserved: 14500.0MB, GPU Allocated: 108.3MB
2026-01-30 12:31:52 [INFO] [349/1000] val: Loss/val: 0.0246, Acc/val: 99.20%, F1/val: 90.38%, IoU/val: 82.45%, lr: 0.000742
2026-01-30 12:31:52 [INFO] [349/1000] 用时12.02秒。总用时:1.18小时。预计剩余时间:2.20小时
2026-01-30 12:32:01 [INFO] [350/1000] train: Loss/train: 0.0246, Acc/train: 99.30%, lr: 0.000741
2026-01-30 12:32:01 [INFO] GPU Reserved: 14500.0MB, GPU Allocated: 108.3MB
2026-01-30 12:32:04 [INFO] [350/1000] val: Loss/val: 0.0211, Acc/val: 99.28%, F1/val: 91.15%, IoU/val: 83.74%, lr: 0.000741
2026-01-30 12:32:04 [INFO] [350/1000] 用时12.23秒。总用时:1.18小时。预计剩余时间:2.20小时
2026-01-30 12:32:13 [INFO] [351/1000] train: Loss/train: 0.0237, Acc/train: 99.32%, lr: 0.000739
2026-01-30 12:32:13 [INFO] GPU Reserved: 14500.0MB, GPU Allocated: 108.3MB
2026-01-30 12:32:16 [INFO] [351/1000] val: Loss/val: 0.0226, Acc/val: 99.24%, F1/val: 90.70%, IoU/val: 82.98%, lr: 0.000739
2026-01-30 12:32:16 [INFO] [351/1000] 用时12.15秒。总用时:1.19小时。预计剩余时间:2.19小时
2026-01-30 12:32:25 [INFO] [352/1000] train: Loss/train: 0.0224, Acc/train: 99.36%, lr: 0.000738
2026-01-30 12:32:25 [INFO] GPU Reserved: 14500.0MB, GPU Allocated: 108.3MB
2026-01-30 12:32:28 [INFO] [352/1000] val: Loss/val: 0.0211, Acc/val: 99.26%, F1/val: 91.08%, IoU/val: 83.61%, lr: 0.000738
2026-01-30 12:32:28 [INFO] [352/1000] 用时12.07秒。总用时:1.19小时。预计剩余时间:2.19小时
2026-01-30 12:32:38 [INFO] [353/1000] train: Loss/train: 0.0215, Acc/train: 99.38%, lr: 0.000737
2026-01-30 12:32:38 [INFO] GPU Reserved: 14500.0MB, GPU Allocated: 108.3MB
2026-01-30 12:32:40 [INFO] [353/1000] val: Loss/val: 0.0204, Acc/val: 99.25%, F1/val: 90.82%, IoU/val: 83.18%, lr: 0.000737
2026-01-30 12:32:40 [INFO] [353/1000] 用时12.11秒。总用时:1.19小时。预计剩余时间:2.19小时
2026-01-30 12:32:50 [INFO] [354/1000] train: Loss/train: 0.0234, Acc/train: 99.32%, lr: 0.000735
2026-01-30 12:32:50 [INFO] GPU Reserved: 14500.0MB, GPU Allocated: 108.3MB
2026-01-30 12:32:53 [INFO] [354/1000] val: Loss/val: 0.0210, Acc/val: 99.26%, F1/val: 90.97%, IoU/val: 83.43%, lr: 0.000735
2026-01-30 12:32:53 [INFO] [354/1000] 用时12.32秒。总用时:1.20小时。预计剩余时间:2.18小时
2026-01-30 12:33:02 [INFO] [355/1000] train: Loss/train: 0.0228, Acc/train: 99.34%, lr: 0.000734
2026-01-30 12:33:02 [INFO] GPU Reserved: 14500.0MB, GPU Allocated: 108.3MB
2026-01-30 12:33:05 [INFO] [355/1000] val: Loss/val: 0.0202, Acc/val: 99.26%, F1/val: 91.12%, IoU/val: 83.68%, lr: 0.000734
2026-01-30 12:33:05 [INFO] [355/1000] 用时12.08秒。总用时:1.20小时。预计剩余时间:2.18小时
2026-01-30 12:33:14 [INFO] [356/1000] train: Loss/train: 0.0261, Acc/train: 99.28%, lr: 0.000732
2026-01-30 12:33:14 [INFO] GPU Reserved: 14500.0MB, GPU Allocated: 108.3MB
2026-01-30 12:33:17 [INFO] [356/1000] val: Loss/val: 0.0277, Acc/val: 99.05%, F1/val: 88.76%, IoU/val: 79.80%, lr: 0.000732
2026-01-30 12:33:17 [INFO] [356/1000] 用时12.25秒。总用时:1.20小时。预计剩余时间:2.18小时
2026-01-30 12:33:26 [INFO] [357/1000] train: Loss/train: 0.0244, Acc/train: 99.30%, lr: 0.000731
2026-01-30 12:33:26 [INFO] GPU Reserved: 14500.0MB, GPU Allocated: 108.3MB
2026-01-30 12:33:29 [INFO] [357/1000] val: Loss/val: 0.0226, Acc/val: 99.24%, F1/val: 90.78%, IoU/val: 83.11%, lr: 0.000731
2026-01-30 12:33:29 [INFO] [357/1000] 用时12.07秒。总用时:1.21小时。预计剩余时间:2.17小时
2026-01-30 12:33:39 [INFO] [358/1000] train: Loss/train: 0.0237, Acc/train: 99.33%, lr: 0.000729
2026-01-30 12:33:39 [INFO] GPU Reserved: 14500.0MB, GPU Allocated: 108.3MB
2026-01-30 12:33:41 [INFO] [358/1000] val: Loss/val: 0.0208, Acc/val: 99.24%, F1/val: 90.63%, IoU/val: 82.86%, lr: 0.000729
2026-01-30 12:33:41 [INFO] [358/1000] 用时12.34秒。总用时:1.21小时。预计剩余时间:2.17小时
2026-01-30 12:33:51 [INFO] [359/1000] train: Loss/train: 0.0238, Acc/train: 99.31%, lr: 0.000728
2026-01-30 12:33:51 [INFO] GPU Reserved: 14500.0MB, GPU Allocated: 108.3MB
2026-01-30 12:33:54 [INFO] [359/1000] val: Loss/val: 0.0202, Acc/val: 99.27%, F1/val: 91.04%, IoU/val: 83.55%, lr: 0.000728
2026-01-30 12:33:54 [INFO] [359/1000] 用时12.24秒。总用时:1.21小时。预计剩余时间:2.17小时
2026-01-30 12:34:03 [INFO] [360/1000] train: Loss/train: 0.0226, Acc/train: 99.35%, lr: 0.000727
2026-01-30 12:34:03 [INFO] GPU Reserved: 14500.0MB, GPU Allocated: 108.3MB
2026-01-30 12:34:06 [INFO] [360/1000] val: Loss/val: 0.0206, Acc/val: 99.27%, F1/val: 91.07%, IoU/val: 83.60%, lr: 0.000727
2026-01-30 12:34:06 [INFO] [360/1000] 用时12.13秒。总用时:1.22小时。预计剩余时间:2.16小时
2026-01-30 12:34:15 [INFO] [361/1000] train: Loss/train: 0.0236, Acc/train: 99.32%, lr: 0.000725
2026-01-30 12:34:15 [INFO] GPU Reserved: 14500.0MB, GPU Allocated: 108.3MB
2026-01-30 12:34:18 [INFO] [361/1000] val: Loss/val: 0.0204, Acc/val: 99.29%, F1/val: 91.34%, IoU/val: 84.06%, lr: 0.000725
2026-01-30 12:34:18 [INFO] [361/1000] 用时12.30秒。总用时:1.22小时。预计剩余时间:2.16小时
2026-01-30 12:34:27 [INFO] [362/1000] train: Loss/train: 0.0216, Acc/train: 99.38%, lr: 0.000724
2026-01-30 12:34:27 [INFO] GPU Reserved: 14500.0MB, GPU Allocated: 108.3MB
2026-01-30 12:34:30 [INFO] [362/1000] val: Loss/val: 0.0202, Acc/val: 99.27%, F1/val: 91.13%, IoU/val: 83.70%, lr: 0.000724
2026-01-30 12:34:30 [INFO] [362/1000] 用时11.96秒。总用时:1.22小时。预计剩余时间:2.16小时
2026-01-30 12:34:39 [INFO] [363/1000] train: Loss/train: 0.0237, Acc/train: 99.33%, lr: 0.000722
2026-01-30 12:34:39 [INFO] GPU Reserved: 14500.0MB, GPU Allocated: 108.3MB
2026-01-30 12:34:42 [INFO] [363/1000] val: Loss/val: 0.0197, Acc/val: 99.29%, F1/val: 91.47%, IoU/val: 84.28%, lr: 0.000722
2026-01-30 12:34:42 [INFO] [363/1000] 用时12.11秒。总用时:1.23小时。预计剩余时间:2.15小时
2026-01-30 12:34:51 [INFO] [364/1000] train: Loss/train: 0.0220, Acc/train: 99.36%, lr: 0.000721
2026-01-30 12:34:51 [INFO] GPU Reserved: 14500.0MB, GPU Allocated: 108.3MB
2026-01-30 12:34:54 [INFO] [364/1000] val: Loss/val: 0.0200, Acc/val: 99.29%, F1/val: 91.52%, IoU/val: 84.37%, lr: 0.000721
2026-01-30 12:34:54 [INFO] [364/1000] 用时12.11秒。总用时:1.23小时。预计剩余时间:2.15小时
2026-01-30 12:35:04 [INFO] [365/1000] train: Loss/train: 0.0219, Acc/train: 99.37%, lr: 0.000720
2026-01-30 12:35:04 [INFO] GPU Reserved: 14500.0MB, GPU Allocated: 108.3MB
2026-01-30 12:35:06 [INFO] [365/1000] val: Loss/val: 0.0209, Acc/val: 99.28%, F1/val: 91.33%, IoU/val: 84.05%, lr: 0.000720
2026-01-30 12:35:06 [INFO] [365/1000] 用时12.18秒。总用时:1.23小时。预计剩余时间:2.15小时
2026-01-30 12:35:16 [INFO] [366/1000] train: Loss/train: 0.0224, Acc/train: 99.35%, lr: 0.000718
2026-01-30 12:35:16 [INFO] GPU Reserved: 14500.0MB, GPU Allocated: 108.3MB
2026-01-30 12:35:19 [INFO] [366/1000] val: Loss/val: 0.0215, Acc/val: 99.26%, F1/val: 91.17%, IoU/val: 83.77%, lr: 0.000718
2026-01-30 12:35:19 [INFO] [366/1000] 用时12.28秒。总用时:1.24小时。预计剩余时间:2.14小时
2026-01-30 12:35:28 [INFO] [367/1000] train: Loss/train: 0.0211, Acc/train: 99.39%, lr: 0.000717
2026-01-30 12:35:28 [INFO] GPU Reserved: 14500.0MB, GPU Allocated: 108.3MB
2026-01-30 12:35:31 [INFO] [367/1000] val: Loss/val: 0.0208, Acc/val: 99.28%, F1/val: 91.27%, IoU/val: 83.94%, lr: 0.000717
2026-01-30 12:35:31 [INFO] [367/1000] 用时11.92秒。总用时:1.24小时。预计剩余时间:2.14小时
2026-01-30 12:35:40 [INFO] [368/1000] train: Loss/train: 0.0208, Acc/train: 99.40%, lr: 0.000715
2026-01-30 12:35:40 [INFO] GPU Reserved: 14500.0MB, GPU Allocated: 108.3MB
2026-01-30 12:35:43 [INFO] [368/1000] val: Loss/val: 0.0211, Acc/val: 99.28%, F1/val: 91.37%, IoU/val: 84.11%, lr: 0.000715
2026-01-30 12:35:43 [INFO] [368/1000] 用时12.01秒。总用时:1.24小时。预计剩余时间:2.14小时
2026-01-30 12:35:52 [INFO] [369/1000] train: Loss/train: 0.0221, Acc/train: 99.36%, lr: 0.000714
2026-01-30 12:35:52 [INFO] GPU Reserved: 14500.0MB, GPU Allocated: 108.3MB
2026-01-30 12:35:55 [INFO] [369/1000] val: Loss/val: 0.0202, Acc/val: 99.29%, F1/val: 91.45%, IoU/val: 84.25%, lr: 0.000714
2026-01-30 12:35:55 [INFO] [369/1000] 用时12.37秒。总用时:1.25小时。预计剩余时间:2.13小时
2026-01-30 12:36:04 [INFO] [370/1000] train: Loss/train: 0.0216, Acc/train: 99.37%, lr: 0.000712
2026-01-30 12:36:04 [INFO] GPU Reserved: 14500.0MB, GPU Allocated: 108.3MB
2026-01-30 12:36:07 [INFO] [370/1000] val: Loss/val: 0.0210, Acc/val: 99.28%, F1/val: 91.14%, IoU/val: 83.73%, lr: 0.000712
2026-01-30 12:36:07 [INFO] [370/1000] 用时12.18秒。总用时:1.25小时。预计剩余时间:2.13小时
2026-01-30 12:36:16 [INFO] [371/1000] train: Loss/train: 0.0213, Acc/train: 99.38%, lr: 0.000711
2026-01-30 12:36:16 [INFO] GPU Reserved: 14500.0MB, GPU Allocated: 108.3MB
2026-01-30 12:36:19 [INFO] [371/1000] val: Loss/val: 0.0215, Acc/val: 99.28%, F1/val: 91.23%, IoU/val: 83.88%, lr: 0.000711
2026-01-30 12:36:19 [INFO] [371/1000] 用时12.00秒。总用时:1.25小时。预计剩余时间:2.13小时
2026-01-30 12:36:29 [INFO] [372/1000] train: Loss/train: 0.0209, Acc/train: 99.39%, lr: 0.000709
2026-01-30 12:36:29 [INFO] GPU Reserved: 14500.0MB, GPU Allocated: 108.3MB
2026-01-30 12:36:31 [INFO] [372/1000] val: Loss/val: 0.0207, Acc/val: 99.27%, F1/val: 91.28%, IoU/val: 83.95%, lr: 0.000709
2026-01-30 12:36:31 [INFO] [372/1000] 用时12.30秒。总用时:1.26小时。预计剩余时间:2.12小时
2026-01-30 12:36:41 [INFO] [373/1000] train: Loss/train: 0.0228, Acc/train: 99.36%, lr: 0.000708
2026-01-30 12:36:41 [INFO] GPU Reserved: 14500.0MB, GPU Allocated: 108.3MB
2026-01-30 12:36:44 [INFO] [373/1000] val: Loss/val: 0.0212, Acc/val: 99.27%, F1/val: 91.23%, IoU/val: 83.88%, lr: 0.000708
2026-01-30 12:36:44 [INFO] [373/1000] 用时12.17秒。总用时:1.26小时。预计剩余时间:2.12小时
2026-01-30 12:36:53 [INFO] [374/1000] train: Loss/train: 0.0206, Acc/train: 99.41%, lr: 0.000707
2026-01-30 12:36:53 [INFO] GPU Reserved: 14500.0MB, GPU Allocated: 108.3MB
2026-01-30 12:36:56 [INFO] [374/1000] val: Loss/val: 0.0207, Acc/val: 99.28%, F1/val: 91.33%, IoU/val: 84.04%, lr: 0.000707
2026-01-30 12:36:56 [INFO] [374/1000] 用时12.32秒。总用时:1.26小时。预计剩余时间:2.12小时
2026-01-30 12:37:05 [INFO] [375/1000] train: Loss/train: 0.0213, Acc/train: 99.39%, lr: 0.000705
2026-01-30 12:37:05 [INFO] GPU Reserved: 14500.0MB, GPU Allocated: 108.3MB
2026-01-30 12:37:08 [INFO] [375/1000] val: Loss/val: 0.0199, Acc/val: 99.30%, F1/val: 91.50%, IoU/val: 84.32%, lr: 0.000705
2026-01-30 12:37:08 [INFO] [375/1000] 用时11.95秒。总用时:1.27小时。预计剩余时间:2.11小时
2026-01-30 12:37:17 [INFO] [376/1000] train: Loss/train: 0.0216, Acc/train: 99.38%, lr: 0.000704
2026-01-30 12:37:17 [INFO] GPU Reserved: 14500.0MB, GPU Allocated: 108.3MB
2026-01-30 12:37:20 [INFO] [376/1000] val: Loss/val: 0.0203, Acc/val: 99.27%, F1/val: 91.18%, IoU/val: 83.79%, lr: 0.000704
2026-01-30 12:37:20 [INFO] [376/1000] 用时12.20秒。总用时:1.27小时。预计剩余时间:2.11小时
2026-01-30 12:37:30 [INFO] [377/1000] train: Loss/train: 0.0221, Acc/train: 99.36%, lr: 0.000702
2026-01-30 12:37:30 [INFO] GPU Reserved: 14500.0MB, GPU Allocated: 108.3MB
2026-01-30 12:37:32 [INFO] [377/1000] val: Loss/val: 0.0205, Acc/val: 99.28%, F1/val: 91.22%, IoU/val: 83.85%, lr: 0.000702
2026-01-30 12:37:32 [INFO] [377/1000] 用时12.21秒。总用时:1.27小时。预计剩余时间:2.10小时
2026-01-30 12:37:42 [INFO] [378/1000] train: Loss/train: 0.0229, Acc/train: 99.34%, lr: 0.000701
2026-01-30 12:37:42 [INFO] GPU Reserved: 14500.0MB, GPU Allocated: 108.3MB
2026-01-30 12:37:44 [INFO] [378/1000] val: Loss/val: 0.0200, Acc/val: 99.28%, F1/val: 91.31%, IoU/val: 84.01%, lr: 0.000701
2026-01-30 12:37:44 [INFO] [378/1000] 用时12.06秒。总用时:1.28小时。预计剩余时间:2.10小时
2026-01-30 12:37:54 [INFO] [379/1000] train: Loss/train: 0.0208, Acc/train: 99.40%, lr: 0.000699
2026-01-30 12:37:54 [INFO] GPU Reserved: 14500.0MB, GPU Allocated: 108.3MB
2026-01-30 12:37:56 [INFO] [379/1000] val: Loss/val: 0.0203, Acc/val: 99.30%, F1/val: 91.43%, IoU/val: 84.21%, lr: 0.000699
2026-01-30 12:37:56 [INFO] [379/1000] 用时11.94秒。总用时:1.28小时。预计剩余时间:2.10小时
2026-01-30 12:38:06 [INFO] [380/1000] train: Loss/train: 0.0224, Acc/train: 99.36%, lr: 0.000698
2026-01-30 12:38:06 [INFO] GPU Reserved: 14500.0MB, GPU Allocated: 108.3MB
2026-01-30 12:38:08 [INFO] [380/1000] val: Loss/val: 0.0204, Acc/val: 99.28%, F1/val: 91.24%, IoU/val: 83.88%, lr: 0.000698
2026-01-30 12:38:08 [INFO] [380/1000] 用时12.02秒。总用时:1.28小时。预计剩余时间:2.09小时
2026-01-30 12:38:17 [INFO] [381/1000] train: Loss/train: 0.0205, Acc/train: 99.41%, lr: 0.000696
2026-01-30 12:38:17 [INFO] GPU Reserved: 14500.0MB, GPU Allocated: 108.3MB
2026-01-30 12:38:20 [INFO] [381/1000] val: Loss/val: 0.0214, Acc/val: 99.27%, F1/val: 91.12%, IoU/val: 83.68%, lr: 0.000696
2026-01-30 12:38:20 [INFO] [381/1000] 用时11.83秒。总用时:1.29小时。预计剩余时间:2.09小时
2026-01-30 12:38:29 [INFO] [382/1000] train: Loss/train: 0.0208, Acc/train: 99.40%, lr: 0.000695
2026-01-30 12:38:29 [INFO] GPU Reserved: 14500.0MB, GPU Allocated: 108.3MB
2026-01-30 12:38:32 [INFO] [382/1000] val: Loss/val: 0.0201, Acc/val: 99.27%, F1/val: 91.15%, IoU/val: 83.75%, lr: 0.000695
2026-01-30 12:38:32 [INFO] [382/1000] 用时12.11秒。总用时:1.29小时。预计剩余时间:2.09小时
2026-01-30 12:38:42 [INFO] [383/1000] train: Loss/train: 0.0214, Acc/train: 99.38%, lr: 0.000693
2026-01-30 12:38:42 [INFO] GPU Reserved: 14500.0MB, GPU Allocated: 108.3MB
2026-01-30 12:38:45 [INFO] [383/1000] val: Loss/val: 0.0200, Acc/val: 99.28%, F1/val: 91.40%, IoU/val: 84.15%, lr: 0.000693
2026-01-30 12:38:45 [INFO] [383/1000] 用时12.27秒。总用时:1.29小时。预计剩余时间:2.08小时
2026-01-30 12:38:54 [INFO] [384/1000] train: Loss/train: 0.0214, Acc/train: 99.39%, lr: 0.000692
2026-01-30 12:38:54 [INFO] GPU Reserved: 14500.0MB, GPU Allocated: 108.3MB
2026-01-30 12:38:57 [INFO] [384/1000] val: Loss/val: 0.0194, Acc/val: 99.29%, F1/val: 91.42%, IoU/val: 84.19%, lr: 0.000692
2026-01-30 12:38:57 [INFO] [384/1000] 用时12.22秒。总用时:1.30小时。预计剩余时间:2.08小时
2026-01-30 12:39:06 [INFO] [385/1000] train: Loss/train: 0.0254, Acc/train: 99.27%, lr: 0.000690
2026-01-30 12:39:06 [INFO] GPU Reserved: 14500.0MB, GPU Allocated: 108.3MB
2026-01-30 12:39:09 [INFO] [385/1000] val: Loss/val: 0.0220, Acc/val: 99.23%, F1/val: 90.71%, IoU/val: 83.01%, lr: 0.000690
2026-01-30 12:39:09 [INFO] [385/1000] 用时12.21秒。总用时:1.30小时。预计剩余时间:2.08小时
2026-01-30 12:39:18 [INFO] [386/1000] train: Loss/train: 0.0222, Acc/train: 99.37%, lr: 0.000689
2026-01-30 12:39:18 [INFO] GPU Reserved: 14500.0MB, GPU Allocated: 108.3MB
2026-01-30 12:39:21 [INFO] [386/1000] val: Loss/val: 0.0199, Acc/val: 99.29%, F1/val: 91.41%, IoU/val: 84.19%, lr: 0.000689
2026-01-30 12:39:21 [INFO] [386/1000] 用时11.84秒。总用时:1.30小时。预计剩余时间:2.07小时
2026-01-30 12:39:30 [INFO] [387/1000] train: Loss/train: 0.0252, Acc/train: 99.30%, lr: 0.000687
2026-01-30 12:39:30 [INFO] GPU Reserved: 14500.0MB, GPU Allocated: 108.3MB
2026-01-30 12:39:33 [INFO] [387/1000] val: Loss/val: 0.0225, Acc/val: 99.22%, F1/val: 90.36%, IoU/val: 82.42%, lr: 0.000687
2026-01-30 12:39:33 [INFO] [387/1000] 用时12.33秒。总用时:1.31小时。预计剩余时间:2.07小时
2026-01-30 12:39:43 [INFO] [388/1000] train: Loss/train: 0.0257, Acc/train: 99.28%, lr: 0.000686
2026-01-30 12:39:43 [INFO] GPU Reserved: 14500.0MB, GPU Allocated: 108.3MB
2026-01-30 12:39:46 [INFO] [388/1000] val: Loss/val: 0.0224, Acc/val: 99.24%, F1/val: 90.75%, IoU/val: 83.07%, lr: 0.000686
2026-01-30 12:39:46 [INFO] [388/1000] 用时12.35秒。总用时:1.31小时。预计剩余时间:2.07小时
2026-01-30 12:39:55 [INFO] [389/1000] train: Loss/train: 0.0248, Acc/train: 99.29%, lr: 0.000685
2026-01-30 12:39:55 [INFO] GPU Reserved: 14500.0MB, GPU Allocated: 108.3MB
2026-01-30 12:39:58 [INFO] [389/1000] val: Loss/val: 0.0208, Acc/val: 99.26%, F1/val: 91.03%, IoU/val: 83.54%, lr: 0.000685
2026-01-30 12:39:58 [INFO] [389/1000] 用时12.27秒。总用时:1.31小时。预计剩余时间:2.06小时
2026-01-30 12:40:07 [INFO] [390/1000] train: Loss/train: 0.0224, Acc/train: 99.36%, lr: 0.000683
2026-01-30 12:40:07 [INFO] GPU Reserved: 14500.0MB, GPU Allocated: 108.3MB
2026-01-30 12:40:10 [INFO] [390/1000] val: Loss/val: 0.0211, Acc/val: 99.26%, F1/val: 90.99%, IoU/val: 83.47%, lr: 0.000683
2026-01-30 12:40:10 [INFO] [390/1000] 用时12.28秒。总用时:1.32小时。预计剩余时间:2.06小时
2026-01-30 12:40:19 [INFO] [391/1000] train: Loss/train: 0.0227, Acc/train: 99.35%, lr: 0.000682
2026-01-30 12:40:19 [INFO] GPU Reserved: 14500.0MB, GPU Allocated: 108.3MB
2026-01-30 12:40:22 [INFO] [391/1000] val: Loss/val: 0.0197, Acc/val: 99.28%, F1/val: 91.19%, IoU/val: 83.81%, lr: 0.000682
2026-01-30 12:40:22 [INFO] [391/1000] 用时12.11秒。总用时:1.32小时。预计剩余时间:2.06小时
2026-01-30 12:40:32 [INFO] [392/1000] train: Loss/train: 0.0224, Acc/train: 99.37%, lr: 0.000680
2026-01-30 12:40:32 [INFO] GPU Reserved: 14500.0MB, GPU Allocated: 108.3MB
2026-01-30 12:40:34 [INFO] [392/1000] val: Loss/val: 0.0217, Acc/val: 99.22%, F1/val: 90.49%, IoU/val: 82.63%, lr: 0.000680
2026-01-30 12:40:34 [INFO] [392/1000] 用时12.27秒。总用时:1.32小时。预计剩余时间:2.05小时
2026-01-30 12:40:44 [INFO] [393/1000] train: Loss/train: 0.0238, Acc/train: 99.31%, lr: 0.000679
2026-01-30 12:40:44 [INFO] GPU Reserved: 14500.0MB, GPU Allocated: 108.3MB
2026-01-30 12:40:47 [INFO] [393/1000] val: Loss/val: 0.0210, Acc/val: 99.28%, F1/val: 91.17%, IoU/val: 83.77%, lr: 0.000679
2026-01-30 12:40:47 [INFO] [393/1000] 用时12.35秒。总用时:1.33小时。预计剩余时间:2.05小时
2026-01-30 12:40:56 [INFO] [394/1000] train: Loss/train: 0.0227, Acc/train: 99.34%, lr: 0.000677
2026-01-30 12:40:56 [INFO] GPU Reserved: 14500.0MB, GPU Allocated: 108.3MB
2026-01-30 12:40:59 [INFO] [394/1000] val: Loss/val: 0.0200, Acc/val: 99.28%, F1/val: 91.28%, IoU/val: 83.95%, lr: 0.000677
2026-01-30 12:40:59 [INFO] [394/1000] 用时12.24秒。总用时:1.33小时。预计剩余时间:2.05小时
2026-01-30 12:41:08 [INFO] [395/1000] train: Loss/train: 0.0210, Acc/train: 99.39%, lr: 0.000676
2026-01-30 12:41:08 [INFO] GPU Reserved: 14500.0MB, GPU Allocated: 108.3MB
2026-01-30 12:41:11 [INFO] [395/1000] val: Loss/val: 0.0217, Acc/val: 99.27%, F1/val: 91.08%, IoU/val: 83.62%, lr: 0.000676
2026-01-30 12:41:11 [INFO] [395/1000] 用时12.27秒。总用时:1.33小时。预计剩余时间:2.04小时
2026-01-30 12:41:21 [INFO] [396/1000] train: Loss/train: 0.0223, Acc/train: 99.35%, lr: 0.000674
2026-01-30 12:41:21 [INFO] GPU Reserved: 14500.0MB, GPU Allocated: 108.3MB
2026-01-30 12:41:24 [INFO] [396/1000] val: Loss/val: 0.0202, Acc/val: 99.27%, F1/val: 91.07%, IoU/val: 83.60%, lr: 0.000674
2026-01-30 12:41:24 [INFO] [396/1000] 用时12.31秒。总用时:1.34小时。预计剩余时间:2.04小时
2026-01-30 12:41:33 [INFO] [397/1000] train: Loss/train: 0.0214, Acc/train: 99.38%, lr: 0.000673
2026-01-30 12:41:33 [INFO] GPU Reserved: 14500.0MB, GPU Allocated: 108.3MB
2026-01-30 12:41:36 [INFO] [397/1000] val: Loss/val: 0.0210, Acc/val: 99.27%, F1/val: 91.02%, IoU/val: 83.52%, lr: 0.000673
2026-01-30 12:41:36 [INFO] [397/1000] 用时12.25秒。总用时:1.34小时。预计剩余时间:2.04小时
2026-01-30 12:41:45 [INFO] [398/1000] train: Loss/train: 0.0217, Acc/train: 99.37%, lr: 0.000671
2026-01-30 12:41:45 [INFO] GPU Reserved: 14500.0MB, GPU Allocated: 108.3MB
2026-01-30 12:41:48 [INFO] [398/1000] val: Loss/val: 0.0201, Acc/val: 99.28%, F1/val: 91.13%, IoU/val: 83.71%, lr: 0.000671
2026-01-30 12:41:48 [INFO] [398/1000] 用时12.10秒。总用时:1.34小时。预计剩余时间:2.03小时
2026-01-30 12:41:57 [INFO] [399/1000] train: Loss/train: 0.0206, Acc/train: 99.41%, lr: 0.000670
2026-01-30 12:41:57 [INFO] GPU Reserved: 14500.0MB, GPU Allocated: 108.3MB
2026-01-30 12:42:00 [INFO] [399/1000] val: Loss/val: 0.0200, Acc/val: 99.29%, F1/val: 91.50%, IoU/val: 84.33%, lr: 0.000670
2026-01-30 12:42:00 [INFO] [399/1000] 用时12.32秒。总用时:1.35小时。预计剩余时间:2.03小时
2026-01-30 12:42:09 [INFO] [400/1000] train: Loss/train: 0.0218, Acc/train: 99.38%, lr: 0.000668
2026-01-30 12:42:09 [INFO] GPU Reserved: 14500.0MB, GPU Allocated: 108.3MB
2026-01-30 12:42:12 [INFO] [400/1000] val: Loss/val: 0.0201, Acc/val: 99.28%, F1/val: 91.50%, IoU/val: 84.33%, lr: 0.000668
2026-01-30 12:42:12 [INFO] [400/1000] 用时11.99秒。总用时:1.35小时。预计剩余时间:2.03小时
2026-01-30 12:42:22 [INFO] [401/1000] train: Loss/train: 0.0232, Acc/train: 99.33%, lr: 0.000667
2026-01-30 12:42:22 [INFO] GPU Reserved: 14500.0MB, GPU Allocated: 108.3MB
2026-01-30 12:42:24 [INFO] [401/1000] val: Loss/val: 0.0210, Acc/val: 99.26%, F1/val: 91.01%, IoU/val: 83.50%, lr: 0.000667
2026-01-30 12:42:24 [INFO] [401/1000] 用时12.06秒。总用时:1.35小时。预计剩余时间:2.02小时
2026-01-30 12:42:34 [INFO] [402/1000] train: Loss/train: 0.0212, Acc/train: 99.40%, lr: 0.000665
2026-01-30 12:42:34 [INFO] GPU Reserved: 14500.0MB, GPU Allocated: 108.3MB
2026-01-30 12:42:37 [INFO] [402/1000] val: Loss/val: 0.0207, Acc/val: 99.27%, F1/val: 91.09%, IoU/val: 83.63%, lr: 0.000665
2026-01-30 12:42:37 [INFO] [402/1000] 用时12.15秒。总用时:1.36小时。预计剩余时间:2.02小时
2026-01-30 12:42:46 [INFO] [403/1000] train: Loss/train: 0.0226, Acc/train: 99.35%, lr: 0.000664
2026-01-30 12:42:46 [INFO] GPU Reserved: 14500.0MB, GPU Allocated: 108.3MB
2026-01-30 12:42:48 [INFO] [403/1000] val: Loss/val: 0.0207, Acc/val: 99.28%, F1/val: 91.25%, IoU/val: 83.91%, lr: 0.000664
2026-01-30 12:42:48 [INFO] [403/1000] 用时11.90秒。总用时:1.36小时。预计剩余时间:2.02小时
2026-01-30 12:42:58 [INFO] [404/1000] train: Loss/train: 0.0209, Acc/train: 99.39%, lr: 0.000662
2026-01-30 12:42:58 [INFO] GPU Reserved: 14500.0MB, GPU Allocated: 108.3MB
2026-01-30 12:43:01 [INFO] [404/1000] val: Loss/val: 0.0204, Acc/val: 99.29%, F1/val: 91.43%, IoU/val: 84.21%, lr: 0.000662
2026-01-30 12:43:01 [INFO] [404/1000] 用时12.11秒。总用时:1.36小时。预计剩余时间:2.01小时
2026-01-30 12:43:10 [INFO] [405/1000] train: Loss/train: 0.0205, Acc/train: 99.41%, lr: 0.000661
2026-01-30 12:43:10 [INFO] GPU Reserved: 14500.0MB, GPU Allocated: 108.3MB
2026-01-30 12:43:13 [INFO] [405/1000] val: Loss/val: 0.0211, Acc/val: 99.29%, F1/val: 91.34%, IoU/val: 84.06%, lr: 0.000661
2026-01-30 12:43:13 [INFO] [405/1000] 用时12.00秒。总用时:1.37小时。预计剩余时间:2.01小时
2026-01-30 12:43:22 [INFO] [406/1000] train: Loss/train: 0.0218, Acc/train: 99.36%, lr: 0.000659
2026-01-30 12:43:22 [INFO] GPU Reserved: 14500.0MB, GPU Allocated: 108.3MB
2026-01-30 12:43:25 [INFO] [406/1000] val: Loss/val: 0.0213, Acc/val: 99.28%, F1/val: 91.07%, IoU/val: 83.60%, lr: 0.000659
2026-01-30 12:43:25 [INFO] [406/1000] 用时12.31秒。总用时:1.37小时。预计剩余时间:2.01小时
2026-01-30 12:43:34 [INFO] [407/1000] train: Loss/train: 0.0219, Acc/train: 99.36%, lr: 0.000658
2026-01-30 12:43:34 [INFO] GPU Reserved: 14500.0MB, GPU Allocated: 108.3MB
2026-01-30 12:43:37 [INFO] [407/1000] val: Loss/val: 0.0221, Acc/val: 99.24%, F1/val: 90.84%, IoU/val: 83.22%, lr: 0.000658
2026-01-30 12:43:37 [INFO] [407/1000] 用时12.32秒。总用时:1.38小时。预计剩余时间:2.00小时
2026-01-30 12:43:47 [INFO] [408/1000] train: Loss/train: 0.0213, Acc/train: 99.38%, lr: 0.000656
2026-01-30 12:43:47 [INFO] GPU Reserved: 14500.0MB, GPU Allocated: 108.3MB
2026-01-30 12:43:49 [INFO] [408/1000] val: Loss/val: 0.0214, Acc/val: 99.26%, F1/val: 90.99%, IoU/val: 83.46%, lr: 0.000656
2026-01-30 12:43:49 [INFO] [408/1000] 用时12.30秒。总用时:1.38小时。预计剩余时间:2.00小时
2026-01-30 12:43:59 [INFO] [409/1000] train: Loss/train: 0.0223, Acc/train: 99.36%, lr: 0.000655
2026-01-30 12:43:59 [INFO] GPU Reserved: 14500.0MB, GPU Allocated: 108.3MB
2026-01-30 12:44:02 [INFO] [409/1000] val: Loss/val: 0.0210, Acc/val: 99.28%, F1/val: 91.23%, IoU/val: 83.87%, lr: 0.000655
2026-01-30 12:44:02 [INFO] [409/1000] 用时12.31秒。总用时:1.38小时。预计剩余时间:2.00小时
2026-01-30 12:44:11 [INFO] [410/1000] train: Loss/train: 0.0218, Acc/train: 99.37%, lr: 0.000653
2026-01-30 12:44:11 [INFO] GPU Reserved: 14500.0MB, GPU Allocated: 108.3MB
2026-01-30 12:44:14 [INFO] [410/1000] val: Loss/val: 0.0223, Acc/val: 99.26%, F1/val: 91.00%, IoU/val: 83.49%, lr: 0.000653
2026-01-30 12:44:14 [INFO] [410/1000] 用时12.35秒。总用时:1.39小时。预计剩余时间:1.99小时
2026-01-30 12:44:23 [INFO] [411/1000] train: Loss/train: 0.0213, Acc/train: 99.39%, lr: 0.000651
2026-01-30 12:44:23 [INFO] GPU Reserved: 14500.0MB, GPU Allocated: 108.3MB
2026-01-30 12:44:26 [INFO] [411/1000] val: Loss/val: 0.0211, Acc/val: 99.27%, F1/val: 91.06%, IoU/val: 83.59%, lr: 0.000651
2026-01-30 12:44:26 [INFO] [411/1000] 用时12.19秒。总用时:1.39小时。预计剩余时间:1.99小时
2026-01-30 12:44:36 [INFO] [412/1000] train: Loss/train: 0.0216, Acc/train: 99.37%, lr: 0.000650
2026-01-30 12:44:36 [INFO] GPU Reserved: 14500.0MB, GPU Allocated: 108.3MB
2026-01-30 12:44:39 [INFO] [412/1000] val: Loss/val: 0.0206, Acc/val: 99.29%, F1/val: 91.42%, IoU/val: 84.20%, lr: 0.000650
2026-01-30 12:44:39 [INFO] [412/1000] 用时12.27秒。总用时:1.39小时。预计剩余时间:1.99小时
2026-01-30 12:44:48 [INFO] [413/1000] train: Loss/train: 0.0218, Acc/train: 99.37%, lr: 0.000648
2026-01-30 12:44:48 [INFO] GPU Reserved: 14500.0MB, GPU Allocated: 108.3MB
2026-01-30 12:44:51 [INFO] [413/1000] val: Loss/val: 0.0205, Acc/val: 99.29%, F1/val: 91.35%, IoU/val: 84.07%, lr: 0.000648
2026-01-30 12:44:51 [INFO] [413/1000] 用时12.19秒。总用时:1.40小时。预计剩余时间:1.98小时
2026-01-30 12:45:00 [INFO] [414/1000] train: Loss/train: 0.0209, Acc/train: 99.39%, lr: 0.000647
2026-01-30 12:45:00 [INFO] GPU Reserved: 14500.0MB, GPU Allocated: 108.3MB
2026-01-30 12:45:03 [INFO] [414/1000] val: Loss/val: 0.0219, Acc/val: 99.26%, F1/val: 91.05%, IoU/val: 83.58%, lr: 0.000647
2026-01-30 12:45:03 [INFO] [414/1000] 用时12.31秒。总用时:1.40小时。预计剩余时间:1.98小时
2026-01-30 12:45:12 [INFO] [415/1000] train: Loss/train: 0.0221, Acc/train: 99.35%, lr: 0.000645
2026-01-30 12:45:12 [INFO] GPU Reserved: 14500.0MB, GPU Allocated: 108.3MB
2026-01-30 12:45:15 [INFO] [415/1000] val: Loss/val: 0.0207, Acc/val: 99.28%, F1/val: 91.20%, IoU/val: 83.83%, lr: 0.000645
2026-01-30 12:45:15 [INFO] [415/1000] 用时12.09秒。总用时:1.40小时。预计剩余时间:1.98小时
2026-01-30 12:45:24 [INFO] [416/1000] train: Loss/train: 0.0216, Acc/train: 99.37%, lr: 0.000644
2026-01-30 12:45:24 [INFO] GPU Reserved: 14500.0MB, GPU Allocated: 108.3MB
2026-01-30 12:45:27 [INFO] [416/1000] val: Loss/val: 0.0204, Acc/val: 99.29%, F1/val: 91.48%, IoU/val: 84.30%, lr: 0.000644
2026-01-30 12:45:27 [INFO] [416/1000] 用时12.09秒。总用时:1.41小时。预计剩余时间:1.97小时
2026-01-30 12:45:37 [INFO] [417/1000] train: Loss/train: 0.0206, Acc/train: 99.40%, lr: 0.000642
2026-01-30 12:45:37 [INFO] GPU Reserved: 14500.0MB, GPU Allocated: 108.3MB
2026-01-30 12:45:39 [INFO] [417/1000] val: Loss/val: 0.0227, Acc/val: 99.24%, F1/val: 90.63%, IoU/val: 82.87%, lr: 0.000642
2026-01-30 12:45:39 [INFO] [417/1000] 用时12.23秒。总用时:1.41小时。预计剩余时间:1.97小时
2026-01-30 12:45:49 [INFO] [418/1000] train: Loss/train: 0.0212, Acc/train: 99.38%, lr: 0.000641
2026-01-30 12:45:49 [INFO] GPU Reserved: 14500.0MB, GPU Allocated: 108.3MB
2026-01-30 12:45:52 [INFO] [418/1000] val: Loss/val: 0.0224, Acc/val: 99.26%, F1/val: 90.87%, IoU/val: 83.26%, lr: 0.000641
2026-01-30 12:45:52 [INFO] [418/1000] 用时12.18秒。总用时:1.41小时。预计剩余时间:1.97小时
2026-01-30 12:46:01 [INFO] [419/1000] train: Loss/train: 0.0208, Acc/train: 99.39%, lr: 0.000639
2026-01-30 12:46:01 [INFO] GPU Reserved: 14500.0MB, GPU Allocated: 108.3MB
2026-01-30 12:46:04 [INFO] [419/1000] val: Loss/val: 0.0199, Acc/val: 99.29%, F1/val: 91.46%, IoU/val: 84.27%, lr: 0.000639
2026-01-30 12:46:04 [INFO] [419/1000] 用时12.23秒。总用时:1.42小时。预计剩余时间:1.96小时
2026-01-30 12:46:13 [INFO] [420/1000] train: Loss/train: 0.0221, Acc/train: 99.35%, lr: 0.000638
2026-01-30 12:46:13 [INFO] GPU Reserved: 14500.0MB, GPU Allocated: 108.3MB
2026-01-30 12:46:16 [INFO] [420/1000] val: Loss/val: 0.0200, Acc/val: 99.28%, F1/val: 91.35%, IoU/val: 84.08%, lr: 0.000638
2026-01-30 12:46:16 [INFO] [420/1000] 用时11.98秒。总用时:1.42小时。预计剩余时间:1.96小时
2026-01-30 12:46:25 [INFO] [421/1000] train: Loss/train: 0.0218, Acc/train: 99.37%, lr: 0.000636
2026-01-30 12:46:25 [INFO] GPU Reserved: 14500.0MB, GPU Allocated: 108.3MB
2026-01-30 12:46:28 [INFO] [421/1000] val: Loss/val: 0.0211, Acc/val: 99.29%, F1/val: 91.41%, IoU/val: 84.19%, lr: 0.000636
2026-01-30 12:46:28 [INFO] [421/1000] 用时12.29秒。总用时:1.42小时。预计剩余时间:1.96小时
2026-01-30 12:46:38 [INFO] [422/1000] train: Loss/train: 0.0213, Acc/train: 99.38%, lr: 0.000635
2026-01-30 12:46:38 [INFO] GPU Reserved: 14500.0MB, GPU Allocated: 108.3MB
2026-01-30 12:46:40 [INFO] [422/1000] val: Loss/val: 0.0213, Acc/val: 99.26%, F1/val: 90.94%, IoU/val: 83.39%, lr: 0.000635
2026-01-30 12:46:40 [INFO] [422/1000] 用时12.29秒。总用时:1.43小时。预计剩余时间:1.95小时
2026-01-30 12:46:50 [INFO] [423/1000] train: Loss/train: 0.0224, Acc/train: 99.36%, lr: 0.000633
2026-01-30 12:46:50 [INFO] GPU Reserved: 14500.0MB, GPU Allocated: 108.3MB
2026-01-30 12:46:53 [INFO] [423/1000] val: Loss/val: 0.0208, Acc/val: 99.28%, F1/val: 91.32%, IoU/val: 84.03%, lr: 0.000633
2026-01-30 12:46:53 [INFO] [423/1000] 用时12.06秒。总用时:1.43小时。预计剩余时间:1.95小时
2026-01-30 12:47:02 [INFO] [424/1000] train: Loss/train: 0.0209, Acc/train: 99.40%, lr: 0.000632
2026-01-30 12:47:02 [INFO] GPU Reserved: 14500.0MB, GPU Allocated: 108.3MB
2026-01-30 12:47:05 [INFO] [424/1000] val: Loss/val: 0.0211, Acc/val: 99.29%, F1/val: 91.33%, IoU/val: 84.05%, lr: 0.000632
2026-01-30 12:47:05 [INFO] [424/1000] 用时12.23秒。总用时:1.43小时。预计剩余时间:1.95小时
2026-01-30 12:47:14 [INFO] [425/1000] train: Loss/train: 0.0211, Acc/train: 99.38%, lr: 0.000630
2026-01-30 12:47:14 [INFO] GPU Reserved: 14500.0MB, GPU Allocated: 108.3MB
2026-01-30 12:47:17 [INFO] [425/1000] val: Loss/val: 0.0220, Acc/val: 99.28%, F1/val: 91.08%, IoU/val: 83.62%, lr: 0.000630
2026-01-30 12:47:17 [INFO] [425/1000] 用时12.17秒。总用时:1.44小时。预计剩余时间:1.94小时
2026-01-30 12:47:26 [INFO] [426/1000] train: Loss/train: 0.0222, Acc/train: 99.35%, lr: 0.000629
2026-01-30 12:47:26 [INFO] GPU Reserved: 14500.0MB, GPU Allocated: 108.3MB
2026-01-30 12:47:29 [INFO] [426/1000] val: Loss/val: 0.0206, Acc/val: 99.28%, F1/val: 91.35%, IoU/val: 84.07%, lr: 0.000629
2026-01-30 12:47:29 [INFO] [426/1000] 用时11.95秒。总用时:1.44小时。预计剩余时间:1.94小时
2026-01-30 12:47:38 [INFO] [427/1000] train: Loss/train: 0.0206, Acc/train: 99.41%, lr: 0.000627
2026-01-30 12:47:38 [INFO] GPU Reserved: 14500.0MB, GPU Allocated: 108.3MB
2026-01-30 12:47:41 [INFO] [427/1000] val: Loss/val: 0.0217, Acc/val: 99.28%, F1/val: 91.21%, IoU/val: 83.84%, lr: 0.000627
2026-01-30 12:47:41 [INFO] [427/1000] 用时12.13秒。总用时:1.44小时。预计剩余时间:1.94小时
2026-01-30 12:47:50 [INFO] [428/1000] train: Loss/train: 0.0211, Acc/train: 99.39%, lr: 0.000625
2026-01-30 12:47:50 [INFO] GPU Reserved: 14500.0MB, GPU Allocated: 108.3MB
2026-01-30 12:47:53 [INFO] [428/1000] val: Loss/val: 0.0217, Acc/val: 99.27%, F1/val: 91.04%, IoU/val: 83.56%, lr: 0.000625
2026-01-30 12:47:53 [INFO] [428/1000] 用时11.95秒。总用时:1.45小时。预计剩余时间:1.93小时
2026-01-30 12:48:02 [INFO] [429/1000] train: Loss/train: 0.0215, Acc/train: 99.38%, lr: 0.000624
2026-01-30 12:48:02 [INFO] GPU Reserved: 14500.0MB, GPU Allocated: 108.3MB
2026-01-30 12:48:05 [INFO] [429/1000] val: Loss/val: 0.0206, Acc/val: 99.28%, F1/val: 91.37%, IoU/val: 84.11%, lr: 0.000624
2026-01-30 12:48:05 [INFO] [429/1000] 用时12.39秒。总用时:1.45小时。预计剩余时间:1.93小时
2026-01-30 12:48:15 [INFO] [430/1000] train: Loss/train: 0.0204, Acc/train: 99.41%, lr: 0.000622
2026-01-30 12:48:15 [INFO] GPU Reserved: 14500.0MB, GPU Allocated: 108.3MB
2026-01-30 12:48:17 [INFO] [430/1000] val: Loss/val: 0.0214, Acc/val: 99.28%, F1/val: 91.34%, IoU/val: 84.06%, lr: 0.000622
2026-01-30 12:48:17 [INFO] [430/1000] 用时12.07秒。总用时:1.45小时。预计剩余时间:1.93小时
2026-01-30 12:48:27 [INFO] [431/1000] train: Loss/train: 0.0213, Acc/train: 99.39%, lr: 0.000621
2026-01-30 12:48:27 [INFO] GPU Reserved: 14500.0MB, GPU Allocated: 108.3MB
2026-01-30 12:48:30 [INFO] [431/1000] val: Loss/val: 0.0212, Acc/val: 99.28%, F1/val: 91.23%, IoU/val: 83.88%, lr: 0.000621
2026-01-30 12:48:30 [INFO] [431/1000] 用时12.33秒。总用时:1.46小时。预计剩余时间:1.92小时
2026-01-30 12:48:39 [INFO] [432/1000] train: Loss/train: 0.0206, Acc/train: 99.40%, lr: 0.000619
2026-01-30 12:48:39 [INFO] GPU Reserved: 14500.0MB, GPU Allocated: 108.3MB
2026-01-30 12:48:42 [INFO] [432/1000] val: Loss/val: 0.0210, Acc/val: 99.29%, F1/val: 91.50%, IoU/val: 84.33%, lr: 0.000619
2026-01-30 12:48:42 [INFO] [432/1000] 用时12.15秒。总用时:1.46小时。预计剩余时间:1.92小时
2026-01-30 12:48:51 [INFO] [433/1000] train: Loss/train: 0.0215, Acc/train: 99.38%, lr: 0.000618
2026-01-30 12:48:51 [INFO] GPU Reserved: 14500.0MB, GPU Allocated: 108.3MB
2026-01-30 12:48:54 [INFO] [433/1000] val: Loss/val: 0.0217, Acc/val: 99.27%, F1/val: 91.03%, IoU/val: 83.53%, lr: 0.000618
2026-01-30 12:48:54 [INFO] [433/1000] 用时12.24秒。总用时:1.46小时。预计剩余时间:1.92小时
2026-01-30 12:49:03 [INFO] [434/1000] train: Loss/train: 0.0201, Acc/train: 99.41%, lr: 0.000616
2026-01-30 12:49:03 [INFO] GPU Reserved: 14500.0MB, GPU Allocated: 108.3MB
2026-01-30 12:49:06 [INFO] [434/1000] val: Loss/val: 0.0214, Acc/val: 99.28%, F1/val: 91.18%, IoU/val: 83.78%, lr: 0.000616
2026-01-30 12:49:06 [INFO] [434/1000] 用时11.99秒。总用时:1.47小时。预计剩余时间:1.91小时
2026-01-30 12:49:16 [INFO] [435/1000] train: Loss/train: 0.0213, Acc/train: 99.38%, lr: 0.000615
2026-01-30 12:49:16 [INFO] GPU Reserved: 14500.0MB, GPU Allocated: 108.3MB
2026-01-30 12:49:18 [INFO] [435/1000] val: Loss/val: 0.0217, Acc/val: 99.27%, F1/val: 91.24%, IoU/val: 83.89%, lr: 0.000615
2026-01-30 12:49:18 [INFO] [435/1000] 用时12.29秒。总用时:1.47小时。预计剩余时间:1.91小时
2026-01-30 12:49:28 [INFO] [436/1000] train: Loss/train: 0.0214, Acc/train: 99.38%, lr: 0.000613
2026-01-30 12:49:28 [INFO] GPU Reserved: 14500.0MB, GPU Allocated: 108.3MB
2026-01-30 12:49:31 [INFO] [436/1000] val: Loss/val: 0.0221, Acc/val: 99.27%, F1/val: 91.14%, IoU/val: 83.72%, lr: 0.000613
2026-01-30 12:49:31 [INFO] [436/1000] 用时12.35秒。总用时:1.47小时。预计剩余时间:1.91小时
2026-01-30 12:49:40 [INFO] [437/1000] train: Loss/train: 0.0209, Acc/train: 99.38%, lr: 0.000611
2026-01-30 12:49:40 [INFO] GPU Reserved: 14500.0MB, GPU Allocated: 108.3MB
2026-01-30 12:49:43 [INFO] [437/1000] val: Loss/val: 0.0214, Acc/val: 99.28%, F1/val: 91.23%, IoU/val: 83.87%, lr: 0.000611
2026-01-30 12:49:43 [INFO] [437/1000] 用时11.93秒。总用时:1.48小时。预计剩余时间:1.90小时
2026-01-30 12:49:52 [INFO] [438/1000] train: Loss/train: 0.0204, Acc/train: 99.41%, lr: 0.000610
2026-01-30 12:49:52 [INFO] GPU Reserved: 14500.0MB, GPU Allocated: 108.3MB
2026-01-30 12:49:55 [INFO] [438/1000] val: Loss/val: 0.0214, Acc/val: 99.27%, F1/val: 91.02%, IoU/val: 83.52%, lr: 0.000610
2026-01-30 12:49:55 [INFO] [438/1000] 用时12.09秒。总用时:1.48小时。预计剩余时间:1.90小时
2026-01-30 12:50:04 [INFO] [439/1000] train: Loss/train: 0.0225, Acc/train: 99.35%, lr: 0.000608
2026-01-30 12:50:04 [INFO] GPU Reserved: 14500.0MB, GPU Allocated: 108.3MB
2026-01-30 12:50:07 [INFO] [439/1000] val: Loss/val: 0.0221, Acc/val: 99.26%, F1/val: 90.95%, IoU/val: 83.39%, lr: 0.000608
2026-01-30 12:50:07 [INFO] [439/1000] 用时12.14秒。总用时:1.48小时。预计剩余时间:1.90小时
2026-01-30 12:50:16 [INFO] [440/1000] train: Loss/train: 0.0223, Acc/train: 99.34%, lr: 0.000607
2026-01-30 12:50:16 [INFO] GPU Reserved: 14500.0MB, GPU Allocated: 108.3MB
2026-01-30 12:50:19 [INFO] [440/1000] val: Loss/val: 0.0219, Acc/val: 99.27%, F1/val: 91.14%, IoU/val: 83.72%, lr: 0.000607
2026-01-30 12:50:19 [INFO] [440/1000] 用时12.10秒。总用时:1.49小时。预计剩余时间:1.89小时
2026-01-30 12:50:28 [INFO] [441/1000] train: Loss/train: 0.0211, Acc/train: 99.38%, lr: 0.000605
2026-01-30 12:50:28 [INFO] GPU Reserved: 14500.0MB, GPU Allocated: 108.3MB
2026-01-30 12:50:31 [INFO] [441/1000] val: Loss/val: 0.0208, Acc/val: 99.27%, F1/val: 91.24%, IoU/val: 83.89%, lr: 0.000605
2026-01-30 12:50:31 [INFO] [441/1000] 用时12.12秒。总用时:1.49小时。预计剩余时间:1.89小时
2026-01-30 12:50:40 [INFO] [442/1000] train: Loss/train: 0.0205, Acc/train: 99.41%, lr: 0.000604
2026-01-30 12:50:40 [INFO] GPU Reserved: 14500.0MB, GPU Allocated: 108.3MB
2026-01-30 12:50:43 [INFO] [442/1000] val: Loss/val: 0.0208, Acc/val: 99.28%, F1/val: 91.31%, IoU/val: 84.00%, lr: 0.000604
2026-01-30 12:50:43 [INFO] [442/1000] 用时11.87秒。总用时:1.49小时。预计剩余时间:1.89小时
2026-01-30 12:50:52 [INFO] [443/1000] train: Loss/train: 0.0208, Acc/train: 99.39%, lr: 0.000602
2026-01-30 12:50:52 [INFO] GPU Reserved: 14500.0MB, GPU Allocated: 108.3MB
2026-01-30 12:50:55 [INFO] [443/1000] val: Loss/val: 0.0222, Acc/val: 99.26%, F1/val: 90.96%, IoU/val: 83.42%, lr: 0.000602
2026-01-30 12:50:55 [INFO] [443/1000] 用时12.18秒。总用时:1.50小时。预计剩余时间:1.88小时
2026-01-30 12:51:04 [INFO] [444/1000] train: Loss/train: 0.0213, Acc/train: 99.38%, lr: 0.000601
2026-01-30 12:51:04 [INFO] GPU Reserved: 14500.0MB, GPU Allocated: 108.3MB
2026-01-30 12:51:07 [INFO] [444/1000] val: Loss/val: 0.0223, Acc/val: 99.25%, F1/val: 90.83%, IoU/val: 83.21%, lr: 0.000601
2026-01-30 12:51:07 [INFO] [444/1000] 用时12.18秒。总用时:1.50小时。预计剩余时间:1.88小时
2026-01-30 12:51:16 [INFO] [445/1000] train: Loss/train: 0.0215, Acc/train: 99.39%, lr: 0.000599
2026-01-30 12:51:16 [INFO] GPU Reserved: 14500.0MB, GPU Allocated: 108.3MB
2026-01-30 12:51:19 [INFO] [445/1000] val: Loss/val: 0.0209, Acc/val: 99.27%, F1/val: 91.10%, IoU/val: 83.66%, lr: 0.000599
2026-01-30 12:51:19 [INFO] [445/1000] 用时11.89秒。总用时:1.50小时。预计剩余时间:1.88小时
2026-01-30 12:51:29 [INFO] [446/1000] train: Loss/train: 0.0223, Acc/train: 99.36%, lr: 0.000597
2026-01-30 12:51:29 [INFO] GPU Reserved: 14500.0MB, GPU Allocated: 108.3MB
2026-01-30 12:51:31 [INFO] [446/1000] val: Loss/val: 0.0215, Acc/val: 99.26%, F1/val: 90.90%, IoU/val: 83.32%, lr: 0.000597
2026-01-30 12:51:31 [INFO] [446/1000] 用时12.24秒。总用时:1.51小时。预计剩余时间:1.87小时
2026-01-30 12:51:41 [INFO] [447/1000] train: Loss/train: 0.0217, Acc/train: 99.38%, lr: 0.000596
2026-01-30 12:51:41 [INFO] GPU Reserved: 14500.0MB, GPU Allocated: 108.3MB
2026-01-30 12:51:44 [INFO] [447/1000] val: Loss/val: 0.0211, Acc/val: 99.28%, F1/val: 91.43%, IoU/val: 84.22%, lr: 0.000596
2026-01-30 12:51:44 [INFO] [447/1000] 用时12.02秒。总用时:1.51小时。预计剩余时间:1.87小时
2026-01-30 12:51:53 [INFO] [448/1000] train: Loss/train: 0.0212, Acc/train: 99.38%, lr: 0.000594
2026-01-30 12:51:53 [INFO] GPU Reserved: 14500.0MB, GPU Allocated: 108.3MB
2026-01-30 12:51:56 [INFO] [448/1000] val: Loss/val: 0.0209, Acc/val: 99.28%, F1/val: 91.15%, IoU/val: 83.74%, lr: 0.000594
2026-01-30 12:51:56 [INFO] [448/1000] 用时12.30秒。总用时:1.51小时。预计剩余时间:1.86小时
2026-01-30 12:52:05 [INFO] [449/1000] train: Loss/train: 0.0212, Acc/train: 99.38%, lr: 0.000593
2026-01-30 12:52:05 [INFO] GPU Reserved: 14500.0MB, GPU Allocated: 108.3MB
2026-01-30 12:52:08 [INFO] [449/1000] val: Loss/val: 0.0216, Acc/val: 99.30%, F1/val: 91.56%, IoU/val: 84.43%, lr: 0.000593
2026-01-30 12:52:08 [INFO] [449/1000] 用时11.99秒。总用时:1.52小时。预计剩余时间:1.86小时
2026-01-30 12:52:17 [INFO] [450/1000] train: Loss/train: 0.0219, Acc/train: 99.36%, lr: 0.000591
2026-01-30 12:52:17 [INFO] GPU Reserved: 14500.0MB, GPU Allocated: 108.3MB
2026-01-30 12:52:20 [INFO] [450/1000] val: Loss/val: 0.0213, Acc/val: 99.29%, F1/val: 91.50%, IoU/val: 84.34%, lr: 0.000591
2026-01-30 12:52:20 [INFO] [450/1000] 用时12.01秒。总用时:1.52小时。预计剩余时间:1.86小时
2026-01-30 12:52:29 [INFO] [451/1000] train: Loss/train: 0.0218, Acc/train: 99.37%, lr: 0.000590
2026-01-30 12:52:29 [INFO] GPU Reserved: 14500.0MB, GPU Allocated: 108.3MB
2026-01-30 12:52:32 [INFO] [451/1000] val: Loss/val: 0.0204, Acc/val: 99.29%, F1/val: 91.44%, IoU/val: 84.22%, lr: 0.000590
2026-01-30 12:52:32 [INFO] [451/1000] 用时12.36秒。总用时:1.52小时。预计剩余时间:1.85小时
2026-01-30 12:52:41 [INFO] [452/1000] train: Loss/train: 0.0204, Acc/train: 99.41%, lr: 0.000588
2026-01-30 12:52:41 [INFO] GPU Reserved: 14500.0MB, GPU Allocated: 108.3MB
2026-01-30 12:52:44 [INFO] [452/1000] val: Loss/val: 0.0213, Acc/val: 99.28%, F1/val: 91.36%, IoU/val: 84.09%, lr: 0.000588
2026-01-30 12:52:44 [INFO] [452/1000] 用时12.15秒。总用时:1.53小时。预计剩余时间:1.85小时
2026-01-30 12:52:53 [INFO] [453/1000] train: Loss/train: 0.0213, Acc/train: 99.38%, lr: 0.000586
2026-01-30 12:52:53 [INFO] GPU Reserved: 14500.0MB, GPU Allocated: 108.3MB
2026-01-30 12:52:56 [INFO] [453/1000] val: Loss/val: 0.0204, Acc/val: 99.30%, F1/val: 91.42%, IoU/val: 84.20%, lr: 0.000586
2026-01-30 12:52:56 [INFO] [453/1000] 用时11.98秒。总用时:1.53小时。预计剩余时间:1.85小时
2026-01-30 12:53:06 [INFO] [454/1000] train: Loss/train: 0.0214, Acc/train: 99.38%, lr: 0.000585
2026-01-30 12:53:06 [INFO] GPU Reserved: 14500.0MB, GPU Allocated: 108.3MB
2026-01-30 12:53:09 [INFO] [454/1000] val: Loss/val: 0.0232, Acc/val: 99.24%, F1/val: 90.95%, IoU/val: 83.39%, lr: 0.000585
2026-01-30 12:53:09 [INFO] [454/1000] 用时12.36秒。总用时:1.53小时。预计剩余时间:1.84小时
2026-01-30 12:53:18 [INFO] [455/1000] train: Loss/train: 0.0224, Acc/train: 99.35%, lr: 0.000583
2026-01-30 12:53:18 [INFO] GPU Reserved: 14500.0MB, GPU Allocated: 108.3MB
2026-01-30 12:53:21 [INFO] [455/1000] val: Loss/val: 0.0216, Acc/val: 99.24%, F1/val: 90.98%, IoU/val: 83.45%, lr: 0.000583
2026-01-30 12:53:21 [INFO] [455/1000] 用时12.34秒。总用时:1.54小时。预计剩余时间:1.84小时
2026-01-30 12:53:30 [INFO] [456/1000] train: Loss/train: 0.0234, Acc/train: 99.32%, lr: 0.000582
2026-01-30 12:53:30 [INFO] GPU Reserved: 14500.0MB, GPU Allocated: 108.3MB
2026-01-30 12:53:33 [INFO] [456/1000] val: Loss/val: 0.0233, Acc/val: 99.21%, F1/val: 90.35%, IoU/val: 82.40%, lr: 0.000582
2026-01-30 12:53:33 [INFO] [456/1000] 用时12.29秒。总用时:1.54小时。预计剩余时间:1.84小时
2026-01-30 12:53:43 [INFO] [457/1000] train: Loss/train: 0.0212, Acc/train: 99.39%, lr: 0.000580
2026-01-30 12:53:43 [INFO] GPU Reserved: 14500.0MB, GPU Allocated: 108.3MB
2026-01-30 12:53:46 [INFO] [457/1000] val: Loss/val: 0.0211, Acc/val: 99.27%, F1/val: 90.99%, IoU/val: 83.48%, lr: 0.000580
2026-01-30 12:53:46 [INFO] [457/1000] 用时12.40秒。总用时:1.54小时。预计剩余时间:1.83小时
2026-01-30 12:53:55 [INFO] [458/1000] train: Loss/train: 0.0211, Acc/train: 99.39%, lr: 0.000579
2026-01-30 12:53:55 [INFO] GPU Reserved: 14500.0MB, GPU Allocated: 108.3MB
2026-01-30 12:53:58 [INFO] [458/1000] val: Loss/val: 0.0203, Acc/val: 99.29%, F1/val: 91.48%, IoU/val: 84.29%, lr: 0.000579
2026-01-30 12:53:58 [INFO] [458/1000] 用时12.34秒。总用时:1.55小时。预计剩余时间:1.83小时
2026-01-30 12:54:07 [INFO] [459/1000] train: Loss/train: 0.0225, Acc/train: 99.35%, lr: 0.000577
2026-01-30 12:54:07 [INFO] GPU Reserved: 14500.0MB, GPU Allocated: 108.3MB
2026-01-30 12:54:10 [INFO] [459/1000] val: Loss/val: 0.0201, Acc/val: 99.26%, F1/val: 91.19%, IoU/val: 83.81%, lr: 0.000577
2026-01-30 12:54:10 [INFO] [459/1000] 用时12.26秒。总用时:1.55小时。预计剩余时间:1.83小时
2026-01-30 12:54:20 [INFO] [460/1000] train: Loss/train: 0.0227, Acc/train: 99.35%, lr: 0.000575
2026-01-30 12:54:20 [INFO] GPU Reserved: 14500.0MB, GPU Allocated: 108.3MB
2026-01-30 12:54:23 [INFO] [460/1000] val: Loss/val: 0.0218, Acc/val: 99.26%, F1/val: 91.05%, IoU/val: 83.58%, lr: 0.000575
2026-01-30 12:54:23 [INFO] [460/1000] 用时12.22秒。总用时:1.55小时。预计剩余时间:1.82小时
2026-01-30 12:54:32 [INFO] [461/1000] train: Loss/train: 0.0221, Acc/train: 99.36%, lr: 0.000574
2026-01-30 12:54:32 [INFO] GPU Reserved: 14500.0MB, GPU Allocated: 108.3MB
2026-01-30 12:54:35 [INFO] [461/1000] val: Loss/val: 0.0204, Acc/val: 99.25%, F1/val: 91.10%, IoU/val: 83.66%, lr: 0.000574
2026-01-30 12:54:35 [INFO] [461/1000] 用时12.36秒。总用时:1.56小时。预计剩余时间:1.82小时
2026-01-30 12:54:44 [INFO] [462/1000] train: Loss/train: 0.0231, Acc/train: 99.36%, lr: 0.000572
2026-01-30 12:54:44 [INFO] GPU Reserved: 14500.0MB, GPU Allocated: 108.3MB
2026-01-30 12:54:47 [INFO] [462/1000] val: Loss/val: 0.0223, Acc/val: 99.25%, F1/val: 90.84%, IoU/val: 83.21%, lr: 0.000572
2026-01-30 12:54:47 [INFO] [462/1000] 用时12.18秒。总用时:1.56小时。预计剩余时间:1.82小时
2026-01-30 12:54:56 [INFO] [463/1000] train: Loss/train: 0.0216, Acc/train: 99.38%, lr: 0.000571
2026-01-30 12:54:56 [INFO] GPU Reserved: 14500.0MB, GPU Allocated: 108.3MB
2026-01-30 12:54:59 [INFO] [463/1000] val: Loss/val: 0.0223, Acc/val: 99.26%, F1/val: 91.02%, IoU/val: 83.52%, lr: 0.000571
2026-01-30 12:54:59 [INFO] [463/1000] 用时12.33秒。总用时:1.56小时。预计剩余时间:1.81小时
2026-01-30 12:55:09 [INFO] [464/1000] train: Loss/train: 0.0207, Acc/train: 99.41%, lr: 0.000569
2026-01-30 12:55:09 [INFO] GPU Reserved: 14500.0MB, GPU Allocated: 108.3MB
2026-01-30 12:55:12 [INFO] [464/1000] val: Loss/val: 0.0225, Acc/val: 99.22%, F1/val: 90.47%, IoU/val: 82.59%, lr: 0.000569
2026-01-30 12:55:12 [INFO] [464/1000] 用时12.19秒。总用时:1.57小时。预计剩余时间:1.81小时
2026-01-30 12:55:21 [INFO] [465/1000] train: Loss/train: 0.0228, Acc/train: 99.34%, lr: 0.000568
2026-01-30 12:55:21 [INFO] GPU Reserved: 14500.0MB, GPU Allocated: 108.3MB
2026-01-30 12:55:24 [INFO] [465/1000] val: Loss/val: 0.0218, Acc/val: 99.25%, F1/val: 90.94%, IoU/val: 83.38%, lr: 0.000568
2026-01-30 12:55:24 [INFO] [465/1000] 用时12.32秒。总用时:1.57小时。预计剩余时间:1.81小时
2026-01-30 12:55:33 [INFO] [466/1000] train: Loss/train: 0.0205, Acc/train: 99.40%, lr: 0.000566
2026-01-30 12:55:33 [INFO] GPU Reserved: 14500.0MB, GPU Allocated: 108.3MB
2026-01-30 12:55:36 [INFO] [466/1000] val: Loss/val: 0.0204, Acc/val: 99.27%, F1/val: 91.26%, IoU/val: 83.92%, lr: 0.000566
2026-01-30 12:55:36 [INFO] [466/1000] 用时12.17秒。总用时:1.57小时。预计剩余时间:1.80小时
2026-01-30 12:55:45 [INFO] [467/1000] train: Loss/train: 0.0223, Acc/train: 99.35%, lr: 0.000564
2026-01-30 12:55:45 [INFO] GPU Reserved: 14500.0MB, GPU Allocated: 108.3MB
2026-01-30 12:55:48 [INFO] [467/1000] val: Loss/val: 0.0211, Acc/val: 99.27%, F1/val: 90.99%, IoU/val: 83.48%, lr: 0.000564
2026-01-30 12:55:48 [INFO] [467/1000] 用时12.07秒。总用时:1.58小时。预计剩余时间:1.80小时
2026-01-30 12:55:57 [INFO] [468/1000] train: Loss/train: 0.0210, Acc/train: 99.39%, lr: 0.000563
2026-01-30 12:55:57 [INFO] GPU Reserved: 14500.0MB, GPU Allocated: 108.3MB
2026-01-30 12:56:00 [INFO] [468/1000] val: Loss/val: 0.0191, Acc/val: 99.30%, F1/val: 91.65%, IoU/val: 84.59%, lr: 0.000563
2026-01-30 12:56:00 [INFO] [468/1000] 用时12.22秒。总用时:1.58小时。预计剩余时间:1.80小时
2026-01-30 12:56:10 [INFO] [469/1000] train: Loss/train: 0.0209, Acc/train: 99.39%, lr: 0.000561
2026-01-30 12:56:10 [INFO] GPU Reserved: 14500.0MB, GPU Allocated: 108.3MB
2026-01-30 12:56:13 [INFO] [469/1000] val: Loss/val: 0.0203, Acc/val: 99.29%, F1/val: 91.34%, IoU/val: 84.07%, lr: 0.000561
2026-01-30 12:56:13 [INFO] [469/1000] 用时12.23秒。总用时:1.58小时。预计剩余时间:1.79小时
2026-01-30 12:56:22 [INFO] [470/1000] train: Loss/train: 0.0208, Acc/train: 99.40%, lr: 0.000560
2026-01-30 12:56:22 [INFO] GPU Reserved: 14500.0MB, GPU Allocated: 108.3MB
2026-01-30 12:56:25 [INFO] [470/1000] val: Loss/val: 0.0192, Acc/val: 99.30%, F1/val: 91.56%, IoU/val: 84.43%, lr: 0.000560
2026-01-30 12:56:25 [INFO] [470/1000] 用时12.37秒。总用时:1.59小时。预计剩余时间:1.79小时
2026-01-30 12:56:34 [INFO] [471/1000] train: Loss/train: 0.0220, Acc/train: 99.36%, lr: 0.000558
2026-01-30 12:56:34 [INFO] GPU Reserved: 14500.0MB, GPU Allocated: 108.3MB
2026-01-30 12:56:37 [INFO] [471/1000] val: Loss/val: 0.0208, Acc/val: 99.28%, F1/val: 91.28%, IoU/val: 83.95%, lr: 0.000558
2026-01-30 12:56:37 [INFO] [471/1000] 用时12.33秒。总用时:1.59小时。预计剩余时间:1.79小时
2026-01-30 12:56:47 [INFO] [472/1000] train: Loss/train: 0.0214, Acc/train: 99.37%, lr: 0.000556
2026-01-30 12:56:47 [INFO] GPU Reserved: 14500.0MB, GPU Allocated: 108.3MB
2026-01-30 12:56:49 [INFO] [472/1000] val: Loss/val: 0.0202, Acc/val: 99.28%, F1/val: 91.33%, IoU/val: 84.04%, lr: 0.000556
2026-01-30 12:56:50 [INFO] [472/1000] 用时12.23秒。总用时:1.60小时。预计剩余时间:1.78小时
2026-01-30 12:56:59 [INFO] [473/1000] train: Loss/train: 0.0213, Acc/train: 99.38%, lr: 0.000555
2026-01-30 12:56:59 [INFO] GPU Reserved: 14500.0MB, GPU Allocated: 108.3MB
2026-01-30 12:57:02 [INFO] [473/1000] val: Loss/val: 0.0209, Acc/val: 99.29%, F1/val: 91.40%, IoU/val: 84.16%, lr: 0.000555
2026-01-30 12:57:02 [INFO] [473/1000] 用时12.28秒。总用时:1.60小时。预计剩余时间:1.78小时
2026-01-30 12:57:11 [INFO] [474/1000] train: Loss/train: 0.0208, Acc/train: 99.39%, lr: 0.000553
2026-01-30 12:57:11 [INFO] GPU Reserved: 14500.0MB, GPU Allocated: 108.3MB
2026-01-30 12:57:14 [INFO] [474/1000] val: Loss/val: 0.0213, Acc/val: 99.29%, F1/val: 91.32%, IoU/val: 84.03%, lr: 0.000553
2026-01-30 12:57:14 [INFO] [474/1000] 用时12.23秒。总用时:1.60小时。预计剩余时间:1.78小时
2026-01-30 12:57:23 [INFO] [475/1000] train: Loss/train: 0.0204, Acc/train: 99.40%, lr: 0.000552
2026-01-30 12:57:23 [INFO] GPU Reserved: 14500.0MB, GPU Allocated: 108.3MB
2026-01-30 12:57:26 [INFO] [475/1000] val: Loss/val: 0.0205, Acc/val: 99.29%, F1/val: 91.44%, IoU/val: 84.23%, lr: 0.000552
2026-01-30 12:57:26 [INFO] [475/1000] 用时12.18秒。总用时:1.61小时。预计剩余时间:1.77小时
2026-01-30 12:57:35 [INFO] [476/1000] train: Loss/train: 0.0204, Acc/train: 99.40%, lr: 0.000550
2026-01-30 12:57:35 [INFO] GPU Reserved: 14500.0MB, GPU Allocated: 108.3MB
2026-01-30 12:57:38 [INFO] [476/1000] val: Loss/val: 0.0215, Acc/val: 99.25%, F1/val: 90.75%, IoU/val: 83.07%, lr: 0.000550
2026-01-30 12:57:38 [INFO] [476/1000] 用时12.12秒。总用时:1.61小时。预计剩余时间:1.77小时
2026-01-30 12:57:47 [INFO] [477/1000] train: Loss/train: 0.0211, Acc/train: 99.38%, lr: 0.000549
2026-01-30 12:57:47 [INFO] GPU Reserved: 14500.0MB, GPU Allocated: 108.3MB
2026-01-30 12:57:50 [INFO] [477/1000] val: Loss/val: 0.0203, Acc/val: 99.28%, F1/val: 91.07%, IoU/val: 83.60%, lr: 0.000549
2026-01-30 12:57:50 [INFO] [477/1000] 用时11.96秒。总用时:1.61小时。预计剩余时间:1.77小时
2026-01-30 12:58:00 [INFO] [478/1000] train: Loss/train: 0.0200, Acc/train: 99.41%, lr: 0.000547
2026-01-30 12:58:00 [INFO] GPU Reserved: 14500.0MB, GPU Allocated: 108.3MB
2026-01-30 12:58:02 [INFO] [478/1000] val: Loss/val: 0.0224, Acc/val: 99.25%, F1/val: 90.82%, IoU/val: 83.19%, lr: 0.000547
2026-01-30 12:58:02 [INFO] [478/1000] 用时12.17秒。总用时:1.62小时。预计剩余时间:1.76小时
2026-01-30 12:58:12 [INFO] [479/1000] train: Loss/train: 0.0200, Acc/train: 99.42%, lr: 0.000545
2026-01-30 12:58:12 [INFO] GPU Reserved: 14500.0MB, GPU Allocated: 108.3MB
2026-01-30 12:58:15 [INFO] [479/1000] val: Loss/val: 0.0206, Acc/val: 99.28%, F1/val: 91.20%, IoU/val: 83.83%, lr: 0.000545
2026-01-30 12:58:15 [INFO] [479/1000] 用时12.19秒。总用时:1.62小时。预计剩余时间:1.76小时
2026-01-30 12:58:24 [INFO] [480/1000] train: Loss/train: 0.0220, Acc/train: 99.36%, lr: 0.000544
2026-01-30 12:58:24 [INFO] GPU Reserved: 14500.0MB, GPU Allocated: 108.3MB
2026-01-30 12:58:27 [INFO] [480/1000] val: Loss/val: 0.0207, Acc/val: 99.29%, F1/val: 91.42%, IoU/val: 84.20%, lr: 0.000544
2026-01-30 12:58:27 [INFO] [480/1000] 用时12.05秒。总用时:1.62小时。预计剩余时间:1.76小时
2026-01-30 12:58:36 [INFO] [481/1000] train: Loss/train: 0.0206, Acc/train: 99.40%, lr: 0.000542
2026-01-30 12:58:36 [INFO] GPU Reserved: 14500.0MB, GPU Allocated: 108.3MB
2026-01-30 12:58:39 [INFO] [481/1000] val: Loss/val: 0.0205, Acc/val: 99.29%, F1/val: 91.39%, IoU/val: 84.15%, lr: 0.000542
2026-01-30 12:58:39 [INFO] [481/1000] 用时11.87秒。总用时:1.63小时。预计剩余时间:1.75小时
2026-01-30 12:58:48 [INFO] [482/1000] train: Loss/train: 0.0201, Acc/train: 99.42%, lr: 0.000541
2026-01-30 12:58:48 [INFO] GPU Reserved: 14500.0MB, GPU Allocated: 108.3MB
2026-01-30 12:58:51 [INFO] [482/1000] val: Loss/val: 0.0227, Acc/val: 99.21%, F1/val: 90.59%, IoU/val: 82.79%, lr: 0.000541
2026-01-30 12:58:51 [INFO] [482/1000] 用时12.37秒。总用时:1.63小时。预计剩余时间:1.75小时
2026-01-30 12:59:00 [INFO] [483/1000] train: Loss/train: 0.0207, Acc/train: 99.39%, lr: 0.000539
2026-01-30 12:59:00 [INFO] GPU Reserved: 14500.0MB, GPU Allocated: 108.3MB
2026-01-30 12:59:03 [INFO] [483/1000] val: Loss/val: 0.0213, Acc/val: 99.28%, F1/val: 91.29%, IoU/val: 83.98%, lr: 0.000539
2026-01-30 12:59:03 [INFO] [483/1000] 用时12.29秒。总用时:1.63小时。预计剩余时间:1.75小时
2026-01-30 12:59:12 [INFO] [484/1000] train: Loss/train: 0.0213, Acc/train: 99.39%, lr: 0.000537
2026-01-30 12:59:12 [INFO] GPU Reserved: 14500.0MB, GPU Allocated: 108.3MB
2026-01-30 12:59:15 [INFO] [484/1000] val: Loss/val: 0.0202, Acc/val: 99.28%, F1/val: 91.19%, IoU/val: 83.80%, lr: 0.000537
2026-01-30 12:59:15 [INFO] [484/1000] 用时12.09秒。总用时:1.64小时。预计剩余时间:1.74小时
2026-01-30 12:59:24 [INFO] [485/1000] train: Loss/train: 0.0212, Acc/train: 99.39%, lr: 0.000536
2026-01-30 12:59:24 [INFO] GPU Reserved: 14500.0MB, GPU Allocated: 108.3MB
2026-01-30 12:59:27 [INFO] [485/1000] val: Loss/val: 0.0217, Acc/val: 99.29%, F1/val: 91.31%, IoU/val: 84.01%, lr: 0.000536
2026-01-30 12:59:27 [INFO] [485/1000] 用时11.94秒。总用时:1.64小时。预计剩余时间:1.74小时
2026-01-30 12:59:36 [INFO] [486/1000] train: Loss/train: 0.0203, Acc/train: 99.41%, lr: 0.000534
2026-01-30 12:59:36 [INFO] GPU Reserved: 14500.0MB, GPU Allocated: 108.3MB
2026-01-30 12:59:39 [INFO] [486/1000] val: Loss/val: 0.0213, Acc/val: 99.28%, F1/val: 91.18%, IoU/val: 83.79%, lr: 0.000534
2026-01-30 12:59:39 [INFO] [486/1000] 用时11.93秒。总用时:1.64小时。预计剩余时间:1.74小时
2026-01-30 12:59:49 [INFO] [487/1000] train: Loss/train: 0.0211, Acc/train: 99.38%, lr: 0.000533
2026-01-30 12:59:49 [INFO] GPU Reserved: 14500.0MB, GPU Allocated: 108.3MB
2026-01-30 12:59:51 [INFO] [487/1000] val: Loss/val: 0.0207, Acc/val: 99.29%, F1/val: 91.57%, IoU/val: 84.45%, lr: 0.000533
2026-01-30 12:59:51 [INFO] [487/1000] 用时12.29秒。总用时:1.65小时。预计剩余时间:1.73小时
2026-01-30 13:00:01 [INFO] [488/1000] train: Loss/train: 0.0222, Acc/train: 99.35%, lr: 0.000531
2026-01-30 13:00:01 [INFO] GPU Reserved: 14500.0MB, GPU Allocated: 108.3MB
2026-01-30 13:00:03 [INFO] [488/1000] val: Loss/val: 0.0212, Acc/val: 99.29%, F1/val: 91.28%, IoU/val: 83.97%, lr: 0.000531
2026-01-30 13:00:03 [INFO] [488/1000] 用时11.90秒。总用时:1.65小时。预计剩余时间:1.73小时
2026-01-30 13:00:13 [INFO] [489/1000] train: Loss/train: 0.0198, Acc/train: 99.42%, lr: 0.000529
2026-01-30 13:00:13 [INFO] GPU Reserved: 14500.0MB, GPU Allocated: 108.3MB
2026-01-30 13:00:15 [INFO] [489/1000] val: Loss/val: 0.0203, Acc/val: 99.29%, F1/val: 91.44%, IoU/val: 84.22%, lr: 0.000529
2026-01-30 13:00:15 [INFO] [489/1000] 用时12.05秒。总用时:1.65小时。预计剩余时间:1.73小时
2026-01-30 13:00:25 [INFO] [490/1000] train: Loss/train: 0.0200, Acc/train: 99.42%, lr: 0.000528
2026-01-30 13:00:25 [INFO] GPU Reserved: 14500.0MB, GPU Allocated: 108.3MB
2026-01-30 13:00:28 [INFO] [490/1000] val: Loss/val: 0.0201, Acc/val: 99.29%, F1/val: 91.55%, IoU/val: 84.41%, lr: 0.000528
2026-01-30 13:00:28 [INFO] [490/1000] 用时12.36秒。总用时:1.66小时。预计剩余时间:1.72小时
2026-01-30 13:00:37 [INFO] [491/1000] train: Loss/train: 0.0210, Acc/train: 99.39%, lr: 0.000526
2026-01-30 13:00:37 [INFO] GPU Reserved: 14500.0MB, GPU Allocated: 108.3MB
2026-01-30 13:00:40 [INFO] [491/1000] val: Loss/val: 0.0198, Acc/val: 99.31%, F1/val: 91.63%, IoU/val: 84.55%, lr: 0.000526
2026-01-30 13:00:40 [INFO] [491/1000] 用时12.31秒。总用时:1.66小时。预计剩余时间:1.72小时
2026-01-30 13:00:49 [INFO] [492/1000] train: Loss/train: 0.0202, Acc/train: 99.41%, lr: 0.000525
2026-01-30 13:00:49 [INFO] GPU Reserved: 14500.0MB, GPU Allocated: 108.3MB
2026-01-30 13:00:52 [INFO] [492/1000] val: Loss/val: 0.0209, Acc/val: 99.29%, F1/val: 91.47%, IoU/val: 84.29%, lr: 0.000525
2026-01-30 13:00:52 [INFO] [492/1000] 用时12.22秒。总用时:1.66小时。预计剩余时间:1.72小时
2026-01-30 13:01:01 [INFO] [493/1000] train: Loss/train: 0.0203, Acc/train: 99.41%, lr: 0.000523
2026-01-30 13:01:01 [INFO] GPU Reserved: 14500.0MB, GPU Allocated: 108.3MB
2026-01-30 13:01:04 [INFO] [493/1000] val: Loss/val: 0.0250, Acc/val: 99.21%, F1/val: 90.30%, IoU/val: 82.32%, lr: 0.000523
2026-01-30 13:01:04 [INFO] [493/1000] 用时11.85秒。总用时:1.67小时。预计剩余时间:1.71小时
2026-01-30 13:01:13 [INFO] [494/1000] train: Loss/train: 0.0205, Acc/train: 99.40%, lr: 0.000522
2026-01-30 13:01:13 [INFO] GPU Reserved: 14500.0MB, GPU Allocated: 108.3MB
2026-01-30 13:01:16 [INFO] [494/1000] val: Loss/val: 0.0200, Acc/val: 99.30%, F1/val: 91.42%, IoU/val: 84.20%, lr: 0.000522
2026-01-30 13:01:16 [INFO] [494/1000] 用时12.11秒。总用时:1.67小时。预计剩余时间:1.71小时
2026-01-30 13:01:25 [INFO] [495/1000] train: Loss/train: 0.0206, Acc/train: 99.40%, lr: 0.000520
2026-01-30 13:01:25 [INFO] GPU Reserved: 14500.0MB, GPU Allocated: 108.3MB
2026-01-30 13:01:28 [INFO] [495/1000] val: Loss/val: 0.0213, Acc/val: 99.27%, F1/val: 91.05%, IoU/val: 83.57%, lr: 0.000520
2026-01-30 13:01:28 [INFO] [495/1000] 用时12.07秒。总用时:1.67小时。预计剩余时间:1.71小时
2026-01-30 13:01:37 [INFO] [496/1000] train: Loss/train: 0.0196, Acc/train: 99.42%, lr: 0.000518
2026-01-30 13:01:37 [INFO] GPU Reserved: 14500.0MB, GPU Allocated: 108.3MB
2026-01-30 13:01:40 [INFO] [496/1000] val: Loss/val: 0.0216, Acc/val: 99.30%, F1/val: 91.49%, IoU/val: 84.31%, lr: 0.000518
2026-01-30 13:01:40 [INFO] [496/1000] 用时11.97秒。总用时:1.68小时。预计剩余时间:1.70小时
2026-01-30 13:01:50 [INFO] [497/1000] train: Loss/train: 0.0209, Acc/train: 99.39%, lr: 0.000517
2026-01-30 13:01:50 [INFO] GPU Reserved: 14500.0MB, GPU Allocated: 108.3MB
2026-01-30 13:01:52 [INFO] [497/1000] val: Loss/val: 0.0209, Acc/val: 99.29%, F1/val: 91.35%, IoU/val: 84.07%, lr: 0.000517
2026-01-30 13:01:52 [INFO] [497/1000] 用时12.20秒。总用时:1.68小时。预计剩余时间:1.70小时
2026-01-30 13:02:02 [INFO] [498/1000] train: Loss/train: 0.0209, Acc/train: 99.39%, lr: 0.000515
2026-01-30 13:02:02 [INFO] GPU Reserved: 14500.0MB, GPU Allocated: 108.3MB
2026-01-30 13:02:05 [INFO] [498/1000] val: Loss/val: 0.0199, Acc/val: 99.29%, F1/val: 91.49%, IoU/val: 84.32%, lr: 0.000515
2026-01-30 13:02:05 [INFO] [498/1000] 用时12.27秒。总用时:1.68小时。预计剩余时间:1.70小时
2026-01-30 13:02:14 [INFO] [499/1000] train: Loss/train: 0.0207, Acc/train: 99.39%, lr: 0.000514
2026-01-30 13:02:14 [INFO] GPU Reserved: 14500.0MB, GPU Allocated: 108.3MB
2026-01-30 13:02:17 [INFO] [499/1000] val: Loss/val: 0.0210, Acc/val: 99.28%, F1/val: 91.19%, IoU/val: 83.80%, lr: 0.000514
2026-01-30 13:02:17 [INFO] [499/1000] 用时12.14秒。总用时:1.69小时。预计剩余时间:1.69小时
2026-01-30 13:02:26 [INFO] [500/1000] train: Loss/train: 0.0200, Acc/train: 99.42%, lr: 0.000512
2026-01-30 13:02:26 [INFO] GPU Reserved: 14500.0MB, GPU Allocated: 108.3MB
2026-01-30 13:02:29 [INFO] [500/1000] val: Loss/val: 0.0208, Acc/val: 99.28%, F1/val: 91.21%, IoU/val: 83.83%, lr: 0.000512
2026-01-30 13:02:29 [INFO] [500/1000] 用时11.81秒。总用时:1.69小时。预计剩余时间:1.69小时
2026-01-30 13:02:38 [INFO] [501/1000] train: Loss/train: 0.0193, Acc/train: 99.44%, lr: 0.000510
2026-01-30 13:02:38 [INFO] GPU Reserved: 14500.0MB, GPU Allocated: 108.3MB
2026-01-30 13:02:41 [INFO] [501/1000] val: Loss/val: 0.0213, Acc/val: 99.29%, F1/val: 91.28%, IoU/val: 83.96%, lr: 0.000510
2026-01-30 13:02:41 [INFO] [501/1000] 用时12.02秒。总用时:1.69小时。预计剩余时间:1.69小时
2026-01-30 13:02:50 [INFO] [502/1000] train: Loss/train: 0.0207, Acc/train: 99.39%, lr: 0.000509
2026-01-30 13:02:50 [INFO] GPU Reserved: 14500.0MB, GPU Allocated: 108.3MB
2026-01-30 13:02:53 [INFO] [502/1000] val: Loss/val: 0.0230, Acc/val: 99.27%, F1/val: 90.95%, IoU/val: 83.41%, lr: 0.000509
2026-01-30 13:02:53 [INFO] [502/1000] 用时11.90秒。总用时:1.70小时。预计剩余时间:1.68小时
2026-01-30 13:03:02 [INFO] [503/1000] train: Loss/train: 0.0205, Acc/train: 99.40%, lr: 0.000507
2026-01-30 13:03:02 [INFO] GPU Reserved: 14500.0MB, GPU Allocated: 108.3MB
2026-01-30 13:03:05 [INFO] [503/1000] val: Loss/val: 0.0216, Acc/val: 99.29%, F1/val: 91.32%, IoU/val: 84.02%, lr: 0.000507
2026-01-30 13:03:05 [INFO] [503/1000] 用时11.98秒。总用时:1.70小时。预计剩余时间:1.68小时
2026-01-30 13:03:14 [INFO] [504/1000] train: Loss/train: 0.0200, Acc/train: 99.41%, lr: 0.000506
2026-01-30 13:03:14 [INFO] GPU Reserved: 14500.0MB, GPU Allocated: 108.3MB
2026-01-30 13:03:17 [INFO] [504/1000] val: Loss/val: 0.0209, Acc/val: 99.28%, F1/val: 91.37%, IoU/val: 84.11%, lr: 0.000506
2026-01-30 13:03:17 [INFO] [504/1000] 用时12.18秒。总用时:1.70小时。预计剩余时间:1.68小时
2026-01-30 13:03:26 [INFO] [505/1000] train: Loss/train: 0.0214, Acc/train: 99.38%, lr: 0.000504
2026-01-30 13:03:26 [INFO] GPU Reserved: 14500.0MB, GPU Allocated: 108.3MB
2026-01-30 13:03:29 [INFO] [505/1000] val: Loss/val: 0.0226, Acc/val: 99.27%, F1/val: 91.11%, IoU/val: 83.66%, lr: 0.000504
2026-01-30 13:03:29 [INFO] [505/1000] 用时12.18秒。总用时:1.71小时。预计剩余时间:1.67小时
2026-01-30 13:03:38 [INFO] [506/1000] train: Loss/train: 0.0215, Acc/train: 99.37%, lr: 0.000502
2026-01-30 13:03:38 [INFO] GPU Reserved: 14500.0MB, GPU Allocated: 108.3MB
2026-01-30 13:03:41 [INFO] [506/1000] val: Loss/val: 0.0209, Acc/val: 99.29%, F1/val: 91.41%, IoU/val: 84.17%, lr: 0.000502
2026-01-30 13:03:41 [INFO] [506/1000] 用时12.25秒。总用时:1.71小时。预计剩余时间:1.67小时
2026-01-30 13:03:50 [INFO] [507/1000] train: Loss/train: 0.0201, Acc/train: 99.41%, lr: 0.000501
2026-01-30 13:03:50 [INFO] GPU Reserved: 14500.0MB, GPU Allocated: 108.3MB
2026-01-30 13:03:53 [INFO] [507/1000] val: Loss/val: 0.0220, Acc/val: 99.27%, F1/val: 91.09%, IoU/val: 83.65%, lr: 0.000501
2026-01-30 13:03:53 [INFO] [507/1000] 用时12.06秒。总用时:1.71小时。预计剩余时间:1.67小时
2026-01-30 13:04:03 [INFO] [508/1000] train: Loss/train: 0.0201, Acc/train: 99.41%, lr: 0.000499
2026-01-30 13:04:03 [INFO] GPU Reserved: 14500.0MB, GPU Allocated: 108.3MB
2026-01-30 13:04:06 [INFO] [508/1000] val: Loss/val: 0.0214, Acc/val: 99.28%, F1/val: 91.28%, IoU/val: 83.96%, lr: 0.000499
2026-01-30 13:04:06 [INFO] [508/1000] 用时12.32秒。总用时:1.72小时。预计剩余时间:1.66小时
2026-01-30 13:04:15 [INFO] [509/1000] train: Loss/train: 0.0201, Acc/train: 99.41%, lr: 0.000498
2026-01-30 13:04:15 [INFO] GPU Reserved: 14500.0MB, GPU Allocated: 108.3MB
2026-01-30 13:04:18 [INFO] [509/1000] val: Loss/val: 0.0211, Acc/val: 99.28%, F1/val: 91.37%, IoU/val: 84.11%, lr: 0.000498
2026-01-30 13:04:18 [INFO] [509/1000] 用时12.19秒。总用时:1.72小时。预计剩余时间:1.66小时
2026-01-30 13:04:27 [INFO] [510/1000] train: Loss/train: 0.0199, Acc/train: 99.41%, lr: 0.000496
2026-01-30 13:04:27 [INFO] GPU Reserved: 14500.0MB, GPU Allocated: 108.3MB
2026-01-30 13:04:30 [INFO] [510/1000] val: Loss/val: 0.0217, Acc/val: 99.28%, F1/val: 91.38%, IoU/val: 84.13%, lr: 0.000496
2026-01-30 13:04:30 [INFO] [510/1000] 用时11.94秒。总用时:1.72小时。预计剩余时间:1.66小时
2026-01-30 13:04:39 [INFO] [511/1000] train: Loss/train: 0.0196, Acc/train: 99.42%, lr: 0.000494
2026-01-30 13:04:39 [INFO] GPU Reserved: 14500.0MB, GPU Allocated: 108.3MB
2026-01-30 13:04:42 [INFO] [511/1000] val: Loss/val: 0.0224, Acc/val: 99.27%, F1/val: 91.02%, IoU/val: 83.53%, lr: 0.000494
2026-01-30 13:04:42 [INFO] [511/1000] 用时11.95秒。总用时:1.73小时。预计剩余时间:1.65小时
2026-01-30 13:04:51 [INFO] [512/1000] train: Loss/train: 0.0213, Acc/train: 99.37%, lr: 0.000493
2026-01-30 13:04:51 [INFO] GPU Reserved: 14500.0MB, GPU Allocated: 108.3MB
2026-01-30 13:04:54 [INFO] [512/1000] val: Loss/val: 0.0231, Acc/val: 99.23%, F1/val: 90.49%, IoU/val: 82.62%, lr: 0.000493
2026-01-30 13:04:54 [INFO] [512/1000] 用时12.26秒。总用时:1.73小时。预计剩余时间:1.65小时
2026-01-30 13:05:03 [INFO] [513/1000] train: Loss/train: 0.0209, Acc/train: 99.39%, lr: 0.000491
2026-01-30 13:05:03 [INFO] GPU Reserved: 14500.0MB, GPU Allocated: 108.3MB
2026-01-30 13:05:06 [INFO] [513/1000] val: Loss/val: 0.0220, Acc/val: 99.28%, F1/val: 91.27%, IoU/val: 83.93%, lr: 0.000491
2026-01-30 13:05:06 [INFO] [513/1000] 用时12.26秒。总用时:1.73小时。预计剩余时间:1.65小时
2026-01-30 13:05:15 [INFO] [514/1000] train: Loss/train: 0.0202, Acc/train: 99.41%, lr: 0.000490
2026-01-30 13:05:15 [INFO] GPU Reserved: 14500.0MB, GPU Allocated: 108.3MB
2026-01-30 13:05:18 [INFO] [514/1000] val: Loss/val: 0.0224, Acc/val: 99.27%, F1/val: 91.13%, IoU/val: 83.70%, lr: 0.000490
2026-01-30 13:05:18 [INFO] [514/1000] 用时12.10秒。总用时:1.74小时。预计剩余时间:1.64小时
2026-01-30 13:05:28 [INFO] [515/1000] train: Loss/train: 0.0216, Acc/train: 99.37%, lr: 0.000488
2026-01-30 13:05:28 [INFO] GPU Reserved: 14500.0MB, GPU Allocated: 108.3MB
2026-01-30 13:05:30 [INFO] [515/1000] val: Loss/val: 0.0207, Acc/val: 99.29%, F1/val: 91.44%, IoU/val: 84.23%, lr: 0.000488
2026-01-30 13:05:30 [INFO] [515/1000] 用时12.06秒。总用时:1.74小时。预计剩余时间:1.64小时
2026-01-30 13:05:40 [INFO] [516/1000] train: Loss/train: 0.0202, Acc/train: 99.41%, lr: 0.000486
2026-01-30 13:05:40 [INFO] GPU Reserved: 14500.0MB, GPU Allocated: 108.3MB
2026-01-30 13:05:43 [INFO] [516/1000] val: Loss/val: 0.0212, Acc/val: 99.26%, F1/val: 91.13%, IoU/val: 83.71%, lr: 0.000486
2026-01-30 13:05:43 [INFO] [516/1000] 用时12.35秒。总用时:1.74小时。预计剩余时间:1.64小时
2026-01-30 13:05:52 [INFO] [517/1000] train: Loss/train: 0.0202, Acc/train: 99.40%, lr: 0.000485
2026-01-30 13:05:52 [INFO] GPU Reserved: 14500.0MB, GPU Allocated: 108.3MB
2026-01-30 13:05:55 [INFO] [517/1000] val: Loss/val: 0.0210, Acc/val: 99.27%, F1/val: 91.12%, IoU/val: 83.69%, lr: 0.000485
2026-01-30 13:05:55 [INFO] [517/1000] 用时12.33秒。总用时:1.75小时。预计剩余时间:1.63小时
2026-01-30 13:06:04 [INFO] [518/1000] train: Loss/train: 0.0199, Acc/train: 99.42%, lr: 0.000483
2026-01-30 13:06:04 [INFO] GPU Reserved: 14500.0MB, GPU Allocated: 108.3MB
2026-01-30 13:06:07 [INFO] [518/1000] val: Loss/val: 0.0219, Acc/val: 99.28%, F1/val: 91.29%, IoU/val: 83.97%, lr: 0.000483
2026-01-30 13:06:07 [INFO] [518/1000] 用时12.12秒。总用时:1.75小时。预计剩余时间:1.63小时
2026-01-30 13:06:17 [INFO] [519/1000] train: Loss/train: 0.0220, Acc/train: 99.36%, lr: 0.000482
2026-01-30 13:06:17 [INFO] GPU Reserved: 14500.0MB, GPU Allocated: 108.3MB
2026-01-30 13:06:19 [INFO] [519/1000] val: Loss/val: 0.0220, Acc/val: 99.28%, F1/val: 91.30%, IoU/val: 83.99%, lr: 0.000482
2026-01-30 13:06:19 [INFO] [519/1000] 用时12.22秒。总用时:1.75小时。预计剩余时间:1.63小时
2026-01-30 13:06:28 [INFO] [520/1000] train: Loss/train: 0.0210, Acc/train: 99.38%, lr: 0.000480
2026-01-30 13:06:28 [INFO] GPU Reserved: 14500.0MB, GPU Allocated: 108.3MB
2026-01-30 13:06:31 [INFO] [520/1000] val: Loss/val: 0.0215, Acc/val: 99.28%, F1/val: 91.18%, IoU/val: 83.80%, lr: 0.000480
2026-01-30 13:06:31 [INFO] [520/1000] 用时11.86秒。总用时:1.76小时。预计剩余时间:1.62小时
2026-01-30 13:06:40 [INFO] [521/1000] train: Loss/train: 0.0199, Acc/train: 99.41%, lr: 0.000478
2026-01-30 13:06:40 [INFO] GPU Reserved: 14500.0MB, GPU Allocated: 108.3MB
2026-01-30 13:06:43 [INFO] [521/1000] val: Loss/val: 0.0229, Acc/val: 99.27%, F1/val: 91.13%, IoU/val: 83.71%, lr: 0.000478
2026-01-30 13:06:43 [INFO] [521/1000] 用时12.03秒。总用时:1.76小时。预计剩余时间:1.62小时
2026-01-30 13:06:52 [INFO] [522/1000] train: Loss/train: 0.0202, Acc/train: 99.40%, lr: 0.000477
2026-01-30 13:06:52 [INFO] GPU Reserved: 14500.0MB, GPU Allocated: 108.3MB
2026-01-30 13:06:55 [INFO] [522/1000] val: Loss/val: 0.0212, Acc/val: 99.29%, F1/val: 91.35%, IoU/val: 84.08%, lr: 0.000477
2026-01-30 13:06:55 [INFO] [522/1000] 用时12.05秒。总用时:1.76小时。预计剩余时间:1.61小时
2026-01-30 13:07:05 [INFO] [523/1000] train: Loss/train: 0.0211, Acc/train: 99.38%, lr: 0.000475
2026-01-30 13:07:05 [INFO] GPU Reserved: 14500.0MB, GPU Allocated: 108.3MB
2026-01-30 13:07:07 [INFO] [523/1000] val: Loss/val: 0.0205, Acc/val: 99.29%, F1/val: 91.44%, IoU/val: 84.23%, lr: 0.000475
2026-01-30 13:07:07 [INFO] [523/1000] 用时12.13秒。总用时:1.77小时。预计剩余时间:1.61小时
2026-01-30 13:07:17 [INFO] [524/1000] train: Loss/train: 0.0203, Acc/train: 99.40%, lr: 0.000474
2026-01-30 13:07:17 [INFO] GPU Reserved: 14500.0MB, GPU Allocated: 108.3MB
2026-01-30 13:07:20 [INFO] [524/1000] val: Loss/val: 0.0212, Acc/val: 99.29%, F1/val: 91.32%, IoU/val: 84.03%, lr: 0.000474
2026-01-30 13:07:20 [INFO] [524/1000] 用时12.20秒。总用时:1.77小时。预计剩余时间:1.61小时
2026-01-30 13:07:29 [INFO] [525/1000] train: Loss/train: 0.0201, Acc/train: 99.41%, lr: 0.000472
2026-01-30 13:07:29 [INFO] GPU Reserved: 14500.0MB, GPU Allocated: 108.3MB
2026-01-30 13:07:32 [INFO] [525/1000] val: Loss/val: 0.0216, Acc/val: 99.29%, F1/val: 91.39%, IoU/val: 84.15%, lr: 0.000472
2026-01-30 13:07:32 [INFO] [525/1000] 用时12.14秒。总用时:1.77小时。预计剩余时间:1.60小时
2026-01-30 13:07:41 [INFO] [526/1000] train: Loss/train: 0.0218, Acc/train: 99.36%, lr: 0.000471
2026-01-30 13:07:41 [INFO] GPU Reserved: 14500.0MB, GPU Allocated: 108.3MB
2026-01-30 13:07:44 [INFO] [526/1000] val: Loss/val: 0.0204, Acc/val: 99.29%, F1/val: 91.50%, IoU/val: 84.33%, lr: 0.000471
2026-01-30 13:07:44 [INFO] [526/1000] 用时11.96秒。总用时:1.78小时。预计剩余时间:1.60小时
2026-01-30 13:07:53 [INFO] [527/1000] train: Loss/train: 0.0206, Acc/train: 99.40%, lr: 0.000469
2026-01-30 13:07:53 [INFO] GPU Reserved: 14500.0MB, GPU Allocated: 108.3MB
2026-01-30 13:07:56 [INFO] [527/1000] val: Loss/val: 0.0216, Acc/val: 99.28%, F1/val: 91.35%, IoU/val: 84.08%, lr: 0.000469
2026-01-30 13:07:56 [INFO] [527/1000] 用时11.92秒。总用时:1.78小时。预计剩余时间:1.60小时
2026-01-30 13:08:05 [INFO] [528/1000] train: Loss/train: 0.0197, Acc/train: 99.42%, lr: 0.000467
2026-01-30 13:08:05 [INFO] GPU Reserved: 14500.0MB, GPU Allocated: 108.3MB
2026-01-30 13:08:08 [INFO] [528/1000] val: Loss/val: 0.0214, Acc/val: 99.29%, F1/val: 91.33%, IoU/val: 84.04%, lr: 0.000467
2026-01-30 13:08:08 [INFO] [528/1000] 用时12.35秒。总用时:1.78小时。预计剩余时间:1.59小时
2026-01-30 13:08:17 [INFO] [529/1000] train: Loss/train: 0.0201, Acc/train: 99.41%, lr: 0.000466
2026-01-30 13:08:17 [INFO] GPU Reserved: 14500.0MB, GPU Allocated: 108.3MB
2026-01-30 13:08:20 [INFO] [529/1000] val: Loss/val: 0.0221, Acc/val: 99.28%, F1/val: 91.18%, IoU/val: 83.79%, lr: 0.000466
2026-01-30 13:08:20 [INFO] [529/1000] 用时12.30秒。总用时:1.79小时。预计剩余时间:1.59小时
2026-01-30 13:08:30 [INFO] [530/1000] train: Loss/train: 0.0205, Acc/train: 99.40%, lr: 0.000464
2026-01-30 13:08:30 [INFO] GPU Reserved: 14500.0MB, GPU Allocated: 108.3MB
2026-01-30 13:08:33 [INFO] [530/1000] val: Loss/val: 0.0202, Acc/val: 99.30%, F1/val: 91.52%, IoU/val: 84.36%, lr: 0.000464
2026-01-30 13:08:33 [INFO] [530/1000] 用时12.29秒。总用时:1.79小时。预计剩余时间:1.59小时
2026-01-30 13:08:42 [INFO] [531/1000] train: Loss/train: 0.0205, Acc/train: 99.40%, lr: 0.000463
2026-01-30 13:08:42 [INFO] GPU Reserved: 14500.0MB, GPU Allocated: 108.3MB
2026-01-30 13:08:45 [INFO] [531/1000] val: Loss/val: 0.0201, Acc/val: 99.29%, F1/val: 91.39%, IoU/val: 84.15%, lr: 0.000463
2026-01-30 13:08:45 [INFO] [531/1000] 用时11.96秒。总用时:1.79小时。预计剩余时间:1.58小时
2026-01-30 13:08:54 [INFO] [532/1000] train: Loss/train: 0.0199, Acc/train: 99.42%, lr: 0.000461
2026-01-30 13:08:54 [INFO] GPU Reserved: 14500.0MB, GPU Allocated: 108.3MB
2026-01-30 13:08:57 [INFO] [532/1000] val: Loss/val: 0.0211, Acc/val: 99.29%, F1/val: 91.36%, IoU/val: 84.09%, lr: 0.000461
2026-01-30 13:08:57 [INFO] [532/1000] 用时12.19秒。总用时:1.80小时。预计剩余时间:1.58小时
2026-01-30 13:09:06 [INFO] [533/1000] train: Loss/train: 0.0210, Acc/train: 99.39%, lr: 0.000459
2026-01-30 13:09:06 [INFO] GPU Reserved: 14500.0MB, GPU Allocated: 108.3MB
2026-01-30 13:09:09 [INFO] [533/1000] val: Loss/val: 0.0216, Acc/val: 99.29%, F1/val: 91.33%, IoU/val: 84.04%, lr: 0.000459
2026-01-30 13:09:09 [INFO] [533/1000] 用时12.26秒。总用时:1.80小时。预计剩余时间:1.58小时
2026-01-30 13:09:18 [INFO] [534/1000] train: Loss/train: 0.0207, Acc/train: 99.39%, lr: 0.000458
2026-01-30 13:09:18 [INFO] GPU Reserved: 14500.0MB, GPU Allocated: 108.3MB
2026-01-30 13:09:21 [INFO] [534/1000] val: Loss/val: 0.0223, Acc/val: 99.28%, F1/val: 91.23%, IoU/val: 83.87%, lr: 0.000458
2026-01-30 13:09:21 [INFO] [534/1000] 用时12.21秒。总用时:1.80小时。预计剩余时间:1.57小时
2026-01-30 13:09:30 [INFO] [535/1000] train: Loss/train: 0.0202, Acc/train: 99.41%, lr: 0.000456
2026-01-30 13:09:30 [INFO] GPU Reserved: 14500.0MB, GPU Allocated: 108.3MB
2026-01-30 13:09:33 [INFO] [535/1000] val: Loss/val: 0.0220, Acc/val: 99.28%, F1/val: 91.17%, IoU/val: 83.78%, lr: 0.000456
2026-01-30 13:09:33 [INFO] [535/1000] 用时12.15秒。总用时:1.81小时。预计剩余时间:1.57小时
2026-01-30 13:09:43 [INFO] [536/1000] train: Loss/train: 0.0196, Acc/train: 99.43%, lr: 0.000455
2026-01-30 13:09:43 [INFO] GPU Reserved: 14500.0MB, GPU Allocated: 108.3MB
2026-01-30 13:09:46 [INFO] [536/1000] val: Loss/val: 0.0207, Acc/val: 99.29%, F1/val: 91.48%, IoU/val: 84.30%, lr: 0.000455
2026-01-30 13:09:46 [INFO] [536/1000] 用时12.27秒。总用时:1.81小时。预计剩余时间:1.57小时
2026-01-30 13:09:55 [INFO] [537/1000] train: Loss/train: 0.0206, Acc/train: 99.39%, lr: 0.000453
2026-01-30 13:09:55 [INFO] GPU Reserved: 14500.0MB, GPU Allocated: 108.3MB
2026-01-30 13:09:58 [INFO] [537/1000] val: Loss/val: 0.0232, Acc/val: 99.26%, F1/val: 90.93%, IoU/val: 83.38%, lr: 0.000453
2026-01-30 13:09:58 [INFO] [537/1000] 用时12.06秒。总用时:1.81小时。预计剩余时间:1.56小时
2026-01-30 13:10:07 [INFO] [538/1000] train: Loss/train: 0.0197, Acc/train: 99.42%, lr: 0.000451
2026-01-30 13:10:07 [INFO] GPU Reserved: 14500.0MB, GPU Allocated: 108.3MB
2026-01-30 13:10:10 [INFO] [538/1000] val: Loss/val: 0.0219, Acc/val: 99.29%, F1/val: 91.29%, IoU/val: 83.98%, lr: 0.000451
2026-01-30 13:10:10 [INFO] [538/1000] 用时12.24秒。总用时:1.82小时。预计剩余时间:1.56小时
2026-01-30 13:10:19 [INFO] [539/1000] train: Loss/train: 0.0203, Acc/train: 99.40%, lr: 0.000450
2026-01-30 13:10:19 [INFO] GPU Reserved: 14500.0MB, GPU Allocated: 108.3MB
2026-01-30 13:10:22 [INFO] [539/1000] val: Loss/val: 0.0231, Acc/val: 99.28%, F1/val: 91.24%, IoU/val: 83.89%, lr: 0.000450
2026-01-30 13:10:22 [INFO] [539/1000] 用时12.03秒。总用时:1.82小时。预计剩余时间:1.56小时
2026-01-30 13:10:31 [INFO] [540/1000] train: Loss/train: 0.0222, Acc/train: 99.35%, lr: 0.000448
2026-01-30 13:10:31 [INFO] GPU Reserved: 14500.0MB, GPU Allocated: 108.3MB
2026-01-30 13:10:34 [INFO] [540/1000] val: Loss/val: 0.0226, Acc/val: 99.23%, F1/val: 90.81%, IoU/val: 83.16%, lr: 0.000448
2026-01-30 13:10:34 [INFO] [540/1000] 用时11.92秒。总用时:1.82小时。预计剩余时间:1.55小时
2026-01-30 13:10:43 [INFO] [541/1000] train: Loss/train: 0.0213, Acc/train: 99.39%, lr: 0.000447
2026-01-30 13:10:43 [INFO] GPU Reserved: 14500.0MB, GPU Allocated: 108.3MB
2026-01-30 13:10:46 [INFO] [541/1000] val: Loss/val: 0.0230, Acc/val: 99.23%, F1/val: 90.77%, IoU/val: 83.10%, lr: 0.000447
2026-01-30 13:10:46 [INFO] [541/1000] 用时11.82秒。总用时:1.83小时。预计剩余时间:1.55小时
2026-01-30 13:10:55 [INFO] [542/1000] train: Loss/train: 0.0223, Acc/train: 99.35%, lr: 0.000445
2026-01-30 13:10:55 [INFO] GPU Reserved: 14500.0MB, GPU Allocated: 108.3MB
2026-01-30 13:10:58 [INFO] [542/1000] val: Loss/val: 0.0231, Acc/val: 99.27%, F1/val: 91.09%, IoU/val: 83.64%, lr: 0.000445
2026-01-30 13:10:58 [INFO] [542/1000] 用时12.17秒。总用时:1.83小时。预计剩余时间:1.55小时
2026-01-30 13:11:07 [INFO] [543/1000] train: Loss/train: 0.0207, Acc/train: 99.40%, lr: 0.000444
2026-01-30 13:11:07 [INFO] GPU Reserved: 14500.0MB, GPU Allocated: 108.3MB
2026-01-30 13:11:10 [INFO] [543/1000] val: Loss/val: 0.0219, Acc/val: 99.29%, F1/val: 91.46%, IoU/val: 84.26%, lr: 0.000444
2026-01-30 13:11:10 [INFO] [543/1000] 用时11.91秒。总用时:1.83小时。预计剩余时间:1.54小时
2026-01-30 13:11:19 [INFO] [544/1000] train: Loss/train: 0.0202, Acc/train: 99.41%, lr: 0.000442
2026-01-30 13:11:19 [INFO] GPU Reserved: 14500.0MB, GPU Allocated: 108.3MB
2026-01-30 13:11:22 [INFO] [544/1000] val: Loss/val: 0.0214, Acc/val: 99.29%, F1/val: 91.52%, IoU/val: 84.37%, lr: 0.000442
2026-01-30 13:11:22 [INFO] [544/1000] 用时12.23秒。总用时:1.84小时。预计剩余时间:1.54小时
2026-01-30 13:11:31 [INFO] [545/1000] train: Loss/train: 0.0212, Acc/train: 99.37%, lr: 0.000440
2026-01-30 13:11:31 [INFO] GPU Reserved: 14500.0MB, GPU Allocated: 108.3MB
2026-01-30 13:11:34 [INFO] [545/1000] val: Loss/val: 0.0214, Acc/val: 99.30%, F1/val: 91.49%, IoU/val: 84.31%, lr: 0.000440
2026-01-30 13:11:34 [INFO] [545/1000] 用时12.28秒。总用时:1.84小时。预计剩余时间:1.54小时
2026-01-30 13:11:44 [INFO] [546/1000] train: Loss/train: 0.0205, Acc/train: 99.40%, lr: 0.000439
2026-01-30 13:11:44 [INFO] GPU Reserved: 14500.0MB, GPU Allocated: 108.3MB
2026-01-30 13:11:47 [INFO] [546/1000] val: Loss/val: 0.0219, Acc/val: 99.29%, F1/val: 91.35%, IoU/val: 84.08%, lr: 0.000439
2026-01-30 13:11:47 [INFO] [546/1000] 用时12.33秒。总用时:1.84小时。预计剩余时间:1.53小时
2026-01-30 13:11:56 [INFO] [547/1000] train: Loss/train: 0.0203, Acc/train: 99.40%, lr: 0.000437
2026-01-30 13:11:56 [INFO] GPU Reserved: 14500.0MB, GPU Allocated: 108.3MB
2026-01-30 13:11:59 [INFO] [547/1000] val: Loss/val: 0.0214, Acc/val: 99.29%, F1/val: 91.42%, IoU/val: 84.19%, lr: 0.000437
2026-01-30 13:11:59 [INFO] [547/1000] 用时12.39秒。总用时:1.85小时。预计剩余时间:1.53小时
2026-01-30 13:12:08 [INFO] [548/1000] train: Loss/train: 0.0202, Acc/train: 99.41%, lr: 0.000436
2026-01-30 13:12:08 [INFO] GPU Reserved: 14500.0MB, GPU Allocated: 108.3MB
2026-01-30 13:12:11 [INFO] [548/1000] val: Loss/val: 0.0214, Acc/val: 99.29%, F1/val: 91.42%, IoU/val: 84.20%, lr: 0.000436
2026-01-30 13:12:11 [INFO] [548/1000] 用时12.30秒。总用时:1.85小时。预计剩余时间:1.53小时
2026-01-30 13:12:21 [INFO] [549/1000] train: Loss/train: 0.0189, Acc/train: 99.45%, lr: 0.000434
2026-01-30 13:12:21 [INFO] GPU Reserved: 14500.0MB, GPU Allocated: 108.3MB
2026-01-30 13:12:24 [INFO] [549/1000] val: Loss/val: 0.0221, Acc/val: 99.29%, F1/val: 91.28%, IoU/val: 83.95%, lr: 0.000434
2026-01-30 13:12:24 [INFO] [549/1000] 用时12.39秒。总用时:1.85小时。预计剩余时间:1.52小时
2026-01-30 13:12:33 [INFO] [550/1000] train: Loss/train: 0.0196, Acc/train: 99.42%, lr: 0.000432
2026-01-30 13:12:33 [INFO] GPU Reserved: 14500.0MB, GPU Allocated: 108.3MB
2026-01-30 13:12:36 [INFO] [550/1000] val: Loss/val: 0.0221, Acc/val: 99.28%, F1/val: 91.32%, IoU/val: 84.03%, lr: 0.000432
2026-01-30 13:12:36 [INFO] [550/1000] 用时12.19秒。总用时:1.86小时。预计剩余时间:1.52小时
2026-01-30 13:12:45 [INFO] [551/1000] train: Loss/train: 0.0199, Acc/train: 99.42%, lr: 0.000431
2026-01-30 13:12:45 [INFO] GPU Reserved: 14500.0MB, GPU Allocated: 108.3MB
2026-01-30 13:12:48 [INFO] [551/1000] val: Loss/val: 0.0211, Acc/val: 99.28%, F1/val: 91.33%, IoU/val: 84.04%, lr: 0.000431
2026-01-30 13:12:48 [INFO] [551/1000] 用时12.23秒。总用时:1.86小时。预计剩余时间:1.52小时
2026-01-30 13:12:57 [INFO] [552/1000] train: Loss/train: 0.0185, Acc/train: 99.46%, lr: 0.000429
2026-01-30 13:12:57 [INFO] GPU Reserved: 14500.0MB, GPU Allocated: 108.3MB
2026-01-30 13:13:00 [INFO] [552/1000] val: Loss/val: 0.0227, Acc/val: 99.28%, F1/val: 91.23%, IoU/val: 83.87%, lr: 0.000429
2026-01-30 13:13:00 [INFO] [552/1000] 用时11.93秒。总用时:1.86小时。预计剩余时间:1.51小时
2026-01-30 13:13:09 [INFO] [553/1000] train: Loss/train: 0.0203, Acc/train: 99.40%, lr: 0.000428
2026-01-30 13:13:09 [INFO] GPU Reserved: 14500.0MB, GPU Allocated: 108.3MB
2026-01-30 13:13:12 [INFO] [553/1000] val: Loss/val: 0.0233, Acc/val: 99.27%, F1/val: 91.09%, IoU/val: 83.64%, lr: 0.000428
2026-01-30 13:13:12 [INFO] [553/1000] 用时11.99秒。总用时:1.87小时。预计剩余时间:1.51小时
2026-01-30 13:13:21 [INFO] [554/1000] train: Loss/train: 0.0191, Acc/train: 99.44%, lr: 0.000426
2026-01-30 13:13:21 [INFO] GPU Reserved: 14500.0MB, GPU Allocated: 108.3MB
2026-01-30 13:13:24 [INFO] [554/1000] val: Loss/val: 0.0221, Acc/val: 99.29%, F1/val: 91.35%, IoU/val: 84.07%, lr: 0.000426
2026-01-30 13:13:24 [INFO] [554/1000] 用时12.11秒。总用时:1.87小时。预计剩余时间:1.51小时
2026-01-30 13:13:34 [INFO] [555/1000] train: Loss/train: 0.0207, Acc/train: 99.40%, lr: 0.000425
2026-01-30 13:13:34 [INFO] GPU Reserved: 14500.0MB, GPU Allocated: 108.3MB
2026-01-30 13:13:36 [INFO] [555/1000] val: Loss/val: 0.0203, Acc/val: 99.30%, F1/val: 91.42%, IoU/val: 84.20%, lr: 0.000425
2026-01-30 13:13:36 [INFO] [555/1000] 用时12.27秒。总用时:1.87小时。预计剩余时间:1.50小时
2026-01-30 13:13:46 [INFO] [556/1000] train: Loss/train: 0.0194, Acc/train: 99.43%, lr: 0.000423
2026-01-30 13:13:46 [INFO] GPU Reserved: 14500.0MB, GPU Allocated: 108.3MB
2026-01-30 13:13:49 [INFO] [556/1000] val: Loss/val: 0.0216, Acc/val: 99.28%, F1/val: 91.18%, IoU/val: 83.80%, lr: 0.000423
2026-01-30 13:13:49 [INFO] [556/1000] 用时12.27秒。总用时:1.88小时。预计剩余时间:1.50小时
2026-01-30 13:13:58 [INFO] [557/1000] train: Loss/train: 0.0190, Acc/train: 99.44%, lr: 0.000421
2026-01-30 13:13:58 [INFO] GPU Reserved: 14500.0MB, GPU Allocated: 108.3MB
2026-01-30 13:14:01 [INFO] [557/1000] val: Loss/val: 0.0211, Acc/val: 99.30%, F1/val: 91.55%, IoU/val: 84.41%, lr: 0.000421
2026-01-30 13:14:01 [INFO] [557/1000] 用时12.22秒。总用时:1.88小时。预计剩余时间:1.50小时
2026-01-30 13:14:10 [INFO] [558/1000] train: Loss/train: 0.0199, Acc/train: 99.41%, lr: 0.000420
2026-01-30 13:14:10 [INFO] GPU Reserved: 14500.0MB, GPU Allocated: 108.3MB
2026-01-30 13:14:13 [INFO] [558/1000] val: Loss/val: 0.0214, Acc/val: 99.30%, F1/val: 91.51%, IoU/val: 84.36%, lr: 0.000420
2026-01-30 13:14:13 [INFO] [558/1000] 用时12.32秒。总用时:1.89小时。预计剩余时间:1.49小时
2026-01-30 13:14:23 [INFO] [559/1000] train: Loss/train: 0.0207, Acc/train: 99.39%, lr: 0.000418
2026-01-30 13:14:23 [INFO] GPU Reserved: 14500.0MB, GPU Allocated: 108.3MB
2026-01-30 13:14:25 [INFO] [559/1000] val: Loss/val: 0.0217, Acc/val: 99.28%, F1/val: 91.45%, IoU/val: 84.25%, lr: 0.000418
2026-01-30 13:14:25 [INFO] [559/1000] 用时12.14秒。总用时:1.89小时。预计剩余时间:1.49小时
2026-01-30 13:14:35 [INFO] [560/1000] train: Loss/train: 0.0200, Acc/train: 99.41%, lr: 0.000417
2026-01-30 13:14:35 [INFO] GPU Reserved: 14500.0MB, GPU Allocated: 108.3MB
2026-01-30 13:14:37 [INFO] [560/1000] val: Loss/val: 0.0209, Acc/val: 99.30%, F1/val: 91.58%, IoU/val: 84.47%, lr: 0.000417
2026-01-30 13:14:37 [INFO] [560/1000] 用时12.09秒。总用时:1.89小时。预计剩余时间:1.49小时
2026-01-30 13:14:47 [INFO] [561/1000] train: Loss/train: 0.0208, Acc/train: 99.38%, lr: 0.000415
2026-01-30 13:14:47 [INFO] GPU Reserved: 14500.0MB, GPU Allocated: 108.3MB
2026-01-30 13:14:50 [INFO] [561/1000] val: Loss/val: 0.0215, Acc/val: 99.28%, F1/val: 91.15%, IoU/val: 83.75%, lr: 0.000415
2026-01-30 13:14:50 [INFO] [561/1000] 用时12.28秒。总用时:1.90小时。预计剩余时间:1.48小时
2026-01-30 13:14:59 [INFO] [562/1000] train: Loss/train: 0.0198, Acc/train: 99.42%, lr: 0.000414
2026-01-30 13:14:59 [INFO] GPU Reserved: 14500.0MB, GPU Allocated: 108.3MB
2026-01-30 13:15:02 [INFO] [562/1000] val: Loss/val: 0.0223, Acc/val: 99.27%, F1/val: 91.05%, IoU/val: 83.56%, lr: 0.000414
2026-01-30 13:15:02 [INFO] [562/1000] 用时11.96秒。总用时:1.90小时。预计剩余时间:1.48小时
2026-01-30 13:15:11 [INFO] [563/1000] train: Loss/train: 0.0192, Acc/train: 99.43%, lr: 0.000412
2026-01-30 13:15:11 [INFO] GPU Reserved: 14500.0MB, GPU Allocated: 108.3MB
2026-01-30 13:15:14 [INFO] [563/1000] val: Loss/val: 0.0207, Acc/val: 99.30%, F1/val: 91.38%, IoU/val: 84.13%, lr: 0.000412
2026-01-30 13:15:14 [INFO] [563/1000] 用时12.32秒。总用时:1.90小时。预计剩余时间:1.48小时
2026-01-30 13:15:23 [INFO] [564/1000] train: Loss/train: 0.0207, Acc/train: 99.39%, lr: 0.000410
2026-01-30 13:15:23 [INFO] GPU Reserved: 14500.0MB, GPU Allocated: 108.3MB
2026-01-30 13:15:26 [INFO] [564/1000] val: Loss/val: 0.0215, Acc/val: 99.28%, F1/val: 91.28%, IoU/val: 83.95%, lr: 0.000410
2026-01-30 13:15:26 [INFO] [564/1000] 用时11.89秒。总用时:1.91小时。预计剩余时间:1.47小时
2026-01-30 13:15:35 [INFO] [565/1000] train: Loss/train: 0.0199, Acc/train: 99.41%, lr: 0.000409
2026-01-30 13:15:35 [INFO] GPU Reserved: 14500.0MB, GPU Allocated: 108.3MB
2026-01-30 13:15:38 [INFO] [565/1000] val: Loss/val: 0.0221, Acc/val: 99.27%, F1/val: 91.14%, IoU/val: 83.73%, lr: 0.000409
2026-01-30 13:15:38 [INFO] [565/1000] 用时12.13秒。总用时:1.91小时。预计剩余时间:1.47小时
2026-01-30 13:15:47 [INFO] [566/1000] train: Loss/train: 0.0192, Acc/train: 99.43%, lr: 0.000407
2026-01-30 13:15:47 [INFO] GPU Reserved: 14500.0MB, GPU Allocated: 108.3MB
2026-01-30 13:15:50 [INFO] [566/1000] val: Loss/val: 0.0221, Acc/val: 99.28%, F1/val: 91.25%, IoU/val: 83.91%, lr: 0.000407
2026-01-30 13:15:50 [INFO] [566/1000] 用时12.07秒。总用时:1.91小时。预计剩余时间:1.47小时
2026-01-30 13:16:00 [INFO] [567/1000] train: Loss/train: 0.0189, Acc/train: 99.46%, lr: 0.000406
2026-01-30 13:16:00 [INFO] GPU Reserved: 14500.0MB, GPU Allocated: 108.3MB
2026-01-30 13:16:02 [INFO] [567/1000] val: Loss/val: 0.0209, Acc/val: 99.27%, F1/val: 91.21%, IoU/val: 83.85%, lr: 0.000406
2026-01-30 13:16:02 [INFO] [567/1000] 用时12.32秒。总用时:1.92小时。预计剩余时间:1.46小时
2026-01-30 13:16:12 [INFO] [568/1000] train: Loss/train: 0.0207, Acc/train: 99.39%, lr: 0.000404
2026-01-30 13:16:12 [INFO] GPU Reserved: 14500.0MB, GPU Allocated: 108.3MB
2026-01-30 13:16:15 [INFO] [568/1000] val: Loss/val: 0.0229, Acc/val: 99.27%, F1/val: 91.15%, IoU/val: 83.75%, lr: 0.000404
2026-01-30 13:16:15 [INFO] [568/1000] 用时12.17秒。总用时:1.92小时。预计剩余时间:1.46小时
2026-01-30 13:16:24 [INFO] [569/1000] train: Loss/train: 0.0198, Acc/train: 99.42%, lr: 0.000403
2026-01-30 13:16:24 [INFO] GPU Reserved: 14500.0MB, GPU Allocated: 108.3MB
2026-01-30 13:16:27 [INFO] [569/1000] val: Loss/val: 0.0218, Acc/val: 99.29%, F1/val: 91.39%, IoU/val: 84.14%, lr: 0.000403
2026-01-30 13:16:27 [INFO] [569/1000] 用时12.10秒。总用时:1.92小时。预计剩余时间:1.46小时
2026-01-30 13:16:36 [INFO] [570/1000] train: Loss/train: 0.0204, Acc/train: 99.39%, lr: 0.000401
2026-01-30 13:16:36 [INFO] GPU Reserved: 14500.0MB, GPU Allocated: 108.3MB
2026-01-30 13:16:39 [INFO] [570/1000] val: Loss/val: 0.0228, Acc/val: 99.27%, F1/val: 91.25%, IoU/val: 83.91%, lr: 0.000401
2026-01-30 13:16:39 [INFO] [570/1000] 用时12.24秒。总用时:1.93小时。预计剩余时间:1.45小时
2026-01-30 13:16:49 [INFO] [571/1000] train: Loss/train: 0.0185, Acc/train: 99.45%, lr: 0.000399
2026-01-30 13:16:49 [INFO] GPU Reserved: 14500.0MB, GPU Allocated: 108.3MB
2026-01-30 13:16:51 [INFO] [571/1000] val: Loss/val: 0.0226, Acc/val: 99.28%, F1/val: 91.36%, IoU/val: 84.09%, lr: 0.000399
2026-01-30 13:16:51 [INFO] [571/1000] 用时12.40秒。总用时:1.93小时。预计剩余时间:1.45小时
2026-01-30 13:17:00 [INFO] [572/1000] train: Loss/train: 0.0202, Acc/train: 99.40%, lr: 0.000398
2026-01-30 13:17:00 [INFO] GPU Reserved: 14500.0MB, GPU Allocated: 108.3MB
2026-01-30 13:17:03 [INFO] [572/1000] val: Loss/val: 0.0221, Acc/val: 99.29%, F1/val: 91.22%, IoU/val: 83.85%, lr: 0.000398
2026-01-30 13:17:03 [INFO] [572/1000] 用时11.97秒。总用时:1.93小时。预计剩余时间:1.45小时
2026-01-30 13:17:13 [INFO] [573/1000] train: Loss/train: 0.0205, Acc/train: 99.40%, lr: 0.000396
2026-01-30 13:17:13 [INFO] GPU Reserved: 14500.0MB, GPU Allocated: 108.3MB
2026-01-30 13:17:15 [INFO] [573/1000] val: Loss/val: 0.0232, Acc/val: 99.28%, F1/val: 91.19%, IoU/val: 83.80%, lr: 0.000396
2026-01-30 13:17:15 [INFO] [573/1000] 用时12.12秒。总用时:1.94小时。预计剩余时间:1.44小时
2026-01-30 13:17:25 [INFO] [574/1000] train: Loss/train: 0.0199, Acc/train: 99.42%, lr: 0.000395
2026-01-30 13:17:25 [INFO] GPU Reserved: 14500.0MB, GPU Allocated: 108.3MB
2026-01-30 13:17:28 [INFO] [574/1000] val: Loss/val: 0.0221, Acc/val: 99.30%, F1/val: 91.47%, IoU/val: 84.28%, lr: 0.000395
2026-01-30 13:17:28 [INFO] [574/1000] 用时12.12秒。总用时:1.94小时。预计剩余时间:1.44小时
2026-01-30 13:17:37 [INFO] [575/1000] train: Loss/train: 0.0197, Acc/train: 99.42%, lr: 0.000393
2026-01-30 13:17:37 [INFO] GPU Reserved: 14500.0MB, GPU Allocated: 108.3MB
2026-01-30 13:17:40 [INFO] [575/1000] val: Loss/val: 0.0216, Acc/val: 99.31%, F1/val: 91.64%, IoU/val: 84.57%, lr: 0.000393
2026-01-30 13:17:40 [INFO] [575/1000] 用时12.34秒。总用时:1.94小时。预计剩余时间:1.44小时
2026-01-30 13:17:49 [INFO] [576/1000] train: Loss/train: 0.0202, Acc/train: 99.40%, lr: 0.000392
2026-01-30 13:17:49 [INFO] GPU Reserved: 14500.0MB, GPU Allocated: 108.3MB
2026-01-30 13:17:52 [INFO] [576/1000] val: Loss/val: 0.0222, Acc/val: 99.29%, F1/val: 91.40%, IoU/val: 84.16%, lr: 0.000392
2026-01-30 13:17:52 [INFO] [576/1000] 用时12.28秒。总用时:1.95小时。预计剩余时间:1.43小时
2026-01-30 13:18:02 [INFO] [577/1000] train: Loss/train: 0.0201, Acc/train: 99.41%, lr: 0.000390
2026-01-30 13:18:02 [INFO] GPU Reserved: 14500.0MB, GPU Allocated: 108.3MB
2026-01-30 13:18:04 [INFO] [577/1000] val: Loss/val: 0.0221, Acc/val: 99.29%, F1/val: 91.36%, IoU/val: 84.10%, lr: 0.000390
2026-01-30 13:18:04 [INFO] [577/1000] 用时12.30秒。总用时:1.95小时。预计剩余时间:1.43小时
2026-01-30 13:18:14 [INFO] [578/1000] train: Loss/train: 0.0194, Acc/train: 99.42%, lr: 0.000389
2026-01-30 13:18:14 [INFO] GPU Reserved: 14500.0MB, GPU Allocated: 108.3MB
2026-01-30 13:18:17 [INFO] [578/1000] val: Loss/val: 0.0219, Acc/val: 99.29%, F1/val: 91.36%, IoU/val: 84.10%, lr: 0.000389
2026-01-30 13:18:17 [INFO] [578/1000] 用时12.06秒。总用时:1.95小时。预计剩余时间:1.43小时
2026-01-30 13:18:26 [INFO] [579/1000] train: Loss/train: 0.0191, Acc/train: 99.44%, lr: 0.000387
2026-01-30 13:18:26 [INFO] GPU Reserved: 14500.0MB, GPU Allocated: 108.3MB
2026-01-30 13:18:29 [INFO] [579/1000] val: Loss/val: 0.0231, Acc/val: 99.28%, F1/val: 91.13%, IoU/val: 83.71%, lr: 0.000387
2026-01-30 13:18:29 [INFO] [579/1000] 用时12.03秒。总用时:1.96小时。预计剩余时间:1.42小时
2026-01-30 13:18:38 [INFO] [580/1000] train: Loss/train: 0.0190, Acc/train: 99.44%, lr: 0.000385
2026-01-30 13:18:38 [INFO] GPU Reserved: 14500.0MB, GPU Allocated: 108.3MB
2026-01-30 13:18:41 [INFO] [580/1000] val: Loss/val: 0.0216, Acc/val: 99.29%, F1/val: 91.39%, IoU/val: 84.15%, lr: 0.000385
2026-01-30 13:18:41 [INFO] [580/1000] 用时12.27秒。总用时:1.96小时。预计剩余时间:1.42小时
2026-01-30 13:18:50 [INFO] [581/1000] train: Loss/train: 0.0200, Acc/train: 99.41%, lr: 0.000384
2026-01-30 13:18:50 [INFO] GPU Reserved: 14500.0MB, GPU Allocated: 108.3MB
2026-01-30 13:18:53 [INFO] [581/1000] val: Loss/val: 0.0230, Acc/val: 99.28%, F1/val: 91.31%, IoU/val: 84.01%, lr: 0.000384
2026-01-30 13:18:53 [INFO] [581/1000] 用时12.10秒。总用时:1.96小时。预计剩余时间:1.42小时
2026-01-30 13:19:02 [INFO] [582/1000] train: Loss/train: 0.0200, Acc/train: 99.41%, lr: 0.000382
2026-01-30 13:19:02 [INFO] GPU Reserved: 14500.0MB, GPU Allocated: 108.3MB
2026-01-30 13:19:05 [INFO] [582/1000] val: Loss/val: 0.0219, Acc/val: 99.29%, F1/val: 91.42%, IoU/val: 84.20%, lr: 0.000382
2026-01-30 13:19:05 [INFO] [582/1000] 用时11.88秒。总用时:1.97小时。预计剩余时间:1.41小时
2026-01-30 13:19:14 [INFO] [583/1000] train: Loss/train: 0.0192, Acc/train: 99.43%, lr: 0.000381
2026-01-30 13:19:14 [INFO] GPU Reserved: 14500.0MB, GPU Allocated: 108.3MB
2026-01-30 13:19:17 [INFO] [583/1000] val: Loss/val: 0.0219, Acc/val: 99.29%, F1/val: 91.35%, IoU/val: 84.08%, lr: 0.000381
2026-01-30 13:19:17 [INFO] [583/1000] 用时12.19秒。总用时:1.97小时。预计剩余时间:1.41小时
2026-01-30 13:19:26 [INFO] [584/1000] train: Loss/train: 0.0193, Acc/train: 99.43%, lr: 0.000379
2026-01-30 13:19:26 [INFO] GPU Reserved: 14500.0MB, GPU Allocated: 108.3MB
2026-01-30 13:19:29 [INFO] [584/1000] val: Loss/val: 0.0228, Acc/val: 99.28%, F1/val: 91.25%, IoU/val: 83.91%, lr: 0.000379
2026-01-30 13:19:29 [INFO] [584/1000] 用时12.17秒。总用时:1.97小时。预计剩余时间:1.41小时
2026-01-30 13:19:38 [INFO] [585/1000] train: Loss/train: 0.0195, Acc/train: 99.42%, lr: 0.000378
2026-01-30 13:19:38 [INFO] GPU Reserved: 14500.0MB, GPU Allocated: 108.3MB
2026-01-30 13:19:41 [INFO] [585/1000] val: Loss/val: 0.0227, Acc/val: 99.28%, F1/val: 91.21%, IoU/val: 83.84%, lr: 0.000378
2026-01-30 13:19:41 [INFO] [585/1000] 用时12.14秒。总用时:1.98小时。预计剩余时间:1.40小时
2026-01-30 13:19:51 [INFO] [586/1000] train: Loss/train: 0.0185, Acc/train: 99.46%, lr: 0.000376
2026-01-30 13:19:51 [INFO] GPU Reserved: 14500.0MB, GPU Allocated: 108.3MB
2026-01-30 13:19:54 [INFO] [586/1000] val: Loss/val: 0.0233, Acc/val: 99.27%, F1/val: 91.13%, IoU/val: 83.71%, lr: 0.000376
2026-01-30 13:19:54 [INFO] [586/1000] 用时12.25秒。总用时:1.98小时。预计剩余时间:1.40小时
2026-01-30 13:20:03 [INFO] [587/1000] train: Loss/train: 0.0186, Acc/train: 99.45%, lr: 0.000375
2026-01-30 13:20:03 [INFO] GPU Reserved: 14500.0MB, GPU Allocated: 108.3MB
2026-01-30 13:20:06 [INFO] [587/1000] val: Loss/val: 0.0228, Acc/val: 99.27%, F1/val: 91.14%, IoU/val: 83.72%, lr: 0.000375
2026-01-30 13:20:06 [INFO] [587/1000] 用时11.93秒。总用时:1.98小时。预计剩余时间:1.40小时
2026-01-30 13:20:15 [INFO] [588/1000] train: Loss/train: 0.0192, Acc/train: 99.43%, lr: 0.000373
2026-01-30 13:20:15 [INFO] GPU Reserved: 14500.0MB, GPU Allocated: 108.3MB
2026-01-30 13:20:18 [INFO] [588/1000] val: Loss/val: 0.0214, Acc/val: 99.29%, F1/val: 91.43%, IoU/val: 84.22%, lr: 0.000373
2026-01-30 13:20:18 [INFO] [588/1000] 用时12.08秒。总用时:1.99小时。预计剩余时间:1.39小时
2026-01-30 13:20:27 [INFO] [589/1000] train: Loss/train: 0.0185, Acc/train: 99.45%, lr: 0.000371
2026-01-30 13:20:27 [INFO] GPU Reserved: 14500.0MB, GPU Allocated: 108.3MB
2026-01-30 13:20:30 [INFO] [589/1000] val: Loss/val: 0.0224, Acc/val: 99.28%, F1/val: 91.30%, IoU/val: 83.99%, lr: 0.000371
2026-01-30 13:20:30 [INFO] [589/1000] 用时12.22秒。总用时:1.99小时。预计剩余时间:1.39小时
2026-01-30 13:20:39 [INFO] [590/1000] train: Loss/train: 0.0204, Acc/train: 99.40%, lr: 0.000370
2026-01-30 13:20:39 [INFO] GPU Reserved: 14500.0MB, GPU Allocated: 108.3MB
2026-01-30 13:20:42 [INFO] [590/1000] val: Loss/val: 0.0206, Acc/val: 99.30%, F1/val: 91.59%, IoU/val: 84.48%, lr: 0.000370
2026-01-30 13:20:42 [INFO] [590/1000] 用时12.34秒。总用时:1.99小时。预计剩余时间:1.39小时
2026-01-30 13:20:51 [INFO] [591/1000] train: Loss/train: 0.0197, Acc/train: 99.42%, lr: 0.000368
2026-01-30 13:20:51 [INFO] GPU Reserved: 14500.0MB, GPU Allocated: 108.3MB
2026-01-30 13:20:54 [INFO] [591/1000] val: Loss/val: 0.0213, Acc/val: 99.30%, F1/val: 91.49%, IoU/val: 84.32%, lr: 0.000368
2026-01-30 13:20:54 [INFO] [591/1000] 用时11.95秒。总用时:2.00小时。预计剩余时间:1.38小时
2026-01-30 13:21:03 [INFO] [592/1000] train: Loss/train: 0.0204, Acc/train: 99.40%, lr: 0.000367
2026-01-30 13:21:03 [INFO] GPU Reserved: 14500.0MB, GPU Allocated: 108.3MB
2026-01-30 13:21:06 [INFO] [592/1000] val: Loss/val: 0.0223, Acc/val: 99.29%, F1/val: 91.46%, IoU/val: 84.26%, lr: 0.000367
2026-01-30 13:21:06 [INFO] [592/1000] 用时12.16秒。总用时:2.00小时。预计剩余时间:1.38小时
2026-01-30 13:21:16 [INFO] [593/1000] train: Loss/train: 0.0201, Acc/train: 99.40%, lr: 0.000365
2026-01-30 13:21:16 [INFO] GPU Reserved: 14500.0MB, GPU Allocated: 108.3MB
2026-01-30 13:21:18 [INFO] [593/1000] val: Loss/val: 0.0235, Acc/val: 99.27%, F1/val: 91.14%, IoU/val: 83.73%, lr: 0.000365
2026-01-30 13:21:18 [INFO] [593/1000] 用时12.11秒。总用时:2.00小时。预计剩余时间:1.37小时
2026-01-30 13:21:28 [INFO] [594/1000] train: Loss/train: 0.0190, Acc/train: 99.44%, lr: 0.000364
2026-01-30 13:21:28 [INFO] GPU Reserved: 14500.0MB, GPU Allocated: 108.3MB
2026-01-30 13:21:31 [INFO] [594/1000] val: Loss/val: 0.0221, Acc/val: 99.30%, F1/val: 91.39%, IoU/val: 84.15%, lr: 0.000364
2026-01-30 13:21:31 [INFO] [594/1000] 用时12.30秒。总用时:2.01小时。预计剩余时间:1.37小时
2026-01-30 13:21:40 [INFO] [595/1000] train: Loss/train: 0.0196, Acc/train: 99.42%, lr: 0.000362
2026-01-30 13:21:40 [INFO] GPU Reserved: 14500.0MB, GPU Allocated: 108.3MB
2026-01-30 13:21:43 [INFO] [595/1000] val: Loss/val: 0.0224, Acc/val: 99.27%, F1/val: 91.01%, IoU/val: 83.50%, lr: 0.000362
2026-01-30 13:21:43 [INFO] [595/1000] 用时12.34秒。总用时:2.01小时。预计剩余时间:1.37小时
2026-01-30 13:21:52 [INFO] [596/1000] train: Loss/train: 0.0189, Acc/train: 99.44%, lr: 0.000361
2026-01-30 13:21:52 [INFO] GPU Reserved: 14500.0MB, GPU Allocated: 108.3MB
2026-01-30 13:21:55 [INFO] [596/1000] val: Loss/val: 0.0221, Acc/val: 99.29%, F1/val: 91.46%, IoU/val: 84.26%, lr: 0.000361
2026-01-30 13:21:55 [INFO] [596/1000] 用时12.23秒。总用时:2.01小时。预计剩余时间:1.36小时
2026-01-30 13:22:04 [INFO] [597/1000] train: Loss/train: 0.0203, Acc/train: 99.40%, lr: 0.000359
2026-01-30 13:22:04 [INFO] GPU Reserved: 14500.0MB, GPU Allocated: 108.3MB
2026-01-30 13:22:07 [INFO] [597/1000] val: Loss/val: 0.0229, Acc/val: 99.28%, F1/val: 91.39%, IoU/val: 84.14%, lr: 0.000359
2026-01-30 13:22:07 [INFO] [597/1000] 用时11.96秒。总用时:2.02小时。预计剩余时间:1.36小时
2026-01-30 13:22:16 [INFO] [598/1000] train: Loss/train: 0.0200, Acc/train: 99.41%, lr: 0.000358
2026-01-30 13:22:16 [INFO] GPU Reserved: 14500.0MB, GPU Allocated: 108.3MB
2026-01-30 13:22:19 [INFO] [598/1000] val: Loss/val: 0.0219, Acc/val: 99.28%, F1/val: 91.33%, IoU/val: 84.05%, lr: 0.000358
2026-01-30 13:22:19 [INFO] [598/1000] 用时12.21秒。总用时:2.02小时。预计剩余时间:1.36小时
2026-01-30 13:22:29 [INFO] [599/1000] train: Loss/train: 0.0199, Acc/train: 99.41%, lr: 0.000356
2026-01-30 13:22:29 [INFO] GPU Reserved: 14500.0MB, GPU Allocated: 108.3MB
2026-01-30 13:22:32 [INFO] [599/1000] val: Loss/val: 0.0224, Acc/val: 99.29%, F1/val: 91.36%, IoU/val: 84.10%, lr: 0.000356
2026-01-30 13:22:32 [INFO] [599/1000] 用时12.12秒。总用时:2.02小时。预计剩余时间:1.35小时
2026-01-30 13:22:41 [INFO] [600/1000] train: Loss/train: 0.0190, Acc/train: 99.44%, lr: 0.000355
2026-01-30 13:22:41 [INFO] GPU Reserved: 14500.0MB, GPU Allocated: 108.3MB
2026-01-30 13:22:44 [INFO] [600/1000] val: Loss/val: 0.0228, Acc/val: 99.28%, F1/val: 91.32%, IoU/val: 84.03%, lr: 0.000355
2026-01-30 13:22:44 [INFO] [600/1000] 用时12.17秒。总用时:2.03小时。预计剩余时间:1.35小时
2026-01-30 13:22:53 [INFO] [601/1000] train: Loss/train: 0.0199, Acc/train: 99.42%, lr: 0.000353
2026-01-30 13:22:53 [INFO] GPU Reserved: 14500.0MB, GPU Allocated: 108.3MB
2026-01-30 13:22:56 [INFO] [601/1000] val: Loss/val: 0.0222, Acc/val: 99.29%, F1/val: 91.30%, IoU/val: 83.99%, lr: 0.000353
2026-01-30 13:22:56 [INFO] [601/1000] 用时12.11秒。总用时:2.03小时。预计剩余时间:1.35小时
2026-01-30 13:23:05 [INFO] [602/1000] train: Loss/train: 0.0194, Acc/train: 99.43%, lr: 0.000352
2026-01-30 13:23:05 [INFO] GPU Reserved: 14500.0MB, GPU Allocated: 108.3MB
2026-01-30 13:23:08 [INFO] [602/1000] val: Loss/val: 0.0224, Acc/val: 99.29%, F1/val: 91.40%, IoU/val: 84.16%, lr: 0.000352
2026-01-30 13:23:08 [INFO] [602/1000] 用时12.20秒。总用时:2.03小时。预计剩余时间:1.34小时
2026-01-30 13:23:17 [INFO] [603/1000] train: Loss/train: 0.0202, Acc/train: 99.40%, lr: 0.000350
2026-01-30 13:23:17 [INFO] GPU Reserved: 14500.0MB, GPU Allocated: 108.3MB
2026-01-30 13:23:20 [INFO] [603/1000] val: Loss/val: 0.0220, Acc/val: 99.30%, F1/val: 91.46%, IoU/val: 84.27%, lr: 0.000350
2026-01-30 13:23:20 [INFO] [603/1000] 用时12.25秒。总用时:2.04小时。预计剩余时间:1.34小时
2026-01-30 13:23:30 [INFO] [604/1000] train: Loss/train: 0.0202, Acc/train: 99.40%, lr: 0.000349
2026-01-30 13:23:30 [INFO] GPU Reserved: 14500.0MB, GPU Allocated: 108.3MB
2026-01-30 13:23:32 [INFO] [604/1000] val: Loss/val: 0.0242, Acc/val: 99.28%, F1/val: 91.12%, IoU/val: 83.69%, lr: 0.000349
2026-01-30 13:23:32 [INFO] [604/1000] 用时12.09秒。总用时:2.04小时。预计剩余时间:1.34小时
2026-01-30 13:23:41 [INFO] [605/1000] train: Loss/train: 0.0193, Acc/train: 99.43%, lr: 0.000347
2026-01-30 13:23:41 [INFO] GPU Reserved: 14500.0MB, GPU Allocated: 108.3MB
2026-01-30 13:23:44 [INFO] [605/1000] val: Loss/val: 0.0222, Acc/val: 99.29%, F1/val: 91.42%, IoU/val: 84.19%, lr: 0.000347
2026-01-30 13:23:44 [INFO] [605/1000] 用时11.87秒。总用时:2.04小时。预计剩余时间:1.33小时
2026-01-30 13:23:53 [INFO] [606/1000] train: Loss/train: 0.0202, Acc/train: 99.40%, lr: 0.000345
2026-01-30 13:23:53 [INFO] GPU Reserved: 14500.0MB, GPU Allocated: 108.3MB
2026-01-30 13:23:56 [INFO] [606/1000] val: Loss/val: 0.0223, Acc/val: 99.28%, F1/val: 91.13%, IoU/val: 83.70%, lr: 0.000345
2026-01-30 13:23:56 [INFO] [606/1000] 用时12.01秒。总用时:2.05小时。预计剩余时间:1.33小时
2026-01-30 13:24:06 [INFO] [607/1000] train: Loss/train: 0.0204, Acc/train: 99.40%, lr: 0.000344
2026-01-30 13:24:06 [INFO] GPU Reserved: 14500.0MB, GPU Allocated: 108.3MB
2026-01-30 13:24:09 [INFO] [607/1000] val: Loss/val: 0.0214, Acc/val: 99.28%, F1/val: 91.19%, IoU/val: 83.81%, lr: 0.000344
2026-01-30 13:24:09 [INFO] [607/1000] 用时12.30秒。总用时:2.05小时。预计剩余时间:1.33小时
2026-01-30 13:24:18 [INFO] [608/1000] train: Loss/train: 0.0196, Acc/train: 99.42%, lr: 0.000342
2026-01-30 13:24:18 [INFO] GPU Reserved: 14500.0MB, GPU Allocated: 108.3MB
2026-01-30 13:24:21 [INFO] [608/1000] val: Loss/val: 0.0220, Acc/val: 99.29%, F1/val: 91.39%, IoU/val: 84.14%, lr: 0.000342
2026-01-30 13:24:21 [INFO] [608/1000] 用时12.00秒。总用时:2.05小时。预计剩余时间:1.32小时
2026-01-30 13:24:30 [INFO] [609/1000] train: Loss/train: 0.0187, Acc/train: 99.45%, lr: 0.000341
2026-01-30 13:24:30 [INFO] GPU Reserved: 14500.0MB, GPU Allocated: 108.3MB
2026-01-30 13:24:33 [INFO] [609/1000] val: Loss/val: 0.0215, Acc/val: 99.28%, F1/val: 91.22%, IoU/val: 83.86%, lr: 0.000341
2026-01-30 13:24:33 [INFO] [609/1000] 用时12.15秒。总用时:2.06小时。预计剩余时间:1.32小时
2026-01-30 13:24:42 [INFO] [610/1000] train: Loss/train: 0.0186, Acc/train: 99.45%, lr: 0.000339
2026-01-30 13:24:42 [INFO] GPU Reserved: 14500.0MB, GPU Allocated: 108.3MB
2026-01-30 13:24:45 [INFO] [610/1000] val: Loss/val: 0.0223, Acc/val: 99.29%, F1/val: 91.42%, IoU/val: 84.19%, lr: 0.000339
2026-01-30 13:24:45 [INFO] [610/1000] 用时12.26秒。总用时:2.06小时。预计剩余时间:1.32小时
2026-01-30 13:24:54 [INFO] [611/1000] train: Loss/train: 0.0186, Acc/train: 99.45%, lr: 0.000338
2026-01-30 13:24:54 [INFO] GPU Reserved: 14500.0MB, GPU Allocated: 108.3MB
2026-01-30 13:24:57 [INFO] [611/1000] val: Loss/val: 0.0251, Acc/val: 99.22%, F1/val: 90.69%, IoU/val: 82.97%, lr: 0.000338
2026-01-30 13:24:57 [INFO] [611/1000] 用时12.04秒。总用时:2.06小时。预计剩余时间:1.31小时
2026-01-30 13:25:06 [INFO] [612/1000] train: Loss/train: 0.0190, Acc/train: 99.44%, lr: 0.000336
2026-01-30 13:25:06 [INFO] GPU Reserved: 14500.0MB, GPU Allocated: 108.3MB
2026-01-30 13:25:09 [INFO] [612/1000] val: Loss/val: 0.0238, Acc/val: 99.27%, F1/val: 91.13%, IoU/val: 83.70%, lr: 0.000336
2026-01-30 13:25:09 [INFO] [612/1000] 用时12.32秒。总用时:2.07小时。预计剩余时间:1.31小时
2026-01-30 13:25:19 [INFO] [613/1000] train: Loss/train: 0.0191, Acc/train: 99.44%, lr: 0.000335
2026-01-30 13:25:19 [INFO] GPU Reserved: 14500.0MB, GPU Allocated: 108.3MB
2026-01-30 13:25:22 [INFO] [613/1000] val: Loss/val: 0.0230, Acc/val: 99.26%, F1/val: 91.07%, IoU/val: 83.61%, lr: 0.000335
2026-01-30 13:25:22 [INFO] [613/1000] 用时12.21秒。总用时:2.07小时。预计剩余时间:1.31小时
2026-01-30 13:25:31 [INFO] [614/1000] train: Loss/train: 0.0203, Acc/train: 99.40%, lr: 0.000333
2026-01-30 13:25:31 [INFO] GPU Reserved: 14500.0MB, GPU Allocated: 108.3MB
2026-01-30 13:25:34 [INFO] [614/1000] val: Loss/val: 0.0226, Acc/val: 99.28%, F1/val: 91.32%, IoU/val: 84.03%, lr: 0.000333
2026-01-30 13:25:34 [INFO] [614/1000] 用时12.02秒。总用时:2.07小时。预计剩余时间:1.30小时
2026-01-30 13:25:43 [INFO] [615/1000] train: Loss/train: 0.0190, Acc/train: 99.44%, lr: 0.000332
2026-01-30 13:25:43 [INFO] GPU Reserved: 14500.0MB, GPU Allocated: 108.3MB
2026-01-30 13:25:46 [INFO] [615/1000] val: Loss/val: 0.0218, Acc/val: 99.29%, F1/val: 91.30%, IoU/val: 83.99%, lr: 0.000332
2026-01-30 13:25:46 [INFO] [615/1000] 用时12.11秒。总用时:2.08小时。预计剩余时间:1.30小时
2026-01-30 13:25:55 [INFO] [616/1000] train: Loss/train: 0.0202, Acc/train: 99.40%, lr: 0.000330
2026-01-30 13:25:55 [INFO] GPU Reserved: 14500.0MB, GPU Allocated: 108.3MB
2026-01-30 13:25:58 [INFO] [616/1000] val: Loss/val: 0.0222, Acc/val: 99.27%, F1/val: 91.18%, IoU/val: 83.80%, lr: 0.000330
2026-01-30 13:25:58 [INFO] [616/1000] 用时11.98秒。总用时:2.08小时。预计剩余时间:1.30小时
2026-01-30 13:26:07 [INFO] [617/1000] train: Loss/train: 0.0200, Acc/train: 99.41%, lr: 0.000329
2026-01-30 13:26:07 [INFO] GPU Reserved: 14500.0MB, GPU Allocated: 108.3MB
2026-01-30 13:26:10 [INFO] [617/1000] val: Loss/val: 0.0213, Acc/val: 99.30%, F1/val: 91.45%, IoU/val: 84.24%, lr: 0.000329
2026-01-30 13:26:10 [INFO] [617/1000] 用时11.92秒。总用时:2.08小时。预计剩余时间:1.29小时
2026-01-30 13:26:19 [INFO] [618/1000] train: Loss/train: 0.0191, Acc/train: 99.44%, lr: 0.000327
2026-01-30 13:26:19 [INFO] GPU Reserved: 14500.0MB, GPU Allocated: 108.3MB
2026-01-30 13:26:22 [INFO] [618/1000] val: Loss/val: 0.0220, Acc/val: 99.29%, F1/val: 91.34%, IoU/val: 84.06%, lr: 0.000327
2026-01-30 13:26:22 [INFO] [618/1000] 用时12.16秒。总用时:2.09小时。预计剩余时间:1.29小时
2026-01-30 13:26:31 [INFO] [619/1000] train: Loss/train: 0.0205, Acc/train: 99.40%, lr: 0.000326
2026-01-30 13:26:31 [INFO] GPU Reserved: 14500.0MB, GPU Allocated: 108.3MB
2026-01-30 13:26:34 [INFO] [619/1000] val: Loss/val: 0.0223, Acc/val: 99.28%, F1/val: 91.30%, IoU/val: 83.99%, lr: 0.000326
2026-01-30 13:26:34 [INFO] [619/1000] 用时12.01秒。总用时:2.09小时。预计剩余时间:1.29小时
2026-01-30 13:26:43 [INFO] [620/1000] train: Loss/train: 0.0203, Acc/train: 99.40%, lr: 0.000324
2026-01-30 13:26:43 [INFO] GPU Reserved: 14500.0MB, GPU Allocated: 108.3MB
2026-01-30 13:26:46 [INFO] [620/1000] val: Loss/val: 0.0207, Acc/val: 99.30%, F1/val: 91.58%, IoU/val: 84.47%, lr: 0.000324
2026-01-30 13:26:46 [INFO] [620/1000] 用时11.90秒。总用时:2.09小时。预计剩余时间:1.28小时
2026-01-30 13:26:55 [INFO] [621/1000] train: Loss/train: 0.0195, Acc/train: 99.42%, lr: 0.000323
2026-01-30 13:26:55 [INFO] GPU Reserved: 14500.0MB, GPU Allocated: 108.3MB
2026-01-30 13:26:58 [INFO] [621/1000] val: Loss/val: 0.0212, Acc/val: 99.30%, F1/val: 91.44%, IoU/val: 84.23%, lr: 0.000323
2026-01-30 13:26:58 [INFO] [621/1000] 用时11.92秒。总用时:2.10小时。预计剩余时间:1.28小时
2026-01-30 13:27:07 [INFO] [622/1000] train: Loss/train: 0.0201, Acc/train: 99.40%, lr: 0.000321
2026-01-30 13:27:07 [INFO] GPU Reserved: 14500.0MB, GPU Allocated: 108.3MB
2026-01-30 13:27:10 [INFO] [622/1000] val: Loss/val: 0.0209, Acc/val: 99.30%, F1/val: 91.50%, IoU/val: 84.33%, lr: 0.000321
2026-01-30 13:27:10 [INFO] [622/1000] 用时12.19秒。总用时:2.10小时。预计剩余时间:1.28小时
2026-01-30 13:27:19 [INFO] [623/1000] train: Loss/train: 0.0183, Acc/train: 99.46%, lr: 0.000320
2026-01-30 13:27:19 [INFO] GPU Reserved: 14500.0MB, GPU Allocated: 108.3MB
2026-01-30 13:27:22 [INFO] [623/1000] val: Loss/val: 0.0218, Acc/val: 99.30%, F1/val: 91.48%, IoU/val: 84.30%, lr: 0.000320
2026-01-30 13:27:22 [INFO] [623/1000] 用时12.20秒。总用时:2.10小时。预计剩余时间:1.27小时
2026-01-30 13:27:31 [INFO] [624/1000] train: Loss/train: 0.0182, Acc/train: 99.46%, lr: 0.000318
2026-01-30 13:27:31 [INFO] GPU Reserved: 14500.0MB, GPU Allocated: 108.3MB
2026-01-30 13:27:34 [INFO] [624/1000] val: Loss/val: 0.0206, Acc/val: 99.29%, F1/val: 91.51%, IoU/val: 84.34%, lr: 0.000318
2026-01-30 13:27:34 [INFO] [624/1000] 用时12.31秒。总用时:2.11小时。预计剩余时间:1.27小时
2026-01-30 13:27:44 [INFO] [625/1000] train: Loss/train: 0.0191, Acc/train: 99.43%, lr: 0.000317
2026-01-30 13:27:44 [INFO] GPU Reserved: 14500.0MB, GPU Allocated: 108.3MB
2026-01-30 13:27:47 [INFO] [625/1000] val: Loss/val: 0.0210, Acc/val: 99.30%, F1/val: 91.47%, IoU/val: 84.28%, lr: 0.000317
2026-01-30 13:27:47 [INFO] [625/1000] 用时12.30秒。总用时:2.11小时。预计剩余时间:1.27小时
2026-01-30 13:27:56 [INFO] [626/1000] train: Loss/train: 0.0194, Acc/train: 99.42%, lr: 0.000315
2026-01-30 13:27:56 [INFO] GPU Reserved: 14500.0MB, GPU Allocated: 108.3MB
2026-01-30 13:27:59 [INFO] [626/1000] val: Loss/val: 0.0219, Acc/val: 99.28%, F1/val: 91.27%, IoU/val: 83.94%, lr: 0.000315
2026-01-30 13:27:59 [INFO] [626/1000] 用时12.21秒。总用时:2.11小时。预计剩余时间:1.26小时
2026-01-30 13:28:08 [INFO] [627/1000] train: Loss/train: 0.0190, Acc/train: 99.43%, lr: 0.000314
2026-01-30 13:28:08 [INFO] GPU Reserved: 14500.0MB, GPU Allocated: 108.3MB
2026-01-30 13:28:11 [INFO] [627/1000] val: Loss/val: 0.0208, Acc/val: 99.31%, F1/val: 91.67%, IoU/val: 84.61%, lr: 0.000314
2026-01-30 13:28:11 [INFO] [627/1000] 用时12.28秒。总用时:2.12小时。预计剩余时间:1.26小时
2026-01-30 13:28:20 [INFO] [628/1000] train: Loss/train: 0.0191, Acc/train: 99.43%, lr: 0.000313
2026-01-30 13:28:20 [INFO] GPU Reserved: 14500.0MB, GPU Allocated: 108.3MB
2026-01-30 13:28:23 [INFO] [628/1000] val: Loss/val: 0.0211, Acc/val: 99.29%, F1/val: 91.45%, IoU/val: 84.25%, lr: 0.000313
2026-01-30 13:28:23 [INFO] [628/1000] 用时12.09秒。总用时:2.12小时。预计剩余时间:1.26小时
2026-01-30 13:28:33 [INFO] [629/1000] train: Loss/train: 0.0191, Acc/train: 99.44%, lr: 0.000311
2026-01-30 13:28:33 [INFO] GPU Reserved: 14500.0MB, GPU Allocated: 108.3MB
2026-01-30 13:28:35 [INFO] [629/1000] val: Loss/val: 0.0209, Acc/val: 99.31%, F1/val: 91.59%, IoU/val: 84.49%, lr: 0.000311
2026-01-30 13:28:35 [INFO] [629/1000] 用时12.26秒。总用时:2.12小时。预计剩余时间:1.25小时
2026-01-30 13:28:45 [INFO] [630/1000] train: Loss/train: 0.0204, Acc/train: 99.40%, lr: 0.000310
2026-01-30 13:28:45 [INFO] GPU Reserved: 14500.0MB, GPU Allocated: 108.3MB
2026-01-30 13:28:48 [INFO] [630/1000] val: Loss/val: 0.0208, Acc/val: 99.31%, F1/val: 91.55%, IoU/val: 84.42%, lr: 0.000310
2026-01-30 13:28:48 [INFO] [630/1000] 用时12.23秒。总用时:2.13小时。预计剩余时间:1.25小时
2026-01-30 13:28:57 [INFO] [631/1000] train: Loss/train: 0.0188, Acc/train: 99.44%, lr: 0.000308
2026-01-30 13:28:57 [INFO] GPU Reserved: 14500.0MB, GPU Allocated: 108.3MB
2026-01-30 13:29:00 [INFO] [631/1000] val: Loss/val: 0.0217, Acc/val: 99.30%, F1/val: 91.47%, IoU/val: 84.27%, lr: 0.000308
2026-01-30 13:29:00 [INFO] [631/1000] 用时12.11秒。总用时:2.13小时。预计剩余时间:1.25小时
2026-01-30 13:29:09 [INFO] [632/1000] train: Loss/train: 0.0188, Acc/train: 99.45%, lr: 0.000307
2026-01-30 13:29:09 [INFO] GPU Reserved: 14500.0MB, GPU Allocated: 108.3MB
2026-01-30 13:29:12 [INFO] [632/1000] val: Loss/val: 0.0212, Acc/val: 99.30%, F1/val: 91.46%, IoU/val: 84.27%, lr: 0.000307
2026-01-30 13:29:12 [INFO] [632/1000] 用时12.32秒。总用时:2.13小时。预计剩余时间:1.24小时
2026-01-30 13:29:21 [INFO] [633/1000] train: Loss/train: 0.0193, Acc/train: 99.42%, lr: 0.000305
2026-01-30 13:29:21 [INFO] GPU Reserved: 14500.0MB, GPU Allocated: 108.3MB
2026-01-30 13:29:24 [INFO] [633/1000] val: Loss/val: 0.0217, Acc/val: 99.29%, F1/val: 91.38%, IoU/val: 84.12%, lr: 0.000305
2026-01-30 13:29:24 [INFO] [633/1000] 用时12.29秒。总用时:2.14小时。预计剩余时间:1.24小时
2026-01-30 13:29:34 [INFO] [634/1000] train: Loss/train: 0.0188, Acc/train: 99.44%, lr: 0.000304
2026-01-30 13:29:34 [INFO] GPU Reserved: 14500.0MB, GPU Allocated: 108.3MB
2026-01-30 13:29:37 [INFO] [634/1000] val: Loss/val: 0.0209, Acc/val: 99.31%, F1/val: 91.63%, IoU/val: 84.54%, lr: 0.000304
2026-01-30 13:29:37 [INFO] [634/1000] 用时12.20秒。总用时:2.14小时。预计剩余时间:1.24小时
2026-01-30 13:29:46 [INFO] [635/1000] train: Loss/train: 0.0187, Acc/train: 99.44%, lr: 0.000302
2026-01-30 13:29:46 [INFO] GPU Reserved: 14500.0MB, GPU Allocated: 108.3MB
2026-01-30 13:29:49 [INFO] [635/1000] val: Loss/val: 0.0209, Acc/val: 99.31%, F1/val: 91.58%, IoU/val: 84.46%, lr: 0.000302
2026-01-30 13:29:49 [INFO] [635/1000] 用时12.08秒。总用时:2.14小时。预计剩余时间:1.23小时
2026-01-30 13:29:58 [INFO] [636/1000] train: Loss/train: 0.0193, Acc/train: 99.43%, lr: 0.000301
2026-01-30 13:29:58 [INFO] GPU Reserved: 14500.0MB, GPU Allocated: 108.3MB
2026-01-30 13:30:01 [INFO] [636/1000] val: Loss/val: 0.0222, Acc/val: 99.29%, F1/val: 91.26%, IoU/val: 83.93%, lr: 0.000301
2026-01-30 13:30:01 [INFO] [636/1000] 用时12.18秒。总用时:2.15小时。预计剩余时间:1.23小时
2026-01-30 13:30:10 [INFO] [637/1000] train: Loss/train: 0.0190, Acc/train: 99.44%, lr: 0.000299
2026-01-30 13:30:10 [INFO] GPU Reserved: 14500.0MB, GPU Allocated: 108.3MB
2026-01-30 13:30:13 [INFO] [637/1000] val: Loss/val: 0.0216, Acc/val: 99.29%, F1/val: 91.36%, IoU/val: 84.09%, lr: 0.000299
2026-01-30 13:30:13 [INFO] [637/1000] 用时12.19秒。总用时:2.15小时。预计剩余时间:1.23小时
2026-01-30 13:30:22 [INFO] [638/1000] train: Loss/train: 0.0193, Acc/train: 99.43%, lr: 0.000298
2026-01-30 13:30:22 [INFO] GPU Reserved: 14500.0MB, GPU Allocated: 108.3MB
2026-01-30 13:30:25 [INFO] [638/1000] val: Loss/val: 0.0214, Acc/val: 99.29%, F1/val: 91.45%, IoU/val: 84.25%, lr: 0.000298
2026-01-30 13:30:25 [INFO] [638/1000] 用时11.90秒。总用时:2.15小时。预计剩余时间:1.22小时
2026-01-30 13:30:34 [INFO] [639/1000] train: Loss/train: 0.0191, Acc/train: 99.44%, lr: 0.000296
2026-01-30 13:30:34 [INFO] GPU Reserved: 14500.0MB, GPU Allocated: 108.3MB
2026-01-30 13:30:37 [INFO] [639/1000] val: Loss/val: 0.0233, Acc/val: 99.28%, F1/val: 91.10%, IoU/val: 83.66%, lr: 0.000296
2026-01-30 13:30:37 [INFO] [639/1000] 用时12.12秒。总用时:2.16小时。预计剩余时间:1.22小时
2026-01-30 13:30:46 [INFO] [640/1000] train: Loss/train: 0.0205, Acc/train: 99.39%, lr: 0.000295
2026-01-30 13:30:46 [INFO] GPU Reserved: 14500.0MB, GPU Allocated: 108.3MB
2026-01-30 13:30:49 [INFO] [640/1000] val: Loss/val: 0.0214, Acc/val: 99.30%, F1/val: 91.49%, IoU/val: 84.31%, lr: 0.000295
2026-01-30 13:30:49 [INFO] [640/1000] 用时12.03秒。总用时:2.16小时。预计剩余时间:1.22小时
2026-01-30 13:30:58 [INFO] [641/1000] train: Loss/train: 0.0194, Acc/train: 99.42%, lr: 0.000293
2026-01-30 13:30:58 [INFO] GPU Reserved: 14500.0MB, GPU Allocated: 108.3MB
2026-01-30 13:31:01 [INFO] [641/1000] val: Loss/val: 0.0221, Acc/val: 99.29%, F1/val: 91.29%, IoU/val: 83.97%, lr: 0.000293
2026-01-30 13:31:01 [INFO] [641/1000] 用时12.27秒。总用时:2.17小时。预计剩余时间:1.21小时
2026-01-30 13:31:11 [INFO] [642/1000] train: Loss/train: 0.0185, Acc/train: 99.45%, lr: 0.000292
2026-01-30 13:31:11 [INFO] GPU Reserved: 14500.0MB, GPU Allocated: 108.3MB
2026-01-30 13:31:14 [INFO] [642/1000] val: Loss/val: 0.0224, Acc/val: 99.29%, F1/val: 91.36%, IoU/val: 84.09%, lr: 0.000292
2026-01-30 13:31:14 [INFO] [642/1000] 用时12.35秒。总用时:2.17小时。预计剩余时间:1.21小时
2026-01-30 13:31:23 [INFO] [643/1000] train: Loss/train: 0.0197, Acc/train: 99.42%, lr: 0.000291
2026-01-30 13:31:23 [INFO] GPU Reserved: 14500.0MB, GPU Allocated: 108.3MB
2026-01-30 13:31:26 [INFO] [643/1000] val: Loss/val: 0.0220, Acc/val: 99.30%, F1/val: 91.53%, IoU/val: 84.38%, lr: 0.000291
2026-01-30 13:31:26 [INFO] [643/1000] 用时11.95秒。总用时:2.17小时。预计剩余时间:1.21小时
2026-01-30 13:31:35 [INFO] [644/1000] train: Loss/train: 0.0194, Acc/train: 99.42%, lr: 0.000289
2026-01-30 13:31:35 [INFO] GPU Reserved: 14500.0MB, GPU Allocated: 108.3MB
2026-01-30 13:31:38 [INFO] [644/1000] val: Loss/val: 0.0216, Acc/val: 99.30%, F1/val: 91.49%, IoU/val: 84.31%, lr: 0.000289
2026-01-30 13:31:38 [INFO] [644/1000] 用时12.20秒。总用时:2.18小时。预计剩余时间:1.20小时
2026-01-30 13:31:47 [INFO] [645/1000] train: Loss/train: 0.0194, Acc/train: 99.43%, lr: 0.000288
2026-01-30 13:31:47 [INFO] GPU Reserved: 14500.0MB, GPU Allocated: 108.3MB
2026-01-30 13:31:50 [INFO] [645/1000] val: Loss/val: 0.0216, Acc/val: 99.30%, F1/val: 91.56%, IoU/val: 84.44%, lr: 0.000288
2026-01-30 13:31:50 [INFO] [645/1000] 用时12.26秒。总用时:2.18小时。预计剩余时间:1.20小时
2026-01-30 13:31:59 [INFO] [646/1000] train: Loss/train: 0.0195, Acc/train: 99.42%, lr: 0.000286
2026-01-30 13:31:59 [INFO] GPU Reserved: 14500.0MB, GPU Allocated: 108.3MB
2026-01-30 13:32:02 [INFO] [646/1000] val: Loss/val: 0.0229, Acc/val: 99.28%, F1/val: 91.12%, IoU/val: 83.68%, lr: 0.000286
2026-01-30 13:32:02 [INFO] [646/1000] 用时12.05秒。总用时:2.18小时。预计剩余时间:1.20小时
2026-01-30 13:32:12 [INFO] [647/1000] train: Loss/train: 0.0182, Acc/train: 99.47%, lr: 0.000285
2026-01-30 13:32:12 [INFO] GPU Reserved: 14500.0MB, GPU Allocated: 108.3MB
2026-01-30 13:32:14 [INFO] [647/1000] val: Loss/val: 0.0225, Acc/val: 99.28%, F1/val: 91.20%, IoU/val: 83.82%, lr: 0.000285
2026-01-30 13:32:14 [INFO] [647/1000] 用时12.21秒。总用时:2.19小时。预计剩余时间:1.19小时
2026-01-30 13:32:24 [INFO] [648/1000] train: Loss/train: 0.0196, Acc/train: 99.42%, lr: 0.000283
2026-01-30 13:32:24 [INFO] GPU Reserved: 14500.0MB, GPU Allocated: 108.3MB
2026-01-30 13:32:26 [INFO] [648/1000] val: Loss/val: 0.0229, Acc/val: 99.29%, F1/val: 91.39%, IoU/val: 84.14%, lr: 0.000283
2026-01-30 13:32:26 [INFO] [648/1000] 用时12.16秒。总用时:2.19小时。预计剩余时间:1.19小时
2026-01-30 13:32:36 [INFO] [649/1000] train: Loss/train: 0.0186, Acc/train: 99.45%, lr: 0.000282
2026-01-30 13:32:36 [INFO] GPU Reserved: 14500.0MB, GPU Allocated: 108.3MB
2026-01-30 13:32:38 [INFO] [649/1000] val: Loss/val: 0.0230, Acc/val: 99.26%, F1/val: 91.26%, IoU/val: 83.93%, lr: 0.000282
2026-01-30 13:32:38 [INFO] [649/1000] 用时12.02秒。总用时:2.19小时。预计剩余时间:1.19小时
2026-01-30 13:32:48 [INFO] [650/1000] train: Loss/train: 0.0186, Acc/train: 99.45%, lr: 0.000280
2026-01-30 13:32:48 [INFO] GPU Reserved: 14500.0MB, GPU Allocated: 108.3MB
2026-01-30 13:32:50 [INFO] [650/1000] val: Loss/val: 0.0226, Acc/val: 99.29%, F1/val: 91.30%, IoU/val: 84.00%, lr: 0.000280
2026-01-30 13:32:50 [INFO] [650/1000] 用时11.88秒。总用时:2.20小时。预计剩余时间:1.18小时
2026-01-30 13:33:00 [INFO] [651/1000] train: Loss/train: 0.0191, Acc/train: 99.43%, lr: 0.000279
2026-01-30 13:33:00 [INFO] GPU Reserved: 14500.0MB, GPU Allocated: 108.3MB
2026-01-30 13:33:03 [INFO] [651/1000] val: Loss/val: 0.0221, Acc/val: 99.29%, F1/val: 91.39%, IoU/val: 84.14%, lr: 0.000279
2026-01-30 13:33:03 [INFO] [651/1000] 用时12.15秒。总用时:2.20小时。预计剩余时间:1.18小时
2026-01-30 13:33:12 [INFO] [652/1000] train: Loss/train: 0.0194, Acc/train: 99.43%, lr: 0.000278
2026-01-30 13:33:12 [INFO] GPU Reserved: 14500.0MB, GPU Allocated: 108.3MB
2026-01-30 13:33:15 [INFO] [652/1000] val: Loss/val: 0.0224, Acc/val: 99.30%, F1/val: 91.44%, IoU/val: 84.22%, lr: 0.000278
2026-01-30 13:33:15 [INFO] [652/1000] 用时12.34秒。总用时:2.20小时。预计剩余时间:1.18小时
2026-01-30 13:33:24 [INFO] [653/1000] train: Loss/train: 0.0205, Acc/train: 99.39%, lr: 0.000276
2026-01-30 13:33:24 [INFO] GPU Reserved: 14500.0MB, GPU Allocated: 108.3MB
2026-01-30 13:33:27 [INFO] [653/1000] val: Loss/val: 0.0214, Acc/val: 99.31%, F1/val: 91.59%, IoU/val: 84.48%, lr: 0.000276
2026-01-30 13:33:27 [INFO] [653/1000] 用时12.01秒。总用时:2.21小时。预计剩余时间:1.17小时
2026-01-30 13:33:36 [INFO] [654/1000] train: Loss/train: 0.0196, Acc/train: 99.42%, lr: 0.000275
2026-01-30 13:33:36 [INFO] GPU Reserved: 14500.0MB, GPU Allocated: 108.3MB
2026-01-30 13:33:39 [INFO] [654/1000] val: Loss/val: 0.0208, Acc/val: 99.32%, F1/val: 91.78%, IoU/val: 84.81%, lr: 0.000275
2026-01-30 13:33:39 [INFO] [654/1000] 用时12.01秒。总用时:2.21小时。预计剩余时间:1.17小时
2026-01-30 13:33:48 [INFO] [655/1000] train: Loss/train: 0.0191, Acc/train: 99.44%, lr: 0.000273
2026-01-30 13:33:48 [INFO] GPU Reserved: 14500.0MB, GPU Allocated: 108.3MB
2026-01-30 13:33:51 [INFO] [655/1000] val: Loss/val: 0.0212, Acc/val: 99.30%, F1/val: 91.49%, IoU/val: 84.31%, lr: 0.000273
2026-01-30 13:33:51 [INFO] [655/1000] 用时11.95秒。总用时:2.21小时。预计剩余时间:1.17小时
2026-01-30 13:34:00 [INFO] [656/1000] train: Loss/train: 0.0186, Acc/train: 99.45%, lr: 0.000272
2026-01-30 13:34:00 [INFO] GPU Reserved: 14500.0MB, GPU Allocated: 108.3MB
2026-01-30 13:34:03 [INFO] [656/1000] val: Loss/val: 0.0199, Acc/val: 99.32%, F1/val: 91.90%, IoU/val: 85.01%, lr: 0.000272
2026-01-30 13:34:03 [INFO] [656/1000] 用时11.94秒。总用时:2.22小时。预计剩余时间:1.16小时
2026-01-30 13:34:12 [INFO] [657/1000] train: Loss/train: 0.0192, Acc/train: 99.43%, lr: 0.000271
2026-01-30 13:34:12 [INFO] GPU Reserved: 14500.0MB, GPU Allocated: 108.3MB
2026-01-30 13:34:15 [INFO] [657/1000] val: Loss/val: 0.0204, Acc/val: 99.31%, F1/val: 91.70%, IoU/val: 84.68%, lr: 0.000271
2026-01-30 13:34:15 [INFO] [657/1000] 用时12.22秒。总用时:2.22小时。预计剩余时间:1.16小时
2026-01-30 13:34:24 [INFO] [658/1000] train: Loss/train: 0.0182, Acc/train: 99.46%, lr: 0.000269
2026-01-30 13:34:24 [INFO] GPU Reserved: 14500.0MB, GPU Allocated: 108.3MB
2026-01-30 13:34:27 [INFO] [658/1000] val: Loss/val: 0.0208, Acc/val: 99.31%, F1/val: 91.59%, IoU/val: 84.49%, lr: 0.000269
2026-01-30 13:34:27 [INFO] [658/1000] 用时12.33秒。总用时:2.22小时。预计剩余时间:1.16小时
2026-01-30 13:34:36 [INFO] [659/1000] train: Loss/train: 0.0184, Acc/train: 99.46%, lr: 0.000268
2026-01-30 13:34:36 [INFO] GPU Reserved: 14500.0MB, GPU Allocated: 108.3MB
2026-01-30 13:34:39 [INFO] [659/1000] val: Loss/val: 0.0212, Acc/val: 99.31%, F1/val: 91.61%, IoU/val: 84.52%, lr: 0.000268
2026-01-30 13:34:39 [INFO] [659/1000] 用时12.06秒。总用时:2.23小时。预计剩余时间:1.15小时
2026-01-30 13:34:49 [INFO] [660/1000] train: Loss/train: 0.0192, Acc/train: 99.43%, lr: 0.000266
2026-01-30 13:34:49 [INFO] GPU Reserved: 14500.0MB, GPU Allocated: 108.3MB
2026-01-30 13:34:52 [INFO] [660/1000] val: Loss/val: 0.0207, Acc/val: 99.30%, F1/val: 91.46%, IoU/val: 84.26%, lr: 0.000266
2026-01-30 13:34:52 [INFO] [660/1000] 用时12.21秒。总用时:2.23小时。预计剩余时间:1.15小时
2026-01-30 13:35:01 [INFO] [661/1000] train: Loss/train: 0.0174, Acc/train: 99.49%, lr: 0.000265
2026-01-30 13:35:01 [INFO] GPU Reserved: 14500.0MB, GPU Allocated: 108.3MB
2026-01-30 13:35:04 [INFO] [661/1000] val: Loss/val: 0.0219, Acc/val: 99.31%, F1/val: 91.61%, IoU/val: 84.52%, lr: 0.000265
2026-01-30 13:35:04 [INFO] [661/1000] 用时12.22秒。总用时:2.23小时。预计剩余时间:1.14小时
2026-01-30 13:35:13 [INFO] [662/1000] train: Loss/train: 0.0188, Acc/train: 99.44%, lr: 0.000263
2026-01-30 13:35:13 [INFO] GPU Reserved: 14500.0MB, GPU Allocated: 108.3MB
2026-01-30 13:35:16 [INFO] [662/1000] val: Loss/val: 0.0211, Acc/val: 99.30%, F1/val: 91.52%, IoU/val: 84.36%, lr: 0.000263
2026-01-30 13:35:16 [INFO] [662/1000] 用时12.05秒。总用时:2.24小时。预计剩余时间:1.14小时
2026-01-30 13:35:25 [INFO] [663/1000] train: Loss/train: 0.0197, Acc/train: 99.42%, lr: 0.000262
2026-01-30 13:35:25 [INFO] GPU Reserved: 14500.0MB, GPU Allocated: 108.3MB
2026-01-30 13:35:28 [INFO] [663/1000] val: Loss/val: 0.0220, Acc/val: 99.29%, F1/val: 91.34%, IoU/val: 84.06%, lr: 0.000262
2026-01-30 13:35:28 [INFO] [663/1000] 用时12.08秒。总用时:2.24小时。预计剩余时间:1.14小时
2026-01-30 13:35:37 [INFO] [664/1000] train: Loss/train: 0.0199, Acc/train: 99.41%, lr: 0.000261
2026-01-30 13:35:37 [INFO] GPU Reserved: 14500.0MB, GPU Allocated: 108.3MB
2026-01-30 13:35:40 [INFO] [664/1000] val: Loss/val: 0.0212, Acc/val: 99.30%, F1/val: 91.65%, IoU/val: 84.58%, lr: 0.000261
2026-01-30 13:35:40 [INFO] [664/1000] 用时11.90秒。总用时:2.24小时。预计剩余时间:1.13小时
2026-01-30 13:35:49 [INFO] [665/1000] train: Loss/train: 0.0195, Acc/train: 99.42%, lr: 0.000259
2026-01-30 13:35:49 [INFO] GPU Reserved: 14500.0MB, GPU Allocated: 108.3MB
2026-01-30 13:35:52 [INFO] [665/1000] val: Loss/val: 0.0221, Acc/val: 99.29%, F1/val: 91.39%, IoU/val: 84.15%, lr: 0.000259
2026-01-30 13:35:52 [INFO] [665/1000] 用时12.05秒。总用时:2.25小时。预计剩余时间:1.13小时
2026-01-30 13:36:01 [INFO] [666/1000] train: Loss/train: 0.0193, Acc/train: 99.43%, lr: 0.000258
2026-01-30 13:36:01 [INFO] GPU Reserved: 14500.0MB, GPU Allocated: 108.3MB
2026-01-30 13:36:04 [INFO] [666/1000] val: Loss/val: 0.0218, Acc/val: 99.29%, F1/val: 91.29%, IoU/val: 83.97%, lr: 0.000258
2026-01-30 13:36:04 [INFO] [666/1000] 用时12.11秒。总用时:2.25小时。预计剩余时间:1.13小时
2026-01-30 13:36:13 [INFO] [667/1000] train: Loss/train: 0.0193, Acc/train: 99.43%, lr: 0.000256
2026-01-30 13:36:13 [INFO] GPU Reserved: 14500.0MB, GPU Allocated: 108.3MB
2026-01-30 13:36:16 [INFO] [667/1000] val: Loss/val: 0.0216, Acc/val: 99.30%, F1/val: 91.49%, IoU/val: 84.32%, lr: 0.000256
2026-01-30 13:36:16 [INFO] [667/1000] 用时12.01秒。总用时:2.25小时。预计剩余时间:1.12小时
2026-01-30 13:36:25 [INFO] [668/1000] train: Loss/train: 0.0190, Acc/train: 99.44%, lr: 0.000255
2026-01-30 13:36:25 [INFO] GPU Reserved: 14500.0MB, GPU Allocated: 108.3MB
2026-01-30 13:36:28 [INFO] [668/1000] val: Loss/val: 0.0221, Acc/val: 99.28%, F1/val: 91.42%, IoU/val: 84.20%, lr: 0.000255
2026-01-30 13:36:28 [INFO] [668/1000] 用时11.98秒。总用时:2.26小时。预计剩余时间:1.12小时
2026-01-30 13:36:37 [INFO] [669/1000] train: Loss/train: 0.0193, Acc/train: 99.43%, lr: 0.000254
2026-01-30 13:36:37 [INFO] GPU Reserved: 14500.0MB, GPU Allocated: 108.3MB
2026-01-30 13:36:40 [INFO] [669/1000] val: Loss/val: 0.0218, Acc/val: 99.30%, F1/val: 91.36%, IoU/val: 84.10%, lr: 0.000254
2026-01-30 13:36:40 [INFO] [669/1000] 用时12.18秒。总用时:2.26小时。预计剩余时间:1.12小时
2026-01-30 13:36:50 [INFO] [670/1000] train: Loss/train: 0.0203, Acc/train: 99.40%, lr: 0.000252
2026-01-30 13:36:50 [INFO] GPU Reserved: 14500.0MB, GPU Allocated: 108.3MB
2026-01-30 13:36:52 [INFO] [670/1000] val: Loss/val: 0.0211, Acc/val: 99.31%, F1/val: 91.60%, IoU/val: 84.51%, lr: 0.000252
2026-01-30 13:36:52 [INFO] [670/1000] 用时12.29秒。总用时:2.26小时。预计剩余时间:1.11小时
2026-01-30 13:37:02 [INFO] [671/1000] train: Loss/train: 0.0193, Acc/train: 99.43%, lr: 0.000251
2026-01-30 13:37:02 [INFO] GPU Reserved: 14500.0MB, GPU Allocated: 108.3MB
2026-01-30 13:37:05 [INFO] [671/1000] val: Loss/val: 0.0223, Acc/val: 99.29%, F1/val: 91.27%, IoU/val: 83.95%, lr: 0.000251
2026-01-30 13:37:05 [INFO] [671/1000] 用时12.09秒。总用时:2.27小时。预计剩余时间:1.11小时
2026-01-30 13:37:14 [INFO] [672/1000] train: Loss/train: 0.0189, Acc/train: 99.44%, lr: 0.000250
2026-01-30 13:37:14 [INFO] GPU Reserved: 14500.0MB, GPU Allocated: 108.3MB
2026-01-30 13:37:17 [INFO] [672/1000] val: Loss/val: 0.0203, Acc/val: 99.29%, F1/val: 91.50%, IoU/val: 84.33%, lr: 0.000250
2026-01-30 13:37:17 [INFO] [672/1000] 用时12.20秒。总用时:2.27小时。预计剩余时间:1.11小时
2026-01-30 13:37:26 [INFO] [673/1000] train: Loss/train: 0.0188, Acc/train: 99.45%, lr: 0.000248
2026-01-30 13:37:26 [INFO] GPU Reserved: 14500.0MB, GPU Allocated: 108.3MB
2026-01-30 13:37:29 [INFO] [673/1000] val: Loss/val: 0.0214, Acc/val: 99.30%, F1/val: 91.57%, IoU/val: 84.46%, lr: 0.000248
2026-01-30 13:37:29 [INFO] [673/1000] 用时11.92秒。总用时:2.27小时。预计剩余时间:1.10小时
2026-01-30 13:37:38 [INFO] [674/1000] train: Loss/train: 0.0187, Acc/train: 99.45%, lr: 0.000247
2026-01-30 13:37:38 [INFO] GPU Reserved: 14500.0MB, GPU Allocated: 108.3MB
2026-01-30 13:37:41 [INFO] [674/1000] val: Loss/val: 0.0222, Acc/val: 99.30%, F1/val: 91.54%, IoU/val: 84.39%, lr: 0.000247
2026-01-30 13:37:41 [INFO] [674/1000] 用时12.18秒。总用时:2.28小时。预计剩余时间:1.10小时
2026-01-30 13:37:50 [INFO] [675/1000] train: Loss/train: 0.0189, Acc/train: 99.44%, lr: 0.000245
2026-01-30 13:37:50 [INFO] GPU Reserved: 14500.0MB, GPU Allocated: 108.3MB
2026-01-30 13:37:53 [INFO] [675/1000] val: Loss/val: 0.0222, Acc/val: 99.30%, F1/val: 91.48%, IoU/val: 84.30%, lr: 0.000245
2026-01-30 13:37:53 [INFO] [675/1000] 用时12.27秒。总用时:2.28小时。预计剩余时间:1.10小时
2026-01-30 13:38:03 [INFO] [676/1000] train: Loss/train: 0.0189, Acc/train: 99.44%, lr: 0.000244
2026-01-30 13:38:03 [INFO] GPU Reserved: 14500.0MB, GPU Allocated: 108.3MB
2026-01-30 13:38:05 [INFO] [676/1000] val: Loss/val: 0.0217, Acc/val: 99.30%, F1/val: 91.52%, IoU/val: 84.36%, lr: 0.000244
2026-01-30 13:38:05 [INFO] [676/1000] 用时12.37秒。总用时:2.28小时。预计剩余时间:1.09小时
2026-01-30 13:38:15 [INFO] [677/1000] train: Loss/train: 0.0192, Acc/train: 99.43%, lr: 0.000243
2026-01-30 13:38:15 [INFO] GPU Reserved: 14500.0MB, GPU Allocated: 108.3MB
2026-01-30 13:38:18 [INFO] [677/1000] val: Loss/val: 0.0204, Acc/val: 99.32%, F1/val: 91.73%, IoU/val: 84.72%, lr: 0.000243
2026-01-30 13:38:18 [INFO] [677/1000] 用时12.08秒。总用时:2.29小时。预计剩余时间:1.09小时
2026-01-30 13:38:27 [INFO] [678/1000] train: Loss/train: 0.0194, Acc/train: 99.43%, lr: 0.000241
2026-01-30 13:38:27 [INFO] GPU Reserved: 14500.0MB, GPU Allocated: 108.3MB
2026-01-30 13:38:30 [INFO] [678/1000] val: Loss/val: 0.0211, Acc/val: 99.30%, F1/val: 91.50%, IoU/val: 84.34%, lr: 0.000241
2026-01-30 13:38:30 [INFO] [678/1000] 用时12.26秒。总用时:2.29小时。预计剩余时间:1.09小时
2026-01-30 13:38:39 [INFO] [679/1000] train: Loss/train: 0.0189, Acc/train: 99.44%, lr: 0.000240
2026-01-30 13:38:39 [INFO] GPU Reserved: 14500.0MB, GPU Allocated: 108.3MB
2026-01-30 13:38:42 [INFO] [679/1000] val: Loss/val: 0.0211, Acc/val: 99.31%, F1/val: 91.63%, IoU/val: 84.55%, lr: 0.000240
2026-01-30 13:38:42 [INFO] [679/1000] 用时12.32秒。总用时:2.29小时。预计剩余时间:1.08小时
2026-01-30 13:38:51 [INFO] [680/1000] train: Loss/train: 0.0188, Acc/train: 99.44%, lr: 0.000239
2026-01-30 13:38:51 [INFO] GPU Reserved: 14500.0MB, GPU Allocated: 108.3MB
2026-01-30 13:38:54 [INFO] [680/1000] val: Loss/val: 0.0233, Acc/val: 99.28%, F1/val: 91.22%, IoU/val: 83.86%, lr: 0.000239
2026-01-30 13:38:54 [INFO] [680/1000] 用时12.18秒。总用时:2.30小时。预计剩余时间:1.08小时
2026-01-30 13:39:03 [INFO] [681/1000] train: Loss/train: 0.0194, Acc/train: 99.42%, lr: 0.000237
2026-01-30 13:39:03 [INFO] GPU Reserved: 14500.0MB, GPU Allocated: 108.3MB
2026-01-30 13:39:06 [INFO] [681/1000] val: Loss/val: 0.0216, Acc/val: 99.31%, F1/val: 91.61%, IoU/val: 84.51%, lr: 0.000237
2026-01-30 13:39:06 [INFO] [681/1000] 用时11.97秒。总用时:2.30小时。预计剩余时间:1.08小时
2026-01-30 13:39:16 [INFO] [682/1000] train: Loss/train: 0.0186, Acc/train: 99.45%, lr: 0.000236
2026-01-30 13:39:16 [INFO] GPU Reserved: 14500.0MB, GPU Allocated: 108.3MB
2026-01-30 13:39:18 [INFO] [682/1000] val: Loss/val: 0.0210, Acc/val: 99.30%, F1/val: 91.54%, IoU/val: 84.40%, lr: 0.000236
2026-01-30 13:39:18 [INFO] [682/1000] 用时12.07秒。总用时:2.30小时。预计剩余时间:1.07小时
2026-01-30 13:39:27 [INFO] [683/1000] train: Loss/train: 0.0191, Acc/train: 99.43%, lr: 0.000235
2026-01-30 13:39:27 [INFO] GPU Reserved: 14500.0MB, GPU Allocated: 108.3MB
2026-01-30 13:39:30 [INFO] [683/1000] val: Loss/val: 0.0220, Acc/val: 99.29%, F1/val: 91.37%, IoU/val: 84.12%, lr: 0.000235
2026-01-30 13:39:30 [INFO] [683/1000] 用时11.92秒。总用时:2.31小时。预计剩余时间:1.07小时
2026-01-30 13:39:39 [INFO] [684/1000] train: Loss/train: 0.0191, Acc/train: 99.43%, lr: 0.000233
2026-01-30 13:39:39 [INFO] GPU Reserved: 14500.0MB, GPU Allocated: 108.3MB
2026-01-30 13:39:42 [INFO] [684/1000] val: Loss/val: 0.0217, Acc/val: 99.31%, F1/val: 91.69%, IoU/val: 84.65%, lr: 0.000233
2026-01-30 13:39:42 [INFO] [684/1000] 用时12.02秒。总用时:2.31小时。预计剩余时间:1.07小时
2026-01-30 13:39:52 [INFO] [685/1000] train: Loss/train: 0.0188, Acc/train: 99.44%, lr: 0.000232
2026-01-30 13:39:52 [INFO] GPU Reserved: 14500.0MB, GPU Allocated: 108.3MB
2026-01-30 13:39:55 [INFO] [685/1000] val: Loss/val: 0.0223, Acc/val: 99.30%, F1/val: 91.48%, IoU/val: 84.29%, lr: 0.000232
2026-01-30 13:39:55 [INFO] [685/1000] 用时12.38秒。总用时:2.31小时。预计剩余时间:1.06小时
2026-01-30 13:40:04 [INFO] [686/1000] train: Loss/train: 0.0200, Acc/train: 99.41%, lr: 0.000230
2026-01-30 13:40:04 [INFO] GPU Reserved: 14500.0MB, GPU Allocated: 108.3MB
2026-01-30 13:40:07 [INFO] [686/1000] val: Loss/val: 0.0212, Acc/val: 99.31%, F1/val: 91.60%, IoU/val: 84.50%, lr: 0.000230
2026-01-30 13:40:07 [INFO] [686/1000] 用时12.23秒。总用时:2.32小时。预计剩余时间:1.06小时
2026-01-30 13:40:16 [INFO] [687/1000] train: Loss/train: 0.0178, Acc/train: 99.47%, lr: 0.000229
2026-01-30 13:40:16 [INFO] GPU Reserved: 14500.0MB, GPU Allocated: 108.3MB
2026-01-30 13:40:19 [INFO] [687/1000] val: Loss/val: 0.0221, Acc/val: 99.30%, F1/val: 91.49%, IoU/val: 84.32%, lr: 0.000229
2026-01-30 13:40:19 [INFO] [687/1000] 用时12.25秒。总用时:2.32小时。预计剩余时间:1.06小时
2026-01-30 13:40:29 [INFO] [688/1000] train: Loss/train: 0.0199, Acc/train: 99.41%, lr: 0.000228
2026-01-30 13:40:29 [INFO] GPU Reserved: 14500.0MB, GPU Allocated: 108.3MB
2026-01-30 13:40:31 [INFO] [688/1000] val: Loss/val: 0.0225, Acc/val: 99.29%, F1/val: 91.40%, IoU/val: 84.17%, lr: 0.000228
2026-01-30 13:40:31 [INFO] [688/1000] 用时12.29秒。总用时:2.32小时。预计剩余时间:1.05小时
2026-01-30 13:40:41 [INFO] [689/1000] train: Loss/train: 0.0190, Acc/train: 99.44%, lr: 0.000226
2026-01-30 13:40:41 [INFO] GPU Reserved: 14500.0MB, GPU Allocated: 108.3MB
2026-01-30 13:40:44 [INFO] [689/1000] val: Loss/val: 0.0222, Acc/val: 99.30%, F1/val: 91.45%, IoU/val: 84.25%, lr: 0.000226
2026-01-30 13:40:44 [INFO] [689/1000] 用时12.32秒。总用时:2.33小时。预计剩余时间:1.05小时
2026-01-30 13:40:53 [INFO] [690/1000] train: Loss/train: 0.0182, Acc/train: 99.46%, lr: 0.000225
2026-01-30 13:40:53 [INFO] GPU Reserved: 14500.0MB, GPU Allocated: 108.3MB
2026-01-30 13:40:56 [INFO] [690/1000] val: Loss/val: 0.0218, Acc/val: 99.30%, F1/val: 91.43%, IoU/val: 84.21%, lr: 0.000225
2026-01-30 13:40:56 [INFO] [690/1000] 用时12.04秒。总用时:2.33小时。预计剩余时间:1.05小时
2026-01-30 13:41:05 [INFO] [691/1000] train: Loss/train: 0.0196, Acc/train: 99.42%, lr: 0.000224
2026-01-30 13:41:05 [INFO] GPU Reserved: 14500.0MB, GPU Allocated: 108.3MB
2026-01-30 13:41:08 [INFO] [691/1000] val: Loss/val: 0.0230, Acc/val: 99.27%, F1/val: 91.23%, IoU/val: 83.88%, lr: 0.000224
2026-01-30 13:41:08 [INFO] [691/1000] 用时12.13秒。总用时:2.33小时。预计剩余时间:1.04小时
2026-01-30 13:41:17 [INFO] [692/1000] train: Loss/train: 0.0188, Acc/train: 99.44%, lr: 0.000222
2026-01-30 13:41:17 [INFO] GPU Reserved: 14500.0MB, GPU Allocated: 108.3MB
2026-01-30 13:41:20 [INFO] [692/1000] val: Loss/val: 0.0231, Acc/val: 99.29%, F1/val: 91.28%, IoU/val: 83.97%, lr: 0.000222
2026-01-30 13:41:20 [INFO] [692/1000] 用时12.01秒。总用时:2.34小时。预计剩余时间:1.04小时
2026-01-30 13:41:29 [INFO] [693/1000] train: Loss/train: 0.0179, Acc/train: 99.47%, lr: 0.000221
2026-01-30 13:41:29 [INFO] GPU Reserved: 14500.0MB, GPU Allocated: 108.3MB
2026-01-30 13:41:32 [INFO] [693/1000] val: Loss/val: 0.0219, Acc/val: 99.30%, F1/val: 91.54%, IoU/val: 84.40%, lr: 0.000221
2026-01-30 13:41:32 [INFO] [693/1000] 用时12.08秒。总用时:2.34小时。预计剩余时间:1.04小时
2026-01-30 13:41:41 [INFO] [694/1000] train: Loss/train: 0.0189, Acc/train: 99.43%, lr: 0.000220
2026-01-30 13:41:41 [INFO] GPU Reserved: 14500.0MB, GPU Allocated: 108.3MB
2026-01-30 13:41:44 [INFO] [694/1000] val: Loss/val: 0.0230, Acc/val: 99.28%, F1/val: 91.36%, IoU/val: 84.10%, lr: 0.000220
2026-01-30 13:41:44 [INFO] [694/1000] 用时12.19秒。总用时:2.34小时。预计剩余时间:1.03小时
2026-01-30 13:41:54 [INFO] [695/1000] train: Loss/train: 0.0180, Acc/train: 99.47%, lr: 0.000218
2026-01-30 13:41:54 [INFO] GPU Reserved: 14500.0MB, GPU Allocated: 108.3MB
2026-01-30 13:41:56 [INFO] [695/1000] val: Loss/val: 0.0227, Acc/val: 99.28%, F1/val: 91.25%, IoU/val: 83.92%, lr: 0.000218
2026-01-30 13:41:56 [INFO] [695/1000] 用时12.12秒。总用时:2.35小时。预计剩余时间:1.03小时
2026-01-30 13:42:05 [INFO] [696/1000] train: Loss/train: 0.0182, Acc/train: 99.46%, lr: 0.000217
2026-01-30 13:42:05 [INFO] GPU Reserved: 14500.0MB, GPU Allocated: 108.3MB
2026-01-30 13:42:08 [INFO] [696/1000] val: Loss/val: 0.0223, Acc/val: 99.28%, F1/val: 91.28%, IoU/val: 83.96%, lr: 0.000217
2026-01-30 13:42:08 [INFO] [696/1000] 用时12.01秒。总用时:2.35小时。预计剩余时间:1.03小时
2026-01-30 13:42:18 [INFO] [697/1000] train: Loss/train: 0.0179, Acc/train: 99.47%, lr: 0.000216
2026-01-30 13:42:18 [INFO] GPU Reserved: 14500.0MB, GPU Allocated: 108.3MB
2026-01-30 13:42:21 [INFO] [697/1000] val: Loss/val: 0.0228, Acc/val: 99.28%, F1/val: 91.29%, IoU/val: 83.97%, lr: 0.000216
2026-01-30 13:42:21 [INFO] [697/1000] 用时12.19秒。总用时:2.35小时。预计剩余时间:1.02小时
2026-01-30 13:42:30 [INFO] [698/1000] train: Loss/train: 0.0182, Acc/train: 99.46%, lr: 0.000215
2026-01-30 13:42:30 [INFO] GPU Reserved: 14500.0MB, GPU Allocated: 108.3MB
2026-01-30 13:42:33 [INFO] [698/1000] val: Loss/val: 0.0225, Acc/val: 99.29%, F1/val: 91.42%, IoU/val: 84.20%, lr: 0.000215
2026-01-30 13:42:33 [INFO] [698/1000] 用时12.44秒。总用时:2.36小时。预计剩余时间:1.02小时
2026-01-30 13:42:42 [INFO] [699/1000] train: Loss/train: 0.0190, Acc/train: 99.44%, lr: 0.000213
2026-01-30 13:42:42 [INFO] GPU Reserved: 14500.0MB, GPU Allocated: 108.3MB
2026-01-30 13:42:45 [INFO] [699/1000] val: Loss/val: 0.0212, Acc/val: 99.30%, F1/val: 91.58%, IoU/val: 84.46%, lr: 0.000213
2026-01-30 13:42:45 [INFO] [699/1000] 用时12.30秒。总用时:2.36小时。预计剩余时间:1.02小时
2026-01-30 13:42:55 [INFO] [700/1000] train: Loss/train: 0.0180, Acc/train: 99.46%, lr: 0.000212
2026-01-30 13:42:55 [INFO] GPU Reserved: 14500.0MB, GPU Allocated: 108.3MB
2026-01-30 13:42:58 [INFO] [700/1000] val: Loss/val: 0.0219, Acc/val: 99.30%, F1/val: 91.57%, IoU/val: 84.46%, lr: 0.000212
2026-01-30 13:42:58 [INFO] [700/1000] 用时12.32秒。总用时:2.36小时。预计剩余时间:1.01小时
2026-01-30 13:43:07 [INFO] [701/1000] train: Loss/train: 0.0181, Acc/train: 99.47%, lr: 0.000211
2026-01-30 13:43:07 [INFO] GPU Reserved: 14500.0MB, GPU Allocated: 108.3MB
2026-01-30 13:43:10 [INFO] [701/1000] val: Loss/val: 0.0214, Acc/val: 99.30%, F1/val: 91.53%, IoU/val: 84.39%, lr: 0.000211
2026-01-30 13:43:10 [INFO] [701/1000] 用时12.21秒。总用时:2.37小时。预计剩余时间:1.01小时
2026-01-30 13:43:19 [INFO] [702/1000] train: Loss/train: 0.0190, Acc/train: 99.44%, lr: 0.000209
2026-01-30 13:43:19 [INFO] GPU Reserved: 14500.0MB, GPU Allocated: 108.3MB
2026-01-30 13:43:22 [INFO] [702/1000] val: Loss/val: 0.0243, Acc/val: 99.24%, F1/val: 90.77%, IoU/val: 83.10%, lr: 0.000209
2026-01-30 13:43:22 [INFO] [702/1000] 用时12.06秒。总用时:2.37小时。预计剩余时间:1.01小时
2026-01-30 13:43:31 [INFO] [703/1000] train: Loss/train: 0.0194, Acc/train: 99.42%, lr: 0.000208
2026-01-30 13:43:31 [INFO] GPU Reserved: 14500.0MB, GPU Allocated: 108.3MB
2026-01-30 13:43:34 [INFO] [703/1000] val: Loss/val: 0.0227, Acc/val: 99.28%, F1/val: 91.25%, IoU/val: 83.91%, lr: 0.000208
2026-01-30 13:43:34 [INFO] [703/1000] 用时11.81秒。总用时:2.37小时。预计剩余时间:1.00小时
2026-01-30 13:43:43 [INFO] [704/1000] train: Loss/train: 0.0186, Acc/train: 99.45%, lr: 0.000207
2026-01-30 13:43:43 [INFO] GPU Reserved: 14500.0MB, GPU Allocated: 108.3MB
2026-01-30 13:43:46 [INFO] [704/1000] val: Loss/val: 0.0245, Acc/val: 99.26%, F1/val: 90.92%, IoU/val: 83.36%, lr: 0.000207
2026-01-30 13:43:46 [INFO] [704/1000] 用时12.32秒。总用时:2.38小时。预计剩余时间:1.00小时
2026-01-30 13:43:55 [INFO] [705/1000] train: Loss/train: 0.0176, Acc/train: 99.48%, lr: 0.000205
2026-01-30 13:43:55 [INFO] GPU Reserved: 14500.0MB, GPU Allocated: 108.3MB
2026-01-30 13:43:58 [INFO] [705/1000] val: Loss/val: 0.0238, Acc/val: 99.28%, F1/val: 91.16%, IoU/val: 83.76%, lr: 0.000205
2026-01-30 13:43:58 [INFO] [705/1000] 用时12.22秒。总用时:2.38小时。预计剩余时间:1.00小时
2026-01-30 13:44:08 [INFO] [706/1000] train: Loss/train: 0.0191, Acc/train: 99.43%, lr: 0.000204
2026-01-30 13:44:08 [INFO] GPU Reserved: 14500.0MB, GPU Allocated: 108.3MB
2026-01-30 13:44:10 [INFO] [706/1000] val: Loss/val: 0.0233, Acc/val: 99.29%, F1/val: 91.25%, IoU/val: 83.91%, lr: 0.000204
2026-01-30 13:44:10 [INFO] [706/1000] 用时12.25秒。总用时:2.38小时。预计剩余时间:0.99小时
2026-01-30 13:44:20 [INFO] [707/1000] train: Loss/train: 0.0195, Acc/train: 99.42%, lr: 0.000203
2026-01-30 13:44:20 [INFO] GPU Reserved: 14500.0MB, GPU Allocated: 108.3MB
2026-01-30 13:44:23 [INFO] [707/1000] val: Loss/val: 0.0223, Acc/val: 99.30%, F1/val: 91.48%, IoU/val: 84.29%, lr: 0.000203
2026-01-30 13:44:23 [INFO] [707/1000] 用时12.06秒。总用时:2.39小时。预计剩余时间:0.99小时
2026-01-30 13:44:32 [INFO] [708/1000] train: Loss/train: 0.0196, Acc/train: 99.42%, lr: 0.000202
2026-01-30 13:44:32 [INFO] GPU Reserved: 14500.0MB, GPU Allocated: 108.3MB
2026-01-30 13:44:35 [INFO] [708/1000] val: Loss/val: 0.0224, Acc/val: 99.29%, F1/val: 91.39%, IoU/val: 84.15%, lr: 0.000202
2026-01-30 13:44:35 [INFO] [708/1000] 用时12.13秒。总用时:2.39小时。预计剩余时间:0.99小时
2026-01-30 13:44:44 [INFO] [709/1000] train: Loss/train: 0.0185, Acc/train: 99.45%, lr: 0.000200
2026-01-30 13:44:44 [INFO] GPU Reserved: 14500.0MB, GPU Allocated: 108.3MB
2026-01-30 13:44:47 [INFO] [709/1000] val: Loss/val: 0.0215, Acc/val: 99.29%, F1/val: 91.34%, IoU/val: 84.05%, lr: 0.000200
2026-01-30 13:44:47 [INFO] [709/1000] 用时11.87秒。总用时:2.39小时。预计剩余时间:0.98小时
2026-01-30 13:44:56 [INFO] [710/1000] train: Loss/train: 0.0191, Acc/train: 99.44%, lr: 0.000199
2026-01-30 13:44:56 [INFO] GPU Reserved: 14500.0MB, GPU Allocated: 108.3MB
2026-01-30 13:44:58 [INFO] [710/1000] val: Loss/val: 0.0220, Acc/val: 99.28%, F1/val: 91.32%, IoU/val: 84.02%, lr: 0.000199
2026-01-30 13:44:58 [INFO] [710/1000] 用时11.84秒。总用时:2.40小时。预计剩余时间:0.98小时
2026-01-30 13:45:08 [INFO] [711/1000] train: Loss/train: 0.0189, Acc/train: 99.44%, lr: 0.000198
2026-01-30 13:45:08 [INFO] GPU Reserved: 14500.0MB, GPU Allocated: 108.3MB
2026-01-30 13:45:10 [INFO] [711/1000] val: Loss/val: 0.0224, Acc/val: 99.29%, F1/val: 91.27%, IoU/val: 83.95%, lr: 0.000198
2026-01-30 13:45:10 [INFO] [711/1000] 用时12.04秒。总用时:2.40小时。预计剩余时间:0.98小时
2026-01-30 13:45:20 [INFO] [712/1000] train: Loss/train: 0.0185, Acc/train: 99.45%, lr: 0.000197
2026-01-30 13:45:20 [INFO] GPU Reserved: 14500.0MB, GPU Allocated: 108.3MB
2026-01-30 13:45:23 [INFO] [712/1000] val: Loss/val: 0.0215, Acc/val: 99.29%, F1/val: 91.43%, IoU/val: 84.21%, lr: 0.000197
2026-01-30 13:45:23 [INFO] [712/1000] 用时12.37秒。总用时:2.40小时。预计剩余时间:0.97小时
2026-01-30 13:45:32 [INFO] [713/1000] train: Loss/train: 0.0188, Acc/train: 99.44%, lr: 0.000195
2026-01-30 13:45:32 [INFO] GPU Reserved: 14500.0MB, GPU Allocated: 108.3MB
2026-01-30 13:45:35 [INFO] [713/1000] val: Loss/val: 0.0227, Acc/val: 99.29%, F1/val: 91.38%, IoU/val: 84.12%, lr: 0.000195
2026-01-30 13:45:35 [INFO] [713/1000] 用时12.21秒。总用时:2.41小时。预计剩余时间:0.97小时
2026-01-30 13:45:44 [INFO] [714/1000] train: Loss/train: 0.0187, Acc/train: 99.44%, lr: 0.000194
2026-01-30 13:45:44 [INFO] GPU Reserved: 14500.0MB, GPU Allocated: 108.3MB
2026-01-30 13:45:47 [INFO] [714/1000] val: Loss/val: 0.0222, Acc/val: 99.30%, F1/val: 91.50%, IoU/val: 84.34%, lr: 0.000194
2026-01-30 13:45:47 [INFO] [714/1000] 用时12.02秒。总用时:2.41小时。预计剩余时间:0.97小时
2026-01-30 13:45:56 [INFO] [715/1000] train: Loss/train: 0.0186, Acc/train: 99.45%, lr: 0.000193
2026-01-30 13:45:56 [INFO] GPU Reserved: 14500.0MB, GPU Allocated: 108.3MB
2026-01-30 13:45:59 [INFO] [715/1000] val: Loss/val: 0.0214, Acc/val: 99.30%, F1/val: 91.47%, IoU/val: 84.28%, lr: 0.000193
2026-01-30 13:45:59 [INFO] [715/1000] 用时12.16秒。总用时:2.41小时。预计剩余时间:0.96小时
2026-01-30 13:46:08 [INFO] [716/1000] train: Loss/train: 0.0183, Acc/train: 99.46%, lr: 0.000191
2026-01-30 13:46:08 [INFO] GPU Reserved: 14500.0MB, GPU Allocated: 108.3MB
2026-01-30 13:46:11 [INFO] [716/1000] val: Loss/val: 0.0214, Acc/val: 99.29%, F1/val: 91.38%, IoU/val: 84.13%, lr: 0.000191
2026-01-30 13:46:11 [INFO] [716/1000] 用时12.10秒。总用时:2.42小时。预计剩余时间:0.96小时
2026-01-30 13:46:21 [INFO] [717/1000] train: Loss/train: 0.0181, Acc/train: 99.47%, lr: 0.000190
2026-01-30 13:46:21 [INFO] GPU Reserved: 14500.0MB, GPU Allocated: 108.3MB
2026-01-30 13:46:23 [INFO] [717/1000] val: Loss/val: 0.0216, Acc/val: 99.30%, F1/val: 91.57%, IoU/val: 84.45%, lr: 0.000190
2026-01-30 13:46:23 [INFO] [717/1000] 用时12.04秒。总用时:2.42小时。预计剩余时间:0.96小时
2026-01-30 13:46:33 [INFO] [718/1000] train: Loss/train: 0.0191, Acc/train: 99.44%, lr: 0.000189
2026-01-30 13:46:33 [INFO] GPU Reserved: 14500.0MB, GPU Allocated: 108.3MB
2026-01-30 13:46:35 [INFO] [718/1000] val: Loss/val: 0.0216, Acc/val: 99.30%, F1/val: 91.53%, IoU/val: 84.38%, lr: 0.000189
2026-01-30 13:46:35 [INFO] [718/1000] 用时12.13秒。总用时:2.42小时。预计剩余时间:0.95小时
2026-01-30 13:46:45 [INFO] [719/1000] train: Loss/train: 0.0195, Acc/train: 99.42%, lr: 0.000188
2026-01-30 13:46:45 [INFO] GPU Reserved: 14500.0MB, GPU Allocated: 108.3MB
2026-01-30 13:46:48 [INFO] [719/1000] val: Loss/val: 0.0218, Acc/val: 99.31%, F1/val: 91.58%, IoU/val: 84.47%, lr: 0.000188
2026-01-30 13:46:48 [INFO] [719/1000] 用时12.26秒。总用时:2.43小时。预计剩余时间:0.95小时
2026-01-30 13:46:57 [INFO] [720/1000] train: Loss/train: 0.0183, Acc/train: 99.45%, lr: 0.000186
2026-01-30 13:46:57 [INFO] GPU Reserved: 14500.0MB, GPU Allocated: 108.3MB
2026-01-30 13:47:00 [INFO] [720/1000] val: Loss/val: 0.0225, Acc/val: 99.29%, F1/val: 91.34%, IoU/val: 84.06%, lr: 0.000186
2026-01-30 13:47:00 [INFO] [720/1000] 用时12.19秒。总用时:2.43小时。预计剩余时间:0.95小时
2026-01-30 13:47:09 [INFO] [721/1000] train: Loss/train: 0.0182, Acc/train: 99.46%, lr: 0.000185
2026-01-30 13:47:09 [INFO] GPU Reserved: 14500.0MB, GPU Allocated: 108.3MB
2026-01-30 13:47:12 [INFO] [721/1000] val: Loss/val: 0.0219, Acc/val: 99.30%, F1/val: 91.52%, IoU/val: 84.36%, lr: 0.000185
2026-01-30 13:47:12 [INFO] [721/1000] 用时12.31秒。总用时:2.43小时。预计剩余时间:0.94小时
2026-01-30 13:47:22 [INFO] [722/1000] train: Loss/train: 0.0197, Acc/train: 99.41%, lr: 0.000184
2026-01-30 13:47:22 [INFO] GPU Reserved: 14500.0MB, GPU Allocated: 108.3MB
2026-01-30 13:47:25 [INFO] [722/1000] val: Loss/val: 0.0220, Acc/val: 99.29%, F1/val: 91.44%, IoU/val: 84.23%, lr: 0.000184
2026-01-30 13:47:25 [INFO] [722/1000] 用时12.39秒。总用时:2.44小时。预计剩余时间:0.94小时
2026-01-30 13:47:34 [INFO] [723/1000] train: Loss/train: 0.0188, Acc/train: 99.44%, lr: 0.000183
2026-01-30 13:47:34 [INFO] GPU Reserved: 14500.0MB, GPU Allocated: 108.3MB
2026-01-30 13:47:37 [INFO] [723/1000] val: Loss/val: 0.0223, Acc/val: 99.29%, F1/val: 91.40%, IoU/val: 84.16%, lr: 0.000183
2026-01-30 13:47:37 [INFO] [723/1000] 用时12.09秒。总用时:2.44小时。预计剩余时间:0.94小时
2026-01-30 13:47:46 [INFO] [724/1000] train: Loss/train: 0.0183, Acc/train: 99.46%, lr: 0.000182
2026-01-30 13:47:46 [INFO] GPU Reserved: 14500.0MB, GPU Allocated: 108.3MB
2026-01-30 13:47:49 [INFO] [724/1000] val: Loss/val: 0.0224, Acc/val: 99.30%, F1/val: 91.47%, IoU/val: 84.28%, lr: 0.000182
2026-01-30 13:47:49 [INFO] [724/1000] 用时12.22秒。总用时:2.44小时。预计剩余时间:0.93小时
2026-01-30 13:47:58 [INFO] [725/1000] train: Loss/train: 0.0196, Acc/train: 99.42%, lr: 0.000180
2026-01-30 13:47:58 [INFO] GPU Reserved: 14500.0MB, GPU Allocated: 108.3MB
2026-01-30 13:48:01 [INFO] [725/1000] val: Loss/val: 0.0222, Acc/val: 99.29%, F1/val: 91.40%, IoU/val: 84.17%, lr: 0.000180
2026-01-30 13:48:01 [INFO] [725/1000] 用时12.10秒。总用时:2.45小时。预计剩余时间:0.93小时
2026-01-30 13:48:10 [INFO] [726/1000] train: Loss/train: 0.0178, Acc/train: 99.48%, lr: 0.000179
2026-01-30 13:48:10 [INFO] GPU Reserved: 14500.0MB, GPU Allocated: 108.3MB
2026-01-30 13:48:13 [INFO] [726/1000] val: Loss/val: 0.0222, Acc/val: 99.29%, F1/val: 91.27%, IoU/val: 83.94%, lr: 0.000179
2026-01-30 13:48:13 [INFO] [726/1000] 用时12.31秒。总用时:2.45小时。预计剩余时间:0.93小时
2026-01-30 13:48:23 [INFO] [727/1000] train: Loss/train: 0.0181, Acc/train: 99.46%, lr: 0.000178
2026-01-30 13:48:23 [INFO] GPU Reserved: 14500.0MB, GPU Allocated: 108.3MB
2026-01-30 13:48:25 [INFO] [727/1000] val: Loss/val: 0.0224, Acc/val: 99.29%, F1/val: 91.42%, IoU/val: 84.19%, lr: 0.000178
2026-01-30 13:48:25 [INFO] [727/1000] 用时12.12秒。总用时:2.46小时。预计剩余时间:0.92小时
2026-01-30 13:48:35 [INFO] [728/1000] train: Loss/train: 0.0178, Acc/train: 99.47%, lr: 0.000177
2026-01-30 13:48:35 [INFO] GPU Reserved: 14500.0MB, GPU Allocated: 108.3MB
2026-01-30 13:48:38 [INFO] [728/1000] val: Loss/val: 0.0231, Acc/val: 99.29%, F1/val: 91.28%, IoU/val: 83.95%, lr: 0.000177
2026-01-30 13:48:38 [INFO] [728/1000] 用时12.15秒。总用时:2.46小时。预计剩余时间:0.92小时
2026-01-30 13:48:47 [INFO] [729/1000] train: Loss/train: 0.0184, Acc/train: 99.45%, lr: 0.000175
2026-01-30 13:48:47 [INFO] GPU Reserved: 14500.0MB, GPU Allocated: 108.3MB
2026-01-30 13:48:50 [INFO] [729/1000] val: Loss/val: 0.0230, Acc/val: 99.29%, F1/val: 91.37%, IoU/val: 84.11%, lr: 0.000175
2026-01-30 13:48:50 [INFO] [729/1000] 用时12.33秒。总用时:2.46小时。预计剩余时间:0.92小时
2026-01-30 13:48:59 [INFO] [730/1000] train: Loss/train: 0.0185, Acc/train: 99.45%, lr: 0.000174
2026-01-30 13:48:59 [INFO] GPU Reserved: 14500.0MB, GPU Allocated: 108.3MB
2026-01-30 13:49:02 [INFO] [730/1000] val: Loss/val: 0.0222, Acc/val: 99.30%, F1/val: 91.50%, IoU/val: 84.32%, lr: 0.000174
2026-01-30 13:49:02 [INFO] [730/1000] 用时12.16秒。总用时:2.47小时。预计剩余时间:0.91小时
2026-01-30 13:49:12 [INFO] [731/1000] train: Loss/train: 0.0193, Acc/train: 99.43%, lr: 0.000173
2026-01-30 13:49:12 [INFO] GPU Reserved: 14500.0MB, GPU Allocated: 108.3MB
2026-01-30 13:49:14 [INFO] [731/1000] val: Loss/val: 0.0233, Acc/val: 99.28%, F1/val: 91.22%, IoU/val: 83.86%, lr: 0.000173
2026-01-30 13:49:14 [INFO] [731/1000] 用时12.31秒。总用时:2.47小时。预计剩余时间:0.91小时
2026-01-30 13:49:24 [INFO] [732/1000] train: Loss/train: 0.0178, Acc/train: 99.47%, lr: 0.000172
2026-01-30 13:49:24 [INFO] GPU Reserved: 14500.0MB, GPU Allocated: 108.3MB
2026-01-30 13:49:27 [INFO] [732/1000] val: Loss/val: 0.0222, Acc/val: 99.30%, F1/val: 91.61%, IoU/val: 84.51%, lr: 0.000172
2026-01-30 13:49:27 [INFO] [732/1000] 用时12.27秒。总用时:2.47小时。预计剩余时间:0.91小时
2026-01-30 13:49:36 [INFO] [733/1000] train: Loss/train: 0.0190, Acc/train: 99.44%, lr: 0.000171
2026-01-30 13:49:36 [INFO] GPU Reserved: 14500.0MB, GPU Allocated: 108.3MB
2026-01-30 13:49:39 [INFO] [733/1000] val: Loss/val: 0.0215, Acc/val: 99.29%, F1/val: 91.37%, IoU/val: 84.12%, lr: 0.000171
2026-01-30 13:49:39 [INFO] [733/1000] 用时12.28秒。总用时:2.48小时。预计剩余时间:0.90小时
2026-01-30 13:49:48 [INFO] [734/1000] train: Loss/train: 0.0187, Acc/train: 99.44%, lr: 0.000169
2026-01-30 13:49:48 [INFO] GPU Reserved: 14500.0MB, GPU Allocated: 108.3MB
2026-01-30 13:49:51 [INFO] [734/1000] val: Loss/val: 0.0226, Acc/val: 99.30%, F1/val: 91.39%, IoU/val: 84.15%, lr: 0.000169
2026-01-30 13:49:51 [INFO] [734/1000] 用时12.44秒。总用时:2.48小时。预计剩余时间:0.90小时
2026-01-30 13:50:01 [INFO] [735/1000] train: Loss/train: 0.0190, Acc/train: 99.44%, lr: 0.000168
2026-01-30 13:50:01 [INFO] GPU Reserved: 14500.0MB, GPU Allocated: 108.3MB
2026-01-30 13:50:04 [INFO] [735/1000] val: Loss/val: 0.0224, Acc/val: 99.30%, F1/val: 91.54%, IoU/val: 84.40%, lr: 0.000168
2026-01-30 13:50:04 [INFO] [735/1000] 用时12.12秒。总用时:2.48小时。预计剩余时间:0.90小时
2026-01-30 13:50:13 [INFO] [736/1000] train: Loss/train: 0.0188, Acc/train: 99.44%, lr: 0.000167
2026-01-30 13:50:13 [INFO] GPU Reserved: 14500.0MB, GPU Allocated: 108.3MB
2026-01-30 13:50:16 [INFO] [736/1000] val: Loss/val: 0.0223, Acc/val: 99.31%, F1/val: 91.62%, IoU/val: 84.53%, lr: 0.000167
2026-01-30 13:50:16 [INFO] [736/1000] 用时12.28秒。总用时:2.49小时。预计剩余时间:0.89小时
2026-01-30 13:50:25 [INFO] [737/1000] train: Loss/train: 0.0181, Acc/train: 99.46%, lr: 0.000166
2026-01-30 13:50:25 [INFO] GPU Reserved: 14500.0MB, GPU Allocated: 108.3MB
2026-01-30 13:50:28 [INFO] [737/1000] val: Loss/val: 0.0222, Acc/val: 99.31%, F1/val: 91.61%, IoU/val: 84.52%, lr: 0.000166
2026-01-30 13:50:28 [INFO] [737/1000] 用时12.23秒。总用时:2.49小时。预计剩余时间:0.89小时
2026-01-30 13:50:37 [INFO] [738/1000] train: Loss/train: 0.0186, Acc/train: 99.45%, lr: 0.000165
2026-01-30 13:50:37 [INFO] GPU Reserved: 14500.0MB, GPU Allocated: 108.3MB
2026-01-30 13:50:40 [INFO] [738/1000] val: Loss/val: 0.0221, Acc/val: 99.30%, F1/val: 91.56%, IoU/val: 84.43%, lr: 0.000165
2026-01-30 13:50:40 [INFO] [738/1000] 用时11.85秒。总用时:2.49小时。预计剩余时间:0.88小时
2026-01-30 13:50:49 [INFO] [739/1000] train: Loss/train: 0.0176, Acc/train: 99.48%, lr: 0.000163
2026-01-30 13:50:49 [INFO] GPU Reserved: 14500.0MB, GPU Allocated: 108.3MB
2026-01-30 13:50:52 [INFO] [739/1000] val: Loss/val: 0.0212, Acc/val: 99.31%, F1/val: 91.69%, IoU/val: 84.66%, lr: 0.000163
2026-01-30 13:50:52 [INFO] [739/1000] 用时12.17秒。总用时:2.50小时。预计剩余时间:0.88小时
2026-01-30 13:51:01 [INFO] [740/1000] train: Loss/train: 0.0180, Acc/train: 99.46%, lr: 0.000162
2026-01-30 13:51:01 [INFO] GPU Reserved: 14500.0MB, GPU Allocated: 108.3MB
2026-01-30 13:51:04 [INFO] [740/1000] val: Loss/val: 0.0220, Acc/val: 99.30%, F1/val: 91.51%, IoU/val: 84.35%, lr: 0.000162
2026-01-30 13:51:04 [INFO] [740/1000] 用时12.08秒。总用时:2.50小时。预计剩余时间:0.88小时
2026-01-30 13:51:14 [INFO] [741/1000] train: Loss/train: 0.0178, Acc/train: 99.47%, lr: 0.000161
2026-01-30 13:51:14 [INFO] GPU Reserved: 14500.0MB, GPU Allocated: 108.3MB
2026-01-30 13:51:16 [INFO] [741/1000] val: Loss/val: 0.0216, Acc/val: 99.32%, F1/val: 91.71%, IoU/val: 84.69%, lr: 0.000161
2026-01-30 13:51:16 [INFO] [741/1000] 用时12.14秒。总用时:2.50小时。预计剩余时间:0.87小时
2026-01-30 13:51:26 [INFO] [742/1000] train: Loss/train: 0.0188, Acc/train: 99.45%, lr: 0.000160
2026-01-30 13:51:26 [INFO] GPU Reserved: 14500.0MB, GPU Allocated: 108.3MB
2026-01-30 13:51:28 [INFO] [742/1000] val: Loss/val: 0.0212, Acc/val: 99.31%, F1/val: 91.62%, IoU/val: 84.54%, lr: 0.000160
2026-01-30 13:51:28 [INFO] [742/1000] 用时12.21秒。总用时:2.51小时。预计剩余时间:0.87小时
2026-01-30 13:51:38 [INFO] [743/1000] train: Loss/train: 0.0170, Acc/train: 99.49%, lr: 0.000159
2026-01-30 13:51:38 [INFO] GPU Reserved: 14500.0MB, GPU Allocated: 108.3MB
2026-01-30 13:51:41 [INFO] [743/1000] val: Loss/val: 0.0223, Acc/val: 99.30%, F1/val: 91.47%, IoU/val: 84.29%, lr: 0.000159
2026-01-30 13:51:41 [INFO] [743/1000] 用时12.17秒。总用时:2.51小时。预计剩余时间:0.87小时
2026-01-30 13:51:50 [INFO] [744/1000] train: Loss/train: 0.0190, Acc/train: 99.44%, lr: 0.000158
2026-01-30 13:51:50 [INFO] GPU Reserved: 14500.0MB, GPU Allocated: 108.3MB
2026-01-30 13:51:53 [INFO] [744/1000] val: Loss/val: 0.0215, Acc/val: 99.31%, F1/val: 91.71%, IoU/val: 84.69%, lr: 0.000158
2026-01-30 13:51:53 [INFO] [744/1000] 用时12.07秒。总用时:2.51小时。预计剩余时间:0.86小时
2026-01-30 13:52:02 [INFO] [745/1000] train: Loss/train: 0.0189, Acc/train: 99.44%, lr: 0.000156
2026-01-30 13:52:02 [INFO] GPU Reserved: 14500.0MB, GPU Allocated: 108.3MB
2026-01-30 13:52:05 [INFO] [745/1000] val: Loss/val: 0.0217, Acc/val: 99.30%, F1/val: 91.51%, IoU/val: 84.34%, lr: 0.000156
2026-01-30 13:52:05 [INFO] [745/1000] 用时12.38秒。总用时:2.52小时。预计剩余时间:0.86小时
2026-01-30 13:52:14 [INFO] [746/1000] train: Loss/train: 0.0188, Acc/train: 99.44%, lr: 0.000155
2026-01-30 13:52:14 [INFO] GPU Reserved: 14500.0MB, GPU Allocated: 108.3MB
2026-01-30 13:52:17 [INFO] [746/1000] val: Loss/val: 0.0215, Acc/val: 99.31%, F1/val: 91.61%, IoU/val: 84.52%, lr: 0.000155
2026-01-30 13:52:17 [INFO] [746/1000] 用时11.85秒。总用时:2.52小时。预计剩余时间:0.86小时
2026-01-30 13:52:26 [INFO] [747/1000] train: Loss/train: 0.0190, Acc/train: 99.43%, lr: 0.000154
2026-01-30 13:52:26 [INFO] GPU Reserved: 14500.0MB, GPU Allocated: 108.3MB
2026-01-30 13:52:29 [INFO] [747/1000] val: Loss/val: 0.0212, Acc/val: 99.30%, F1/val: 91.57%, IoU/val: 84.45%, lr: 0.000154
2026-01-30 13:52:29 [INFO] [747/1000] 用时12.21秒。总用时:2.52小时。预计剩余时间:0.85小时
2026-01-30 13:52:38 [INFO] [748/1000] train: Loss/train: 0.0180, Acc/train: 99.47%, lr: 0.000153
2026-01-30 13:52:38 [INFO] GPU Reserved: 14500.0MB, GPU Allocated: 108.3MB
2026-01-30 13:52:41 [INFO] [748/1000] val: Loss/val: 0.0221, Acc/val: 99.30%, F1/val: 91.50%, IoU/val: 84.33%, lr: 0.000153
2026-01-30 13:52:41 [INFO] [748/1000] 用时12.03秒。总用时:2.53小时。预计剩余时间:0.85小时
2026-01-30 13:52:50 [INFO] [749/1000] train: Loss/train: 0.0188, Acc/train: 99.44%, lr: 0.000152
2026-01-30 13:52:50 [INFO] GPU Reserved: 14500.0MB, GPU Allocated: 108.3MB
2026-01-30 13:52:53 [INFO] [749/1000] val: Loss/val: 0.0217, Acc/val: 99.30%, F1/val: 91.48%, IoU/val: 84.30%, lr: 0.000152
2026-01-30 13:52:53 [INFO] [749/1000] 用时12.10秒。总用时:2.53小时。预计剩余时间:0.85小时
2026-01-30 13:53:03 [INFO] [750/1000] train: Loss/train: 0.0188, Acc/train: 99.44%, lr: 0.000151
2026-01-30 13:53:03 [INFO] GPU Reserved: 14500.0MB, GPU Allocated: 108.3MB
2026-01-30 13:53:06 [INFO] [750/1000] val: Loss/val: 0.0215, Acc/val: 99.31%, F1/val: 91.62%, IoU/val: 84.54%, lr: 0.000151
2026-01-30 13:53:06 [INFO] [750/1000] 用时12.30秒。总用时:2.53小时。预计剩余时间:0.84小时
2026-01-30 13:53:15 [INFO] [751/1000] train: Loss/train: 0.0195, Acc/train: 99.42%, lr: 0.000150
2026-01-30 13:53:15 [INFO] GPU Reserved: 14500.0MB, GPU Allocated: 108.3MB
2026-01-30 13:53:18 [INFO] [751/1000] val: Loss/val: 0.0224, Acc/val: 99.30%, F1/val: 91.41%, IoU/val: 84.18%, lr: 0.000150
2026-01-30 13:53:18 [INFO] [751/1000] 用时12.26秒。总用时:2.54小时。预计剩余时间:0.84小时
2026-01-30 13:53:27 [INFO] [752/1000] train: Loss/train: 0.0186, Acc/train: 99.45%, lr: 0.000148
2026-01-30 13:53:27 [INFO] GPU Reserved: 14500.0MB, GPU Allocated: 108.3MB
2026-01-30 13:53:30 [INFO] [752/1000] val: Loss/val: 0.0222, Acc/val: 99.30%, F1/val: 91.56%, IoU/val: 84.44%, lr: 0.000148
2026-01-30 13:53:30 [INFO] [752/1000] 用时12.18秒。总用时:2.54小时。预计剩余时间:0.84小时
2026-01-30 13:53:40 [INFO] [753/1000] train: Loss/train: 0.0200, Acc/train: 99.41%, lr: 0.000147
2026-01-30 13:53:40 [INFO] GPU Reserved: 14500.0MB, GPU Allocated: 108.3MB
2026-01-30 13:53:42 [INFO] [753/1000] val: Loss/val: 0.0218, Acc/val: 99.30%, F1/val: 91.41%, IoU/val: 84.18%, lr: 0.000147
2026-01-30 13:53:42 [INFO] [753/1000] 用时12.29秒。总用时:2.54小时。预计剩余时间:0.83小时
2026-01-30 13:53:52 [INFO] [754/1000] train: Loss/train: 0.0187, Acc/train: 99.45%, lr: 0.000146
2026-01-30 13:53:52 [INFO] GPU Reserved: 14500.0MB, GPU Allocated: 108.3MB
2026-01-30 13:53:54 [INFO] [754/1000] val: Loss/val: 0.0217, Acc/val: 99.30%, F1/val: 91.57%, IoU/val: 84.45%, lr: 0.000146
2026-01-30 13:53:54 [INFO] [754/1000] 用时12.08秒。总用时:2.55小时。预计剩余时间:0.83小时
2026-01-30 13:54:04 [INFO] [755/1000] train: Loss/train: 0.0191, Acc/train: 99.43%, lr: 0.000145
2026-01-30 13:54:04 [INFO] GPU Reserved: 14500.0MB, GPU Allocated: 108.3MB
2026-01-30 13:54:07 [INFO] [755/1000] val: Loss/val: 0.0214, Acc/val: 99.31%, F1/val: 91.62%, IoU/val: 84.54%, lr: 0.000145
2026-01-30 13:54:07 [INFO] [755/1000] 用时12.16秒。总用时:2.55小时。预计剩余时间:0.83小时
2026-01-30 13:54:16 [INFO] [756/1000] train: Loss/train: 0.0182, Acc/train: 99.46%, lr: 0.000144
2026-01-30 13:54:16 [INFO] GPU Reserved: 14500.0MB, GPU Allocated: 108.3MB
2026-01-30 13:54:19 [INFO] [756/1000] val: Loss/val: 0.0213, Acc/val: 99.31%, F1/val: 91.72%, IoU/val: 84.70%, lr: 0.000144
2026-01-30 13:54:19 [INFO] [756/1000] 用时12.40秒。总用时:2.55小时。预计剩余时间:0.82小时
2026-01-30 13:54:28 [INFO] [757/1000] train: Loss/train: 0.0182, Acc/train: 99.46%, lr: 0.000143
2026-01-30 13:54:28 [INFO] GPU Reserved: 14500.0MB, GPU Allocated: 108.3MB
2026-01-30 13:54:31 [INFO] [757/1000] val: Loss/val: 0.0220, Acc/val: 99.29%, F1/val: 91.40%, IoU/val: 84.17%, lr: 0.000143
2026-01-30 13:54:31 [INFO] [757/1000] 用时12.19秒。总用时:2.56小时。预计剩余时间:0.82小时
2026-01-30 13:54:40 [INFO] [758/1000] train: Loss/train: 0.0182, Acc/train: 99.46%, lr: 0.000142
2026-01-30 13:54:40 [INFO] GPU Reserved: 14500.0MB, GPU Allocated: 108.3MB
2026-01-30 13:54:43 [INFO] [758/1000] val: Loss/val: 0.0219, Acc/val: 99.31%, F1/val: 91.57%, IoU/val: 84.46%, lr: 0.000142
2026-01-30 13:54:43 [INFO] [758/1000] 用时12.02秒。总用时:2.56小时。预计剩余时间:0.82小时
2026-01-30 13:54:52 [INFO] [759/1000] train: Loss/train: 0.0185, Acc/train: 99.45%, lr: 0.000141
2026-01-30 13:54:52 [INFO] GPU Reserved: 14500.0MB, GPU Allocated: 108.3MB
2026-01-30 13:54:55 [INFO] [759/1000] val: Loss/val: 0.0216, Acc/val: 99.31%, F1/val: 91.68%, IoU/val: 84.63%, lr: 0.000141
2026-01-30 13:54:55 [INFO] [759/1000] 用时12.24秒。总用时:2.56小时。预计剩余时间:0.81小时
2026-01-30 13:55:05 [INFO] [760/1000] train: Loss/train: 0.0188, Acc/train: 99.44%, lr: 0.000139
2026-01-30 13:55:05 [INFO] GPU Reserved: 14500.0MB, GPU Allocated: 108.3MB
2026-01-30 13:55:08 [INFO] [760/1000] val: Loss/val: 0.0220, Acc/val: 99.31%, F1/val: 91.62%, IoU/val: 84.53%, lr: 0.000139
2026-01-30 13:55:08 [INFO] [760/1000] 用时12.26秒。总用时:2.57小时。预计剩余时间:0.81小时
2026-01-30 13:55:17 [INFO] [761/1000] train: Loss/train: 0.0182, Acc/train: 99.46%, lr: 0.000138
2026-01-30 13:55:17 [INFO] GPU Reserved: 14500.0MB, GPU Allocated: 108.3MB
2026-01-30 13:55:20 [INFO] [761/1000] val: Loss/val: 0.0213, Acc/val: 99.31%, F1/val: 91.70%, IoU/val: 84.68%, lr: 0.000138
2026-01-30 13:55:20 [INFO] [761/1000] 用时12.29秒。总用时:2.57小时。预计剩余时间:0.81小时
2026-01-30 13:55:29 [INFO] [762/1000] train: Loss/train: 0.0189, Acc/train: 99.44%, lr: 0.000137
2026-01-30 13:55:29 [INFO] GPU Reserved: 14500.0MB, GPU Allocated: 108.3MB
2026-01-30 13:55:32 [INFO] [762/1000] val: Loss/val: 0.0228, Acc/val: 99.29%, F1/val: 91.36%, IoU/val: 84.10%, lr: 0.000137
2026-01-30 13:55:32 [INFO] [762/1000] 用时11.86秒。总用时:2.57小时。预计剩余时间:0.80小时
2026-01-30 13:55:41 [INFO] [763/1000] train: Loss/train: 0.0182, Acc/train: 99.45%, lr: 0.000136
2026-01-30 13:55:41 [INFO] GPU Reserved: 14500.0MB, GPU Allocated: 108.3MB
2026-01-30 13:55:44 [INFO] [763/1000] val: Loss/val: 0.0224, Acc/val: 99.30%, F1/val: 91.50%, IoU/val: 84.34%, lr: 0.000136
2026-01-30 13:55:44 [INFO] [763/1000] 用时12.29秒。总用时:2.58小时。预计剩余时间:0.80小时
2026-01-30 13:55:53 [INFO] [764/1000] train: Loss/train: 0.0191, Acc/train: 99.43%, lr: 0.000135
2026-01-30 13:55:53 [INFO] GPU Reserved: 14500.0MB, GPU Allocated: 108.3MB
2026-01-30 13:55:56 [INFO] [764/1000] val: Loss/val: 0.0220, Acc/val: 99.30%, F1/val: 91.55%, IoU/val: 84.42%, lr: 0.000135
2026-01-30 13:55:56 [INFO] [764/1000] 用时12.03秒。总用时:2.58小时。预计剩余时间:0.80小时
2026-01-30 13:56:06 [INFO] [765/1000] train: Loss/train: 0.0174, Acc/train: 99.48%, lr: 0.000134
2026-01-30 13:56:06 [INFO] GPU Reserved: 14500.0MB, GPU Allocated: 108.3MB
2026-01-30 13:56:08 [INFO] [765/1000] val: Loss/val: 0.0221, Acc/val: 99.31%, F1/val: 91.59%, IoU/val: 84.49%, lr: 0.000134
2026-01-30 13:56:08 [INFO] [765/1000] 用时12.31秒。总用时:2.58小时。预计剩余时间:0.79小时
2026-01-30 13:56:18 [INFO] [766/1000] train: Loss/train: 0.0189, Acc/train: 99.44%, lr: 0.000133
2026-01-30 13:56:18 [INFO] GPU Reserved: 14500.0MB, GPU Allocated: 108.3MB
2026-01-30 13:56:21 [INFO] [766/1000] val: Loss/val: 0.0220, Acc/val: 99.30%, F1/val: 91.46%, IoU/val: 84.27%, lr: 0.000133
2026-01-30 13:56:21 [INFO] [766/1000] 用时12.32秒。总用时:2.59小时。预计剩余时间:0.79小时
2026-01-30 13:56:30 [INFO] [767/1000] train: Loss/train: 0.0182, Acc/train: 99.45%, lr: 0.000132
2026-01-30 13:56:30 [INFO] GPU Reserved: 14500.0MB, GPU Allocated: 108.3MB
2026-01-30 13:56:33 [INFO] [767/1000] val: Loss/val: 0.0218, Acc/val: 99.31%, F1/val: 91.63%, IoU/val: 84.55%, lr: 0.000132
2026-01-30 13:56:33 [INFO] [767/1000] 用时11.92秒。总用时:2.59小时。预计剩余时间:0.79小时
2026-01-30 13:56:42 [INFO] [768/1000] train: Loss/train: 0.0179, Acc/train: 99.47%, lr: 0.000131
2026-01-30 13:56:42 [INFO] GPU Reserved: 14500.0MB, GPU Allocated: 108.3MB
2026-01-30 13:56:45 [INFO] [768/1000] val: Loss/val: 0.0208, Acc/val: 99.32%, F1/val: 91.73%, IoU/val: 84.73%, lr: 0.000131
2026-01-30 13:56:45 [INFO] [768/1000] 用时12.15秒。总用时:2.59小时。预计剩余时间:0.78小时
2026-01-30 13:56:54 [INFO] [769/1000] train: Loss/train: 0.0194, Acc/train: 99.42%, lr: 0.000130
2026-01-30 13:56:54 [INFO] GPU Reserved: 14500.0MB, GPU Allocated: 108.3MB
2026-01-30 13:56:57 [INFO] [769/1000] val: Loss/val: 0.0215, Acc/val: 99.31%, F1/val: 91.67%, IoU/val: 84.61%, lr: 0.000130
2026-01-30 13:56:57 [INFO] [769/1000] 用时12.30秒。总用时:2.60小时。预计剩余时间:0.78小时
2026-01-30 13:57:06 [INFO] [770/1000] train: Loss/train: 0.0193, Acc/train: 99.43%, lr: 0.000129
2026-01-30 13:57:06 [INFO] GPU Reserved: 14500.0MB, GPU Allocated: 108.3MB
2026-01-30 13:57:09 [INFO] [770/1000] val: Loss/val: 0.0213, Acc/val: 99.30%, F1/val: 91.53%, IoU/val: 84.38%, lr: 0.000129
2026-01-30 13:57:09 [INFO] [770/1000] 用时12.10秒。总用时:2.60小时。预计剩余时间:0.78小时
2026-01-30 13:57:19 [INFO] [771/1000] train: Loss/train: 0.0180, Acc/train: 99.47%, lr: 0.000128
2026-01-30 13:57:19 [INFO] GPU Reserved: 14500.0MB, GPU Allocated: 108.3MB
2026-01-30 13:57:21 [INFO] [771/1000] val: Loss/val: 0.0213, Acc/val: 99.31%, F1/val: 91.55%, IoU/val: 84.42%, lr: 0.000128
2026-01-30 13:57:21 [INFO] [771/1000] 用时12.07秒。总用时:2.60小时。预计剩余时间:0.77小时
2026-01-30 13:57:31 [INFO] [772/1000] train: Loss/train: 0.0180, Acc/train: 99.46%, lr: 0.000126
2026-01-30 13:57:31 [INFO] GPU Reserved: 14500.0MB, GPU Allocated: 108.3MB
2026-01-30 13:57:34 [INFO] [772/1000] val: Loss/val: 0.0212, Acc/val: 99.32%, F1/val: 91.73%, IoU/val: 84.73%, lr: 0.000126
2026-01-30 13:57:34 [INFO] [772/1000] 用时12.22秒。总用时:2.61小时。预计剩余时间:0.77小时
2026-01-30 13:57:43 [INFO] [773/1000] train: Loss/train: 0.0166, Acc/train: 99.50%, lr: 0.000125
2026-01-30 13:57:43 [INFO] GPU Reserved: 14500.0MB, GPU Allocated: 108.3MB
2026-01-30 13:57:46 [INFO] [773/1000] val: Loss/val: 0.0212, Acc/val: 99.31%, F1/val: 91.64%, IoU/val: 84.57%, lr: 0.000125
2026-01-30 13:57:46 [INFO] [773/1000] 用时12.38秒。总用时:2.61小时。预计剩余时间:0.77小时
2026-01-30 13:57:55 [INFO] [774/1000] train: Loss/train: 0.0182, Acc/train: 99.46%, lr: 0.000124
2026-01-30 13:57:55 [INFO] GPU Reserved: 14500.0MB, GPU Allocated: 108.3MB
2026-01-30 13:57:58 [INFO] [774/1000] val: Loss/val: 0.0222, Acc/val: 99.30%, F1/val: 91.45%, IoU/val: 84.25%, lr: 0.000124
2026-01-30 13:57:58 [INFO] [774/1000] 用时12.07秒。总用时:2.61小时。预计剩余时间:0.76小时
2026-01-30 13:58:07 [INFO] [775/1000] train: Loss/train: 0.0193, Acc/train: 99.42%, lr: 0.000123
2026-01-30 13:58:07 [INFO] GPU Reserved: 14500.0MB, GPU Allocated: 108.3MB
2026-01-30 13:58:10 [INFO] [775/1000] val: Loss/val: 0.0218, Acc/val: 99.31%, F1/val: 91.59%, IoU/val: 84.48%, lr: 0.000123
2026-01-30 13:58:10 [INFO] [775/1000] 用时11.95秒。总用时:2.62小时。预计剩余时间:0.76小时
2026-01-30 13:58:19 [INFO] [776/1000] train: Loss/train: 0.0194, Acc/train: 99.42%, lr: 0.000122
2026-01-30 13:58:19 [INFO] GPU Reserved: 14500.0MB, GPU Allocated: 108.3MB
2026-01-30 13:58:22 [INFO] [776/1000] val: Loss/val: 0.0227, Acc/val: 99.30%, F1/val: 91.41%, IoU/val: 84.17%, lr: 0.000122
2026-01-30 13:58:22 [INFO] [776/1000] 用时12.12秒。总用时:2.62小时。预计剩余时间:0.76小时
2026-01-30 13:58:31 [INFO] [777/1000] train: Loss/train: 0.0185, Acc/train: 99.45%, lr: 0.000121
2026-01-30 13:58:31 [INFO] GPU Reserved: 14500.0MB, GPU Allocated: 108.3MB
2026-01-30 13:58:34 [INFO] [777/1000] val: Loss/val: 0.0221, Acc/val: 99.30%, F1/val: 91.57%, IoU/val: 84.46%, lr: 0.000121
2026-01-30 13:58:34 [INFO] [777/1000] 用时12.09秒。总用时:2.62小时。预计剩余时间:0.75小时
2026-01-30 13:58:43 [INFO] [778/1000] train: Loss/train: 0.0182, Acc/train: 99.46%, lr: 0.000120
2026-01-30 13:58:43 [INFO] GPU Reserved: 14500.0MB, GPU Allocated: 108.3MB
2026-01-30 13:58:46 [INFO] [778/1000] val: Loss/val: 0.0215, Acc/val: 99.31%, F1/val: 91.66%, IoU/val: 84.60%, lr: 0.000120
2026-01-30 13:58:46 [INFO] [778/1000] 用时11.91秒。总用时:2.63小时。预计剩余时间:0.75小时
2026-01-30 13:58:55 [INFO] [779/1000] train: Loss/train: 0.0185, Acc/train: 99.45%, lr: 0.000119
2026-01-30 13:58:55 [INFO] GPU Reserved: 14500.0MB, GPU Allocated: 108.3MB
2026-01-30 13:58:58 [INFO] [779/1000] val: Loss/val: 0.0225, Acc/val: 99.30%, F1/val: 91.51%, IoU/val: 84.34%, lr: 0.000119
2026-01-30 13:58:58 [INFO] [779/1000] 用时12.17秒。总用时:2.63小时。预计剩余时间:0.75小时
2026-01-30 13:59:07 [INFO] [780/1000] train: Loss/train: 0.0187, Acc/train: 99.44%, lr: 0.000118
2026-01-30 13:59:07 [INFO] GPU Reserved: 14500.0MB, GPU Allocated: 108.3MB
2026-01-30 13:59:10 [INFO] [780/1000] val: Loss/val: 0.0225, Acc/val: 99.30%, F1/val: 91.45%, IoU/val: 84.25%, lr: 0.000118
2026-01-30 13:59:10 [INFO] [780/1000] 用时11.99秒。总用时:2.63小时。预计剩余时间:0.74小时
2026-01-30 13:59:20 [INFO] [781/1000] train: Loss/train: 0.0181, Acc/train: 99.46%, lr: 0.000117
2026-01-30 13:59:20 [INFO] GPU Reserved: 14500.0MB, GPU Allocated: 108.3MB
2026-01-30 13:59:22 [INFO] [781/1000] val: Loss/val: 0.0227, Acc/val: 99.30%, F1/val: 91.41%, IoU/val: 84.18%, lr: 0.000117
2026-01-30 13:59:22 [INFO] [781/1000] 用时12.25秒。总用时:2.64小时。预计剩余时间:0.74小时
2026-01-30 13:59:32 [INFO] [782/1000] train: Loss/train: 0.0185, Acc/train: 99.45%, lr: 0.000116
2026-01-30 13:59:32 [INFO] GPU Reserved: 14500.0MB, GPU Allocated: 108.3MB
2026-01-30 13:59:35 [INFO] [782/1000] val: Loss/val: 0.0224, Acc/val: 99.30%, F1/val: 91.47%, IoU/val: 84.28%, lr: 0.000116
2026-01-30 13:59:35 [INFO] [782/1000] 用时12.17秒。总用时:2.64小时。预计剩余时间:0.74小时
2026-01-30 13:59:44 [INFO] [783/1000] train: Loss/train: 0.0185, Acc/train: 99.45%, lr: 0.000115
2026-01-30 13:59:44 [INFO] GPU Reserved: 14500.0MB, GPU Allocated: 108.3MB
2026-01-30 13:59:47 [INFO] [783/1000] val: Loss/val: 0.0222, Acc/val: 99.30%, F1/val: 91.55%, IoU/val: 84.42%, lr: 0.000115
2026-01-30 13:59:47 [INFO] [783/1000] 用时12.23秒。总用时:2.64小时。预计剩余时间:0.73小时
2026-01-30 13:59:56 [INFO] [784/1000] train: Loss/train: 0.0187, Acc/train: 99.44%, lr: 0.000114
2026-01-30 13:59:56 [INFO] GPU Reserved: 14500.0MB, GPU Allocated: 108.3MB
2026-01-30 13:59:59 [INFO] [784/1000] val: Loss/val: 0.0220, Acc/val: 99.30%, F1/val: 91.52%, IoU/val: 84.36%, lr: 0.000114
2026-01-30 13:59:59 [INFO] [784/1000] 用时12.19秒。总用时:2.65小时。预计剩余时间:0.73小时
2026-01-30 14:00:09 [INFO] [785/1000] train: Loss/train: 0.0192, Acc/train: 99.43%, lr: 0.000113
2026-01-30 14:00:09 [INFO] GPU Reserved: 14500.0MB, GPU Allocated: 108.3MB
2026-01-30 14:00:11 [INFO] [785/1000] val: Loss/val: 0.0222, Acc/val: 99.30%, F1/val: 91.51%, IoU/val: 84.34%, lr: 0.000113
2026-01-30 14:00:11 [INFO] [785/1000] 用时12.28秒。总用时:2.65小时。预计剩余时间:0.73小时
2026-01-30 14:00:21 [INFO] [786/1000] train: Loss/train: 0.0181, Acc/train: 99.46%, lr: 0.000112
2026-01-30 14:00:21 [INFO] GPU Reserved: 14500.0MB, GPU Allocated: 108.3MB
2026-01-30 14:00:23 [INFO] [786/1000] val: Loss/val: 0.0220, Acc/val: 99.30%, F1/val: 91.50%, IoU/val: 84.33%, lr: 0.000112
2026-01-30 14:00:23 [INFO] [786/1000] 用时12.03秒。总用时:2.65小时。预计剩余时间:0.72小时
2026-01-30 14:00:33 [INFO] [787/1000] train: Loss/train: 0.0180, Acc/train: 99.46%, lr: 0.000111
2026-01-30 14:00:33 [INFO] GPU Reserved: 14500.0MB, GPU Allocated: 108.3MB
2026-01-30 14:00:36 [INFO] [787/1000] val: Loss/val: 0.0216, Acc/val: 99.31%, F1/val: 91.69%, IoU/val: 84.65%, lr: 0.000111
2026-01-30 14:00:36 [INFO] [787/1000] 用时12.24秒。总用时:2.66小时。预计剩余时间:0.72小时
2026-01-30 14:00:45 [INFO] [788/1000] train: Loss/train: 0.0183, Acc/train: 99.45%, lr: 0.000110
2026-01-30 14:00:45 [INFO] GPU Reserved: 14500.0MB, GPU Allocated: 108.3MB
2026-01-30 14:00:48 [INFO] [788/1000] val: Loss/val: 0.0223, Acc/val: 99.31%, F1/val: 91.58%, IoU/val: 84.48%, lr: 0.000110
2026-01-30 14:00:48 [INFO] [788/1000] 用时12.34秒。总用时:2.66小时。预计剩余时间:0.72小时
2026-01-30 14:00:57 [INFO] [789/1000] train: Loss/train: 0.0184, Acc/train: 99.45%, lr: 0.000109
2026-01-30 14:00:57 [INFO] GPU Reserved: 14500.0MB, GPU Allocated: 108.3MB
2026-01-30 14:01:00 [INFO] [789/1000] val: Loss/val: 0.0223, Acc/val: 99.30%, F1/val: 91.51%, IoU/val: 84.35%, lr: 0.000109
2026-01-30 14:01:00 [INFO] [789/1000] 用时12.22秒。总用时:2.66小时。预计剩余时间:0.71小时
2026-01-30 14:01:09 [INFO] [790/1000] train: Loss/train: 0.0183, Acc/train: 99.46%, lr: 0.000108
2026-01-30 14:01:09 [INFO] GPU Reserved: 14500.0MB, GPU Allocated: 108.3MB
2026-01-30 14:01:12 [INFO] [790/1000] val: Loss/val: 0.0223, Acc/val: 99.29%, F1/val: 91.40%, IoU/val: 84.16%, lr: 0.000108
2026-01-30 14:01:12 [INFO] [790/1000] 用时12.02秒。总用时:2.67小时。预计剩余时间:0.71小时
2026-01-30 14:01:22 [INFO] [791/1000] train: Loss/train: 0.0183, Acc/train: 99.45%, lr: 0.000107
2026-01-30 14:01:22 [INFO] GPU Reserved: 14500.0MB, GPU Allocated: 108.3MB
2026-01-30 14:01:25 [INFO] [791/1000] val: Loss/val: 0.0224, Acc/val: 99.30%, F1/val: 91.43%, IoU/val: 84.21%, lr: 0.000107
2026-01-30 14:01:25 [INFO] [791/1000] 用时12.31秒。总用时:2.67小时。预计剩余时间:0.71小时
2026-01-30 14:01:34 [INFO] [792/1000] train: Loss/train: 0.0182, Acc/train: 99.46%, lr: 0.000106
2026-01-30 14:01:34 [INFO] GPU Reserved: 14500.0MB, GPU Allocated: 108.3MB
2026-01-30 14:01:37 [INFO] [792/1000] val: Loss/val: 0.0222, Acc/val: 99.30%, F1/val: 91.45%, IoU/val: 84.25%, lr: 0.000106
2026-01-30 14:01:37 [INFO] [792/1000] 用时12.29秒。总用时:2.67小时。预计剩余时间:0.70小时
2026-01-30 14:01:46 [INFO] [793/1000] train: Loss/train: 0.0177, Acc/train: 99.47%, lr: 0.000105
2026-01-30 14:01:46 [INFO] GPU Reserved: 14500.0MB, GPU Allocated: 108.3MB
2026-01-30 14:01:49 [INFO] [793/1000] val: Loss/val: 0.0230, Acc/val: 99.30%, F1/val: 91.42%, IoU/val: 84.19%, lr: 0.000105
2026-01-30 14:01:49 [INFO] [793/1000] 用时12.12秒。总用时:2.68小时。预计剩余时间:0.70小时
2026-01-30 14:01:58 [INFO] [794/1000] train: Loss/train: 0.0183, Acc/train: 99.45%, lr: 0.000104
2026-01-30 14:01:58 [INFO] GPU Reserved: 14500.0MB, GPU Allocated: 108.3MB
2026-01-30 14:02:01 [INFO] [794/1000] val: Loss/val: 0.0227, Acc/val: 99.29%, F1/val: 91.42%, IoU/val: 84.19%, lr: 0.000104
2026-01-30 14:02:01 [INFO] [794/1000] 用时11.91秒。总用时:2.68小时。预计剩余时间:0.70小时
2026-01-30 14:02:10 [INFO] [795/1000] train: Loss/train: 0.0192, Acc/train: 99.43%, lr: 0.000103
2026-01-30 14:02:10 [INFO] GPU Reserved: 14500.0MB, GPU Allocated: 108.3MB
2026-01-30 14:02:13 [INFO] [795/1000] val: Loss/val: 0.0224, Acc/val: 99.30%, F1/val: 91.48%, IoU/val: 84.30%, lr: 0.000103
2026-01-30 14:02:13 [INFO] [795/1000] 用时12.08秒。总用时:2.68小时。预计剩余时间:0.69小时
2026-01-30 14:02:22 [INFO] [796/1000] train: Loss/train: 0.0184, Acc/train: 99.45%, lr: 0.000102
2026-01-30 14:02:22 [INFO] GPU Reserved: 14500.0MB, GPU Allocated: 108.3MB
2026-01-30 14:02:25 [INFO] [796/1000] val: Loss/val: 0.0227, Acc/val: 99.30%, F1/val: 91.46%, IoU/val: 84.27%, lr: 0.000102
2026-01-30 14:02:25 [INFO] [796/1000] 用时12.32秒。总用时:2.69小时。预计剩余时间:0.69小时
2026-01-30 14:02:35 [INFO] [797/1000] train: Loss/train: 0.0181, Acc/train: 99.46%, lr: 0.000101
2026-01-30 14:02:35 [INFO] GPU Reserved: 14500.0MB, GPU Allocated: 108.3MB
2026-01-30 14:02:37 [INFO] [797/1000] val: Loss/val: 0.0218, Acc/val: 99.30%, F1/val: 91.45%, IoU/val: 84.24%, lr: 0.000101
2026-01-30 14:02:37 [INFO] [797/1000] 用时12.25秒。总用时:2.69小时。预计剩余时间:0.69小时
2026-01-30 14:02:47 [INFO] [798/1000] train: Loss/train: 0.0182, Acc/train: 99.46%, lr: 0.000100
2026-01-30 14:02:47 [INFO] GPU Reserved: 14500.0MB, GPU Allocated: 108.3MB
2026-01-30 14:02:49 [INFO] [798/1000] val: Loss/val: 0.0220, Acc/val: 99.30%, F1/val: 91.42%, IoU/val: 84.19%, lr: 0.000100
2026-01-30 14:02:49 [INFO] [798/1000] 用时12.00秒。总用时:2.70小时。预计剩余时间:0.68小时
2026-01-30 14:02:59 [INFO] [799/1000] train: Loss/train: 0.0189, Acc/train: 99.44%, lr: 0.000099
2026-01-30 14:02:59 [INFO] GPU Reserved: 14500.0MB, GPU Allocated: 108.3MB
2026-01-30 14:03:02 [INFO] [799/1000] val: Loss/val: 0.0225, Acc/val: 99.30%, F1/val: 91.47%, IoU/val: 84.28%, lr: 0.000099
2026-01-30 14:03:02 [INFO] [799/1000] 用时12.33秒。总用时:2.70小时。预计剩余时间:0.68小时
2026-01-30 14:03:11 [INFO] [800/1000] train: Loss/train: 0.0183, Acc/train: 99.46%, lr: 0.000098
2026-01-30 14:03:11 [INFO] GPU Reserved: 14500.0MB, GPU Allocated: 108.3MB
2026-01-30 14:03:14 [INFO] [800/1000] val: Loss/val: 0.0219, Acc/val: 99.30%, F1/val: 91.53%, IoU/val: 84.39%, lr: 0.000098
2026-01-30 14:03:14 [INFO] [800/1000] 用时11.84秒。总用时:2.70小时。预计剩余时间:0.68小时
2026-01-30 14:03:23 [INFO] [801/1000] train: Loss/train: 0.0184, Acc/train: 99.45%, lr: 0.000097
2026-01-30 14:03:23 [INFO] GPU Reserved: 14500.0MB, GPU Allocated: 108.3MB
2026-01-30 14:03:26 [INFO] [801/1000] val: Loss/val: 0.0220, Acc/val: 99.31%, F1/val: 91.58%, IoU/val: 84.47%, lr: 0.000097
2026-01-30 14:03:26 [INFO] [801/1000] 用时12.25秒。总用时:2.71小时。预计剩余时间:0.67小时
2026-01-30 14:03:35 [INFO] [802/1000] train: Loss/train: 0.0182, Acc/train: 99.46%, lr: 0.000096
2026-01-30 14:03:35 [INFO] GPU Reserved: 14500.0MB, GPU Allocated: 108.3MB
2026-01-30 14:03:38 [INFO] [802/1000] val: Loss/val: 0.0222, Acc/val: 99.31%, F1/val: 91.60%, IoU/val: 84.49%, lr: 0.000096
2026-01-30 14:03:38 [INFO] [802/1000] 用时12.07秒。总用时:2.71小时。预计剩余时间:0.67小时
2026-01-30 14:03:47 [INFO] [803/1000] train: Loss/train: 0.0181, Acc/train: 99.46%, lr: 0.000095
2026-01-30 14:03:47 [INFO] GPU Reserved: 14500.0MB, GPU Allocated: 108.3MB
2026-01-30 14:03:50 [INFO] [803/1000] val: Loss/val: 0.0222, Acc/val: 99.31%, F1/val: 91.62%, IoU/val: 84.53%, lr: 0.000095
2026-01-30 14:03:50 [INFO] [803/1000] 用时12.12秒。总用时:2.71小时。预计剩余时间:0.67小时
2026-01-30 14:04:00 [INFO] [804/1000] train: Loss/train: 0.0176, Acc/train: 99.47%, lr: 0.000095
2026-01-30 14:04:00 [INFO] GPU Reserved: 14500.0MB, GPU Allocated: 108.3MB
2026-01-30 14:04:02 [INFO] [804/1000] val: Loss/val: 0.0221, Acc/val: 99.30%, F1/val: 91.53%, IoU/val: 84.38%, lr: 0.000095
2026-01-30 14:04:02 [INFO] [804/1000] 用时12.32秒。总用时:2.72小时。预计剩余时间:0.66小时
2026-01-30 14:04:12 [INFO] [805/1000] train: Loss/train: 0.0188, Acc/train: 99.45%, lr: 0.000094
2026-01-30 14:04:12 [INFO] GPU Reserved: 14500.0MB, GPU Allocated: 108.3MB
2026-01-30 14:04:15 [INFO] [805/1000] val: Loss/val: 0.0221, Acc/val: 99.31%, F1/val: 91.57%, IoU/val: 84.45%, lr: 0.000094
2026-01-30 14:04:15 [INFO] [805/1000] 用时12.21秒。总用时:2.72小时。预计剩余时间:0.66小时
2026-01-30 14:04:24 [INFO] [806/1000] train: Loss/train: 0.0193, Acc/train: 99.42%, lr: 0.000093
2026-01-30 14:04:24 [INFO] GPU Reserved: 14500.0MB, GPU Allocated: 108.3MB
2026-01-30 14:04:27 [INFO] [806/1000] val: Loss/val: 0.0220, Acc/val: 99.31%, F1/val: 91.55%, IoU/val: 84.41%, lr: 0.000093
2026-01-30 14:04:27 [INFO] [806/1000] 用时12.04秒。总用时:2.72小时。预计剩余时间:0.66小时
2026-01-30 14:04:36 [INFO] [807/1000] train: Loss/train: 0.0177, Acc/train: 99.47%, lr: 0.000092
2026-01-30 14:04:36 [INFO] GPU Reserved: 14500.0MB, GPU Allocated: 108.3MB
2026-01-30 14:04:39 [INFO] [807/1000] val: Loss/val: 0.0217, Acc/val: 99.31%, F1/val: 91.69%, IoU/val: 84.65%, lr: 0.000092
2026-01-30 14:04:39 [INFO] [807/1000] 用时12.43秒。总用时:2.73小时。预计剩余时间:0.65小时
2026-01-30 14:04:48 [INFO] [808/1000] train: Loss/train: 0.0181, Acc/train: 99.46%, lr: 0.000091
2026-01-30 14:04:48 [INFO] GPU Reserved: 14500.0MB, GPU Allocated: 108.3MB
2026-01-30 14:04:51 [INFO] [808/1000] val: Loss/val: 0.0222, Acc/val: 99.30%, F1/val: 91.55%, IoU/val: 84.41%, lr: 0.000091
2026-01-30 14:04:51 [INFO] [808/1000] 用时12.18秒。总用时:2.73小时。预计剩余时间:0.65小时
2026-01-30 14:05:00 [INFO] [809/1000] train: Loss/train: 0.0178, Acc/train: 99.47%, lr: 0.000090
2026-01-30 14:05:00 [INFO] GPU Reserved: 14500.0MB, GPU Allocated: 108.3MB
2026-01-30 14:05:03 [INFO] [809/1000] val: Loss/val: 0.0225, Acc/val: 99.30%, F1/val: 91.44%, IoU/val: 84.23%, lr: 0.000090
2026-01-30 14:05:03 [INFO] [809/1000] 用时12.04秒。总用时:2.73小时。预计剩余时间:0.65小时
2026-01-30 14:05:13 [INFO] [810/1000] train: Loss/train: 0.0172, Acc/train: 99.48%, lr: 0.000089
2026-01-30 14:05:13 [INFO] GPU Reserved: 14500.0MB, GPU Allocated: 108.3MB
2026-01-30 14:05:15 [INFO] [810/1000] val: Loss/val: 0.0222, Acc/val: 99.30%, F1/val: 91.45%, IoU/val: 84.24%, lr: 0.000089
2026-01-30 14:05:15 [INFO] [810/1000] 用时12.16秒。总用时:2.74小时。预计剩余时间:0.64小时
2026-01-30 14:05:25 [INFO] [811/1000] train: Loss/train: 0.0182, Acc/train: 99.46%, lr: 0.000088
2026-01-30 14:05:25 [INFO] GPU Reserved: 14500.0MB, GPU Allocated: 108.3MB
2026-01-30 14:05:28 [INFO] [811/1000] val: Loss/val: 0.0222, Acc/val: 99.30%, F1/val: 91.41%, IoU/val: 84.18%, lr: 0.000088
2026-01-30 14:05:28 [INFO] [811/1000] 用时12.22秒。总用时:2.74小时。预计剩余时间:0.64小时
2026-01-30 14:05:37 [INFO] [812/1000] train: Loss/train: 0.0175, Acc/train: 99.48%, lr: 0.000087
2026-01-30 14:05:37 [INFO] GPU Reserved: 14500.0MB, GPU Allocated: 108.3MB
2026-01-30 14:05:40 [INFO] [812/1000] val: Loss/val: 0.0224, Acc/val: 99.30%, F1/val: 91.52%, IoU/val: 84.37%, lr: 0.000087
2026-01-30 14:05:40 [INFO] [812/1000] 用时12.19秒。总用时:2.74小时。预计剩余时间:0.63小时
2026-01-30 14:05:49 [INFO] [813/1000] train: Loss/train: 0.0186, Acc/train: 99.44%, lr: 0.000086
2026-01-30 14:05:49 [INFO] GPU Reserved: 14500.0MB, GPU Allocated: 108.3MB
2026-01-30 14:05:52 [INFO] [813/1000] val: Loss/val: 0.0222, Acc/val: 99.30%, F1/val: 91.53%, IoU/val: 84.38%, lr: 0.000086
2026-01-30 14:05:52 [INFO] [813/1000] 用时12.16秒。总用时:2.75小时。预计剩余时间:0.63小时
2026-01-30 14:06:01 [INFO] [814/1000] train: Loss/train: 0.0177, Acc/train: 99.47%, lr: 0.000085
2026-01-30 14:06:01 [INFO] GPU Reserved: 14500.0MB, GPU Allocated: 108.3MB
2026-01-30 14:06:04 [INFO] [814/1000] val: Loss/val: 0.0224, Acc/val: 99.29%, F1/val: 91.49%, IoU/val: 84.32%, lr: 0.000085
2026-01-30 14:06:04 [INFO] [814/1000] 用时12.17秒。总用时:2.75小时。预计剩余时间:0.63小时
2026-01-30 14:06:14 [INFO] [815/1000] train: Loss/train: 0.0178, Acc/train: 99.47%, lr: 0.000085
2026-01-30 14:06:14 [INFO] GPU Reserved: 14500.0MB, GPU Allocated: 108.3MB
2026-01-30 14:06:16 [INFO] [815/1000] val: Loss/val: 0.0220, Acc/val: 99.30%, F1/val: 91.45%, IoU/val: 84.24%, lr: 0.000085
2026-01-30 14:06:16 [INFO] [815/1000] 用时12.27秒。总用时:2.75小时。预计剩余时间:0.62小时
2026-01-30 14:06:26 [INFO] [816/1000] train: Loss/train: 0.0177, Acc/train: 99.47%, lr: 0.000084
2026-01-30 14:06:26 [INFO] GPU Reserved: 14500.0MB, GPU Allocated: 108.3MB
2026-01-30 14:06:29 [INFO] [816/1000] val: Loss/val: 0.0221, Acc/val: 99.31%, F1/val: 91.53%, IoU/val: 84.39%, lr: 0.000084
2026-01-30 14:06:29 [INFO] [816/1000] 用时12.17秒。总用时:2.76小时。预计剩余时间:0.62小时
2026-01-30 14:06:38 [INFO] [817/1000] train: Loss/train: 0.0175, Acc/train: 99.48%, lr: 0.000083
2026-01-30 14:06:38 [INFO] GPU Reserved: 14500.0MB, GPU Allocated: 108.3MB
2026-01-30 14:06:41 [INFO] [817/1000] val: Loss/val: 0.0223, Acc/val: 99.30%, F1/val: 91.46%, IoU/val: 84.26%, lr: 0.000083
2026-01-30 14:06:41 [INFO] [817/1000] 用时12.24秒。总用时:2.76小时。预计剩余时间:0.62小时
2026-01-30 14:06:50 [INFO] [818/1000] train: Loss/train: 0.0175, Acc/train: 99.48%, lr: 0.000082
2026-01-30 14:06:50 [INFO] GPU Reserved: 14500.0MB, GPU Allocated: 108.3MB
2026-01-30 14:06:53 [INFO] [818/1000] val: Loss/val: 0.0223, Acc/val: 99.30%, F1/val: 91.52%, IoU/val: 84.36%, lr: 0.000082
2026-01-30 14:06:53 [INFO] [818/1000] 用时12.28秒。总用时:2.76小时。预计剩余时间:0.61小时
2026-01-30 14:07:03 [INFO] [819/1000] train: Loss/train: 0.0180, Acc/train: 99.46%, lr: 0.000081
2026-01-30 14:07:03 [INFO] GPU Reserved: 14500.0MB, GPU Allocated: 108.3MB
2026-01-30 14:07:05 [INFO] [819/1000] val: Loss/val: 0.0220, Acc/val: 99.30%, F1/val: 91.56%, IoU/val: 84.43%, lr: 0.000081
2026-01-30 14:07:05 [INFO] [819/1000] 用时12.20秒。总用时:2.77小时。预计剩余时间:0.61小时
2026-01-30 14:07:15 [INFO] [820/1000] train: Loss/train: 0.0188, Acc/train: 99.44%, lr: 0.000080
2026-01-30 14:07:15 [INFO] GPU Reserved: 14500.0MB, GPU Allocated: 108.3MB
2026-01-30 14:07:18 [INFO] [820/1000] val: Loss/val: 0.0226, Acc/val: 99.29%, F1/val: 91.38%, IoU/val: 84.13%, lr: 0.000080
2026-01-30 14:07:18 [INFO] [820/1000] 用时12.23秒。总用时:2.77小时。预计剩余时间:0.61小时
2026-01-30 14:07:27 [INFO] [821/1000] train: Loss/train: 0.0169, Acc/train: 99.50%, lr: 0.000079
2026-01-30 14:07:27 [INFO] GPU Reserved: 14500.0MB, GPU Allocated: 108.3MB
2026-01-30 14:07:30 [INFO] [821/1000] val: Loss/val: 0.0219, Acc/val: 99.30%, F1/val: 91.55%, IoU/val: 84.42%, lr: 0.000079
2026-01-30 14:07:30 [INFO] [821/1000] 用时12.34秒。总用时:2.77小时。预计剩余时间:0.60小时
2026-01-30 14:07:39 [INFO] [822/1000] train: Loss/train: 0.0188, Acc/train: 99.44%, lr: 0.000078
2026-01-30 14:07:39 [INFO] GPU Reserved: 14500.0MB, GPU Allocated: 108.3MB
2026-01-30 14:07:42 [INFO] [822/1000] val: Loss/val: 0.0218, Acc/val: 99.30%, F1/val: 91.54%, IoU/val: 84.39%, lr: 0.000078
2026-01-30 14:07:42 [INFO] [822/1000] 用时12.13秒。总用时:2.78小时。预计剩余时间:0.60小时
2026-01-30 14:07:51 [INFO] [823/1000] train: Loss/train: 0.0184, Acc/train: 99.45%, lr: 0.000078
2026-01-30 14:07:51 [INFO] GPU Reserved: 14500.0MB, GPU Allocated: 108.3MB
2026-01-30 14:07:54 [INFO] [823/1000] val: Loss/val: 0.0218, Acc/val: 99.31%, F1/val: 91.56%, IoU/val: 84.43%, lr: 0.000078
2026-01-30 14:07:54 [INFO] [823/1000] 用时12.08秒。总用时:2.78小时。预计剩余时间:0.60小时
2026-01-30 14:08:03 [INFO] [824/1000] train: Loss/train: 0.0193, Acc/train: 99.43%, lr: 0.000077
2026-01-30 14:08:03 [INFO] GPU Reserved: 14500.0MB, GPU Allocated: 108.3MB
2026-01-30 14:08:06 [INFO] [824/1000] val: Loss/val: 0.0219, Acc/val: 99.31%, F1/val: 91.64%, IoU/val: 84.57%, lr: 0.000077
2026-01-30 14:08:06 [INFO] [824/1000] 用时12.11秒。总用时:2.78小时。预计剩余时间:0.59小时
2026-01-30 14:08:16 [INFO] [825/1000] train: Loss/train: 0.0189, Acc/train: 99.43%, lr: 0.000076
2026-01-30 14:08:16 [INFO] GPU Reserved: 14500.0MB, GPU Allocated: 108.3MB
2026-01-30 14:08:18 [INFO] [825/1000] val: Loss/val: 0.0218, Acc/val: 99.31%, F1/val: 91.62%, IoU/val: 84.53%, lr: 0.000076
2026-01-30 14:08:18 [INFO] [825/1000] 用时12.16秒。总用时:2.79小时。预计剩余时间:0.59小时
2026-01-30 14:08:28 [INFO] [826/1000] train: Loss/train: 0.0182, Acc/train: 99.46%, lr: 0.000075
2026-01-30 14:08:28 [INFO] GPU Reserved: 14500.0MB, GPU Allocated: 108.3MB
2026-01-30 14:08:31 [INFO] [826/1000] val: Loss/val: 0.0218, Acc/val: 99.31%, F1/val: 91.59%, IoU/val: 84.49%, lr: 0.000075
2026-01-30 14:08:31 [INFO] [826/1000] 用时12.25秒。总用时:2.79小时。预计剩余时间:0.59小时
2026-01-30 14:08:40 [INFO] [827/1000] train: Loss/train: 0.0183, Acc/train: 99.46%, lr: 0.000074
2026-01-30 14:08:40 [INFO] GPU Reserved: 14500.0MB, GPU Allocated: 108.3MB
2026-01-30 14:08:43 [INFO] [827/1000] val: Loss/val: 0.0217, Acc/val: 99.31%, F1/val: 91.68%, IoU/val: 84.63%, lr: 0.000074
2026-01-30 14:08:43 [INFO] [827/1000] 用时12.31秒。总用时:2.79小时。预计剩余时间:0.58小时
2026-01-30 14:08:52 [INFO] [828/1000] train: Loss/train: 0.0181, Acc/train: 99.46%, lr: 0.000073
2026-01-30 14:08:52 [INFO] GPU Reserved: 14500.0MB, GPU Allocated: 108.3MB
2026-01-30 14:08:55 [INFO] [828/1000] val: Loss/val: 0.0223, Acc/val: 99.30%, F1/val: 91.49%, IoU/val: 84.32%, lr: 0.000073
2026-01-30 14:08:55 [INFO] [828/1000] 用时12.27秒。总用时:2.80小时。预计剩余时间:0.58小时
2026-01-30 14:09:05 [INFO] [829/1000] train: Loss/train: 0.0194, Acc/train: 99.42%, lr: 0.000073
2026-01-30 14:09:05 [INFO] GPU Reserved: 14500.0MB, GPU Allocated: 108.3MB
2026-01-30 14:09:08 [INFO] [829/1000] val: Loss/val: 0.0221, Acc/val: 99.30%, F1/val: 91.51%, IoU/val: 84.35%, lr: 0.000073
2026-01-30 14:09:08 [INFO] [829/1000] 用时12.34秒。总用时:2.80小时。预计剩余时间:0.58小时
2026-01-30 14:09:17 [INFO] [830/1000] train: Loss/train: 0.0183, Acc/train: 99.46%, lr: 0.000072
2026-01-30 14:09:17 [INFO] GPU Reserved: 14500.0MB, GPU Allocated: 108.3MB
2026-01-30 14:09:20 [INFO] [830/1000] val: Loss/val: 0.0216, Acc/val: 99.31%, F1/val: 91.62%, IoU/val: 84.54%, lr: 0.000072
2026-01-30 14:09:20 [INFO] [830/1000] 用时12.17秒。总用时:2.80小时。预计剩余时间:0.57小时
2026-01-30 14:09:29 [INFO] [831/1000] train: Loss/train: 0.0186, Acc/train: 99.44%, lr: 0.000071
2026-01-30 14:09:29 [INFO] GPU Reserved: 14500.0MB, GPU Allocated: 108.3MB
2026-01-30 14:09:32 [INFO] [831/1000] val: Loss/val: 0.0221, Acc/val: 99.30%, F1/val: 91.49%, IoU/val: 84.32%, lr: 0.000071
2026-01-30 14:09:32 [INFO] [831/1000] 用时12.32秒。总用时:2.81小时。预计剩余时间:0.57小时
2026-01-30 14:09:41 [INFO] [832/1000] train: Loss/train: 0.0183, Acc/train: 99.45%, lr: 0.000070
2026-01-30 14:09:41 [INFO] GPU Reserved: 14500.0MB, GPU Allocated: 108.3MB
2026-01-30 14:09:44 [INFO] [832/1000] val: Loss/val: 0.0224, Acc/val: 99.30%, F1/val: 91.52%, IoU/val: 84.37%, lr: 0.000070
2026-01-30 14:09:44 [INFO] [832/1000] 用时12.30秒。总用时:2.81小时。预计剩余时间:0.57小时
2026-01-30 14:09:54 [INFO] [833/1000] train: Loss/train: 0.0191, Acc/train: 99.43%, lr: 0.000069
2026-01-30 14:09:54 [INFO] GPU Reserved: 14500.0MB, GPU Allocated: 108.3MB
2026-01-30 14:09:56 [INFO] [833/1000] val: Loss/val: 0.0228, Acc/val: 99.29%, F1/val: 91.41%, IoU/val: 84.17%, lr: 0.000069
2026-01-30 14:09:56 [INFO] [833/1000] 用时12.04秒。总用时:2.81小时。预计剩余时间:0.56小时
2026-01-30 14:10:06 [INFO] [834/1000] train: Loss/train: 0.0175, Acc/train: 99.48%, lr: 0.000068
2026-01-30 14:10:06 [INFO] GPU Reserved: 14500.0MB, GPU Allocated: 108.3MB
2026-01-30 14:10:08 [INFO] [834/1000] val: Loss/val: 0.0221, Acc/val: 99.30%, F1/val: 91.56%, IoU/val: 84.44%, lr: 0.000068
2026-01-30 14:10:08 [INFO] [834/1000] 用时12.06秒。总用时:2.82小时。预计剩余时间:0.56小时
2026-01-30 14:10:18 [INFO] [835/1000] train: Loss/train: 0.0175, Acc/train: 99.48%, lr: 0.000068
2026-01-30 14:10:18 [INFO] GPU Reserved: 14500.0MB, GPU Allocated: 108.3MB
2026-01-30 14:10:21 [INFO] [835/1000] val: Loss/val: 0.0220, Acc/val: 99.31%, F1/val: 91.64%, IoU/val: 84.57%, lr: 0.000068
2026-01-30 14:10:21 [INFO] [835/1000] 用时12.34秒。总用时:2.82小时。预计剩余时间:0.56小时
2026-01-30 14:10:30 [INFO] [836/1000] train: Loss/train: 0.0177, Acc/train: 99.47%, lr: 0.000067
2026-01-30 14:10:30 [INFO] GPU Reserved: 14500.0MB, GPU Allocated: 108.3MB
2026-01-30 14:10:33 [INFO] [836/1000] val: Loss/val: 0.0226, Acc/val: 99.30%, F1/val: 91.53%, IoU/val: 84.38%, lr: 0.000067
2026-01-30 14:10:33 [INFO] [836/1000] 用时12.20秒。总用时:2.82小时。预计剩余时间:0.55小时
2026-01-30 14:10:42 [INFO] [837/1000] train: Loss/train: 0.0181, Acc/train: 99.46%, lr: 0.000066
2026-01-30 14:10:42 [INFO] GPU Reserved: 14500.0MB, GPU Allocated: 108.3MB
2026-01-30 14:10:45 [INFO] [837/1000] val: Loss/val: 0.0222, Acc/val: 99.31%, F1/val: 91.64%, IoU/val: 84.58%, lr: 0.000066
2026-01-30 14:10:45 [INFO] [837/1000] 用时12.27秒。总用时:2.83小时。预计剩余时间:0.55小时
2026-01-30 14:10:55 [INFO] [838/1000] train: Loss/train: 0.0177, Acc/train: 99.47%, lr: 0.000065
2026-01-30 14:10:55 [INFO] GPU Reserved: 14500.0MB, GPU Allocated: 108.3MB
2026-01-30 14:10:57 [INFO] [838/1000] val: Loss/val: 0.0222, Acc/val: 99.31%, F1/val: 91.64%, IoU/val: 84.57%, lr: 0.000065
2026-01-30 14:10:57 [INFO] [838/1000] 用时12.15秒。总用时:2.83小时。预计剩余时间:0.55小时
2026-01-30 14:11:07 [INFO] [839/1000] train: Loss/train: 0.0185, Acc/train: 99.45%, lr: 0.000064
2026-01-30 14:11:07 [INFO] GPU Reserved: 14500.0MB, GPU Allocated: 108.3MB
2026-01-30 14:11:10 [INFO] [839/1000] val: Loss/val: 0.0218, Acc/val: 99.32%, F1/val: 91.69%, IoU/val: 84.66%, lr: 0.000064
2026-01-30 14:11:10 [INFO] [839/1000] 用时12.25秒。总用时:2.83小时。预计剩余时间:0.54小时
2026-01-30 14:11:19 [INFO] [840/1000] train: Loss/train: 0.0184, Acc/train: 99.45%, lr: 0.000064
2026-01-30 14:11:19 [INFO] GPU Reserved: 14500.0MB, GPU Allocated: 108.3MB
2026-01-30 14:11:22 [INFO] [840/1000] val: Loss/val: 0.0224, Acc/val: 99.31%, F1/val: 91.58%, IoU/val: 84.46%, lr: 0.000064
2026-01-30 14:11:22 [INFO] [840/1000] 用时11.96秒。总用时:2.84小时。预计剩余时间:0.54小时
2026-01-30 14:11:31 [INFO] [841/1000] train: Loss/train: 0.0183, Acc/train: 99.46%, lr: 0.000063
2026-01-30 14:11:31 [INFO] GPU Reserved: 14500.0MB, GPU Allocated: 108.3MB
2026-01-30 14:11:34 [INFO] [841/1000] val: Loss/val: 0.0219, Acc/val: 99.31%, F1/val: 91.61%, IoU/val: 84.51%, lr: 0.000063
2026-01-30 14:11:34 [INFO] [841/1000] 用时12.31秒。总用时:2.84小时。预计剩余时间:0.54小时
2026-01-30 14:11:43 [INFO] [842/1000] train: Loss/train: 0.0179, Acc/train: 99.47%, lr: 0.000062
2026-01-30 14:11:43 [INFO] GPU Reserved: 14500.0MB, GPU Allocated: 108.3MB
2026-01-30 14:11:46 [INFO] [842/1000] val: Loss/val: 0.0220, Acc/val: 99.31%, F1/val: 91.61%, IoU/val: 84.53%, lr: 0.000062
2026-01-30 14:11:46 [INFO] [842/1000] 用时12.22秒。总用时:2.84小时。预计剩余时间:0.53小时
2026-01-30 14:11:56 [INFO] [843/1000] train: Loss/train: 0.0173, Acc/train: 99.48%, lr: 0.000061
2026-01-30 14:11:56 [INFO] GPU Reserved: 14500.0MB, GPU Allocated: 108.3MB
2026-01-30 14:11:58 [INFO] [843/1000] val: Loss/val: 0.0223, Acc/val: 99.31%, F1/val: 91.58%, IoU/val: 84.47%, lr: 0.000061
2026-01-30 14:11:58 [INFO] [843/1000] 用时12.17秒。总用时:2.85小时。预计剩余时间:0.53小时
2026-01-30 14:12:08 [INFO] [844/1000] train: Loss/train: 0.0168, Acc/train: 99.50%, lr: 0.000061
2026-01-30 14:12:08 [INFO] GPU Reserved: 14500.0MB, GPU Allocated: 108.3MB
2026-01-30 14:12:11 [INFO] [844/1000] val: Loss/val: 0.0224, Acc/val: 99.30%, F1/val: 91.57%, IoU/val: 84.45%, lr: 0.000061
2026-01-30 14:12:11 [INFO] [844/1000] 用时12.21秒。总用时:2.85小时。预计剩余时间:0.53小时
2026-01-30 14:12:20 [INFO] [845/1000] train: Loss/train: 0.0184, Acc/train: 99.45%, lr: 0.000060
2026-01-30 14:12:20 [INFO] GPU Reserved: 14500.0MB, GPU Allocated: 108.3MB
2026-01-30 14:12:23 [INFO] [845/1000] val: Loss/val: 0.0221, Acc/val: 99.31%, F1/val: 91.59%, IoU/val: 84.49%, lr: 0.000060
2026-01-30 14:12:23 [INFO] [845/1000] 用时12.02秒。总用时:2.85小时。预计剩余时间:0.52小时
2026-01-30 14:12:32 [INFO] [846/1000] train: Loss/train: 0.0182, Acc/train: 99.46%, lr: 0.000059
2026-01-30 14:12:32 [INFO] GPU Reserved: 14500.0MB, GPU Allocated: 108.3MB
2026-01-30 14:12:35 [INFO] [846/1000] val: Loss/val: 0.0221, Acc/val: 99.31%, F1/val: 91.59%, IoU/val: 84.49%, lr: 0.000059
2026-01-30 14:12:35 [INFO] [846/1000] 用时12.32秒。总用时:2.86小时。预计剩余时间:0.52小时
2026-01-30 14:12:44 [INFO] [847/1000] train: Loss/train: 0.0175, Acc/train: 99.48%, lr: 0.000058
2026-01-30 14:12:44 [INFO] GPU Reserved: 14500.0MB, GPU Allocated: 108.3MB
2026-01-30 14:12:47 [INFO] [847/1000] val: Loss/val: 0.0222, Acc/val: 99.31%, F1/val: 91.59%, IoU/val: 84.49%, lr: 0.000058
2026-01-30 14:12:47 [INFO] [847/1000] 用时12.04秒。总用时:2.86小时。预计剩余时间:0.52小时
2026-01-30 14:12:56 [INFO] [848/1000] train: Loss/train: 0.0186, Acc/train: 99.44%, lr: 0.000058
2026-01-30 14:12:56 [INFO] GPU Reserved: 14500.0MB, GPU Allocated: 108.3MB
2026-01-30 14:12:59 [INFO] [848/1000] val: Loss/val: 0.0222, Acc/val: 99.31%, F1/val: 91.56%, IoU/val: 84.44%, lr: 0.000058
2026-01-30 14:12:59 [INFO] [848/1000] 用时12.25秒。总用时:2.86小时。预计剩余时间:0.51小时
2026-01-30 14:13:09 [INFO] [849/1000] train: Loss/train: 0.0184, Acc/train: 99.45%, lr: 0.000057
2026-01-30 14:13:09 [INFO] GPU Reserved: 14500.0MB, GPU Allocated: 108.3MB
2026-01-30 14:13:11 [INFO] [849/1000] val: Loss/val: 0.0228, Acc/val: 99.30%, F1/val: 91.48%, IoU/val: 84.30%, lr: 0.000057
2026-01-30 14:13:11 [INFO] [849/1000] 用时12.25秒。总用时:2.87小时。预计剩余时间:0.51小时
2026-01-30 14:13:21 [INFO] [850/1000] train: Loss/train: 0.0180, Acc/train: 99.46%, lr: 0.000056
2026-01-30 14:13:21 [INFO] GPU Reserved: 14500.0MB, GPU Allocated: 108.3MB
2026-01-30 14:13:24 [INFO] [850/1000] val: Loss/val: 0.0225, Acc/val: 99.30%, F1/val: 91.49%, IoU/val: 84.31%, lr: 0.000056
2026-01-30 14:13:24 [INFO] [850/1000] 用时12.35秒。总用时:2.87小时。预计剩余时间:0.51小时
2026-01-30 14:13:33 [INFO] [851/1000] train: Loss/train: 0.0173, Acc/train: 99.48%, lr: 0.000055
2026-01-30 14:13:33 [INFO] GPU Reserved: 14500.0MB, GPU Allocated: 108.3MB
2026-01-30 14:13:36 [INFO] [851/1000] val: Loss/val: 0.0223, Acc/val: 99.30%, F1/val: 91.51%, IoU/val: 84.35%, lr: 0.000055
2026-01-30 14:13:36 [INFO] [851/1000] 用时12.25秒。总用时:2.87小时。预计剩余时间:0.50小时
2026-01-30 14:13:45 [INFO] [852/1000] train: Loss/train: 0.0180, Acc/train: 99.46%, lr: 0.000055
2026-01-30 14:13:45 [INFO] GPU Reserved: 14500.0MB, GPU Allocated: 108.3MB
2026-01-30 14:13:48 [INFO] [852/1000] val: Loss/val: 0.0227, Acc/val: 99.28%, F1/val: 91.31%, IoU/val: 84.01%, lr: 0.000055
2026-01-30 14:13:48 [INFO] [852/1000] 用时12.29秒。总用时:2.88小时。预计剩余时间:0.50小时
2026-01-30 14:13:58 [INFO] [853/1000] train: Loss/train: 0.0169, Acc/train: 99.50%, lr: 0.000054
2026-01-30 14:13:58 [INFO] GPU Reserved: 14500.0MB, GPU Allocated: 108.3MB
2026-01-30 14:14:01 [INFO] [853/1000] val: Loss/val: 0.0222, Acc/val: 99.30%, F1/val: 91.54%, IoU/val: 84.40%, lr: 0.000054
2026-01-30 14:14:01 [INFO] [853/1000] 用时12.18秒。总用时:2.88小时。预计剩余时间:0.50小时
2026-01-30 14:14:10 [INFO] [854/1000] train: Loss/train: 0.0178, Acc/train: 99.46%, lr: 0.000053
2026-01-30 14:14:10 [INFO] GPU Reserved: 14500.0MB, GPU Allocated: 108.3MB
2026-01-30 14:14:13 [INFO] [854/1000] val: Loss/val: 0.0227, Acc/val: 99.30%, F1/val: 91.47%, IoU/val: 84.28%, lr: 0.000053
2026-01-30 14:14:13 [INFO] [854/1000] 用时12.00秒。总用时:2.88小时。预计剩余时间:0.49小时
2026-01-30 14:14:22 [INFO] [855/1000] train: Loss/train: 0.0174, Acc/train: 99.48%, lr: 0.000053
2026-01-30 14:14:22 [INFO] GPU Reserved: 14500.0MB, GPU Allocated: 108.3MB
2026-01-30 14:14:25 [INFO] [855/1000] val: Loss/val: 0.0222, Acc/val: 99.31%, F1/val: 91.58%, IoU/val: 84.47%, lr: 0.000053
2026-01-30 14:14:25 [INFO] [855/1000] 用时12.37秒。总用时:2.89小时。预计剩余时间:0.49小时
2026-01-30 14:14:34 [INFO] [856/1000] train: Loss/train: 0.0177, Acc/train: 99.47%, lr: 0.000052
2026-01-30 14:14:34 [INFO] GPU Reserved: 14500.0MB, GPU Allocated: 108.3MB
2026-01-30 14:14:37 [INFO] [856/1000] val: Loss/val: 0.0219, Acc/val: 99.31%, F1/val: 91.58%, IoU/val: 84.47%, lr: 0.000052
2026-01-30 14:14:37 [INFO] [856/1000] 用时12.32秒。总用时:2.89小时。预计剩余时间:0.49小时
2026-01-30 14:14:47 [INFO] [857/1000] train: Loss/train: 0.0192, Acc/train: 99.43%, lr: 0.000051
2026-01-30 14:14:47 [INFO] GPU Reserved: 14500.0MB, GPU Allocated: 108.3MB
2026-01-30 14:14:49 [INFO] [857/1000] val: Loss/val: 0.0222, Acc/val: 99.30%, F1/val: 91.55%, IoU/val: 84.41%, lr: 0.000051
2026-01-30 14:14:49 [INFO] [857/1000] 用时12.28秒。总用时:2.90小时。预计剩余时间:0.48小时
2026-01-30 14:14:59 [INFO] [858/1000] train: Loss/train: 0.0177, Acc/train: 99.47%, lr: 0.000050
2026-01-30 14:14:59 [INFO] GPU Reserved: 14500.0MB, GPU Allocated: 108.3MB
2026-01-30 14:15:02 [INFO] [858/1000] val: Loss/val: 0.0224, Acc/val: 99.30%, F1/val: 91.51%, IoU/val: 84.34%, lr: 0.000050
2026-01-30 14:15:02 [INFO] [858/1000] 用时12.17秒。总用时:2.90小时。预计剩余时间:0.48小时
2026-01-30 14:15:11 [INFO] [859/1000] train: Loss/train: 0.0181, Acc/train: 99.46%, lr: 0.000050
2026-01-30 14:15:11 [INFO] GPU Reserved: 14500.0MB, GPU Allocated: 108.3MB
2026-01-30 14:15:14 [INFO] [859/1000] val: Loss/val: 0.0221, Acc/val: 99.31%, F1/val: 91.61%, IoU/val: 84.52%, lr: 0.000050
2026-01-30 14:15:14 [INFO] [859/1000] 用时12.29秒。总用时:2.90小时。预计剩余时间:0.48小时
2026-01-30 14:15:23 [INFO] [860/1000] train: Loss/train: 0.0181, Acc/train: 99.46%, lr: 0.000049
2026-01-30 14:15:23 [INFO] GPU Reserved: 14500.0MB, GPU Allocated: 108.3MB
2026-01-30 14:15:26 [INFO] [860/1000] val: Loss/val: 0.0219, Acc/val: 99.31%, F1/val: 91.61%, IoU/val: 84.51%, lr: 0.000049
2026-01-30 14:15:26 [INFO] [860/1000] 用时12.15秒。总用时:2.91小时。预计剩余时间:0.47小时
2026-01-30 14:15:35 [INFO] [861/1000] train: Loss/train: 0.0185, Acc/train: 99.45%, lr: 0.000048
2026-01-30 14:15:35 [INFO] GPU Reserved: 14500.0MB, GPU Allocated: 108.3MB
2026-01-30 14:15:38 [INFO] [861/1000] val: Loss/val: 0.0218, Acc/val: 99.31%, F1/val: 91.64%, IoU/val: 84.57%, lr: 0.000048
2026-01-30 14:15:38 [INFO] [861/1000] 用时11.96秒。总用时:2.91小时。预计剩余时间:0.47小时
2026-01-30 14:15:47 [INFO] [862/1000] train: Loss/train: 0.0178, Acc/train: 99.47%, lr: 0.000048
2026-01-30 14:15:47 [INFO] GPU Reserved: 14500.0MB, GPU Allocated: 108.3MB
2026-01-30 14:15:50 [INFO] [862/1000] val: Loss/val: 0.0217, Acc/val: 99.31%, F1/val: 91.65%, IoU/val: 84.59%, lr: 0.000048
2026-01-30 14:15:50 [INFO] [862/1000] 用时12.01秒。总用时:2.91小时。预计剩余时间:0.47小时
2026-01-30 14:15:59 [INFO] [863/1000] train: Loss/train: 0.0188, Acc/train: 99.44%, lr: 0.000047
2026-01-30 14:15:59 [INFO] GPU Reserved: 14500.0MB, GPU Allocated: 108.3MB
2026-01-30 14:16:02 [INFO] [863/1000] val: Loss/val: 0.0222, Acc/val: 99.30%, F1/val: 91.53%, IoU/val: 84.38%, lr: 0.000047
2026-01-30 14:16:02 [INFO] [863/1000] 用时12.26秒。总用时:2.92小时。预计剩余时间:0.46小时
2026-01-30 14:16:12 [INFO] [864/1000] train: Loss/train: 0.0177, Acc/train: 99.47%, lr: 0.000046
2026-01-30 14:16:12 [INFO] GPU Reserved: 14500.0MB, GPU Allocated: 108.3MB
2026-01-30 14:16:14 [INFO] [864/1000] val: Loss/val: 0.0223, Acc/val: 99.30%, F1/val: 91.47%, IoU/val: 84.29%, lr: 0.000046
2026-01-30 14:16:14 [INFO] [864/1000] 用时12.10秒。总用时:2.92小时。预计剩余时间:0.46小时
2026-01-30 14:16:24 [INFO] [865/1000] train: Loss/train: 0.0180, Acc/train: 99.46%, lr: 0.000046
2026-01-30 14:16:24 [INFO] GPU Reserved: 14500.0MB, GPU Allocated: 108.3MB
2026-01-30 14:16:26 [INFO] [865/1000] val: Loss/val: 0.0219, Acc/val: 99.30%, F1/val: 91.51%, IoU/val: 84.35%, lr: 0.000046
2026-01-30 14:16:26 [INFO] [865/1000] 用时11.94秒。总用时:2.92小时。预计剩余时间:0.46小时
2026-01-30 14:16:36 [INFO] [866/1000] train: Loss/train: 0.0179, Acc/train: 99.47%, lr: 0.000045
2026-01-30 14:16:36 [INFO] GPU Reserved: 14500.0MB, GPU Allocated: 108.3MB
2026-01-30 14:16:39 [INFO] [866/1000] val: Loss/val: 0.0218, Acc/val: 99.30%, F1/val: 91.54%, IoU/val: 84.41%, lr: 0.000045
2026-01-30 14:16:39 [INFO] [866/1000] 用时12.18秒。总用时:2.93小时。预计剩余时间:0.45小时
2026-01-30 14:16:48 [INFO] [867/1000] train: Loss/train: 0.0177, Acc/train: 99.47%, lr: 0.000044
2026-01-30 14:16:48 [INFO] GPU Reserved: 14500.0MB, GPU Allocated: 108.3MB
2026-01-30 14:16:51 [INFO] [867/1000] val: Loss/val: 0.0222, Acc/val: 99.31%, F1/val: 91.58%, IoU/val: 84.46%, lr: 0.000044
2026-01-30 14:16:51 [INFO] [867/1000] 用时12.04秒。总用时:2.93小时。预计剩余时间:0.45小时
2026-01-30 14:17:00 [INFO] [868/1000] train: Loss/train: 0.0181, Acc/train: 99.46%, lr: 0.000044
2026-01-30 14:17:00 [INFO] GPU Reserved: 14500.0MB, GPU Allocated: 108.3MB
2026-01-30 14:17:03 [INFO] [868/1000] val: Loss/val: 0.0223, Acc/val: 99.31%, F1/val: 91.56%, IoU/val: 84.44%, lr: 0.000044
2026-01-30 14:17:03 [INFO] [868/1000] 用时12.07秒。总用时:2.93小时。预计剩余时间:0.45小时
2026-01-30 14:17:12 [INFO] [869/1000] train: Loss/train: 0.0180, Acc/train: 99.46%, lr: 0.000043
2026-01-30 14:17:12 [INFO] GPU Reserved: 14500.0MB, GPU Allocated: 108.3MB
2026-01-30 14:17:15 [INFO] [869/1000] val: Loss/val: 0.0222, Acc/val: 99.31%, F1/val: 91.59%, IoU/val: 84.49%, lr: 0.000043
2026-01-30 14:17:15 [INFO] [869/1000] 用时12.11秒。总用时:2.94小时。预计剩余时间:0.44小时
2026-01-30 14:17:24 [INFO] [870/1000] train: Loss/train: 0.0179, Acc/train: 99.46%, lr: 0.000042
2026-01-30 14:17:24 [INFO] GPU Reserved: 14500.0MB, GPU Allocated: 108.3MB
2026-01-30 14:17:27 [INFO] [870/1000] val: Loss/val: 0.0223, Acc/val: 99.30%, F1/val: 91.51%, IoU/val: 84.35%, lr: 0.000042
2026-01-30 14:17:27 [INFO] [870/1000] 用时12.36秒。总用时:2.94小时。预计剩余时间:0.44小时
2026-01-30 14:17:36 [INFO] [871/1000] train: Loss/train: 0.0178, Acc/train: 99.47%, lr: 0.000042
2026-01-30 14:17:36 [INFO] GPU Reserved: 14500.0MB, GPU Allocated: 108.3MB
2026-01-30 14:17:39 [INFO] [871/1000] val: Loss/val: 0.0222, Acc/val: 99.31%, F1/val: 91.64%, IoU/val: 84.57%, lr: 0.000042
2026-01-30 14:17:39 [INFO] [871/1000] 用时12.04秒。总用时:2.94小时。预计剩余时间:0.44小时
2026-01-30 14:17:48 [INFO] [872/1000] train: Loss/train: 0.0186, Acc/train: 99.44%, lr: 0.000041
2026-01-30 14:17:48 [INFO] GPU Reserved: 14500.0MB, GPU Allocated: 108.3MB
2026-01-30 14:17:51 [INFO] [872/1000] val: Loss/val: 0.0223, Acc/val: 99.31%, F1/val: 91.56%, IoU/val: 84.43%, lr: 0.000041
2026-01-30 14:17:51 [INFO] [872/1000] 用时12.06秒。总用时:2.95小时。预计剩余时间:0.43小时
2026-01-30 14:18:00 [INFO] [873/1000] train: Loss/train: 0.0173, Acc/train: 99.48%, lr: 0.000040
2026-01-30 14:18:00 [INFO] GPU Reserved: 14500.0MB, GPU Allocated: 108.3MB
2026-01-30 14:18:03 [INFO] [873/1000] val: Loss/val: 0.0224, Acc/val: 99.30%, F1/val: 91.53%, IoU/val: 84.38%, lr: 0.000040
2026-01-30 14:18:03 [INFO] [873/1000] 用时12.15秒。总用时:2.95小时。预计剩余时间:0.43小时
2026-01-30 14:18:13 [INFO] [874/1000] train: Loss/train: 0.0177, Acc/train: 99.47%, lr: 0.000040
2026-01-30 14:18:13 [INFO] GPU Reserved: 14500.0MB, GPU Allocated: 108.3MB
2026-01-30 14:18:16 [INFO] [874/1000] val: Loss/val: 0.0224, Acc/val: 99.30%, F1/val: 91.54%, IoU/val: 84.40%, lr: 0.000040
2026-01-30 14:18:16 [INFO] [874/1000] 用时12.17秒。总用时:2.95小时。预计剩余时间:0.43小时
2026-01-30 14:18:25 [INFO] [875/1000] train: Loss/train: 0.0181, Acc/train: 99.46%, lr: 0.000039
2026-01-30 14:18:25 [INFO] GPU Reserved: 14500.0MB, GPU Allocated: 108.3MB
2026-01-30 14:18:28 [INFO] [875/1000] val: Loss/val: 0.0222, Acc/val: 99.31%, F1/val: 91.58%, IoU/val: 84.47%, lr: 0.000039
2026-01-30 14:18:28 [INFO] [875/1000] 用时12.20秒。总用时:2.96小时。预计剩余时间:0.42小时
2026-01-30 14:18:37 [INFO] [876/1000] train: Loss/train: 0.0186, Acc/train: 99.45%, lr: 0.000039
2026-01-30 14:18:37 [INFO] GPU Reserved: 14500.0MB, GPU Allocated: 108.3MB
2026-01-30 14:18:40 [INFO] [876/1000] val: Loss/val: 0.0221, Acc/val: 99.31%, F1/val: 91.59%, IoU/val: 84.48%, lr: 0.000039
2026-01-30 14:18:40 [INFO] [876/1000] 用时12.26秒。总用时:2.96小时。预计剩余时间:0.42小时
2026-01-30 14:18:49 [INFO] [877/1000] train: Loss/train: 0.0174, Acc/train: 99.48%, lr: 0.000038
2026-01-30 14:18:49 [INFO] GPU Reserved: 14500.0MB, GPU Allocated: 108.3MB
2026-01-30 14:18:52 [INFO] [877/1000] val: Loss/val: 0.0220, Acc/val: 99.31%, F1/val: 91.60%, IoU/val: 84.51%, lr: 0.000038
2026-01-30 14:18:52 [INFO] [877/1000] 用时12.14秒。总用时:2.96小时。预计剩余时间:0.42小时
2026-01-30 14:19:02 [INFO] [878/1000] train: Loss/train: 0.0180, Acc/train: 99.47%, lr: 0.000037
2026-01-30 14:19:02 [INFO] GPU Reserved: 14500.0MB, GPU Allocated: 108.3MB
2026-01-30 14:19:05 [INFO] [878/1000] val: Loss/val: 0.0221, Acc/val: 99.31%, F1/val: 91.56%, IoU/val: 84.44%, lr: 0.000037
2026-01-30 14:19:05 [INFO] [878/1000] 用时12.39秒。总用时:2.97小时。预计剩余时间:0.41小时
2026-01-30 14:19:14 [INFO] [879/1000] train: Loss/train: 0.0172, Acc/train: 99.49%, lr: 0.000037
2026-01-30 14:19:14 [INFO] GPU Reserved: 14500.0MB, GPU Allocated: 108.3MB
2026-01-30 14:19:17 [INFO] [879/1000] val: Loss/val: 0.0221, Acc/val: 99.30%, F1/val: 91.55%, IoU/val: 84.42%, lr: 0.000037
2026-01-30 14:19:17 [INFO] [879/1000] 用时12.24秒。总用时:2.97小时。预计剩余时间:0.41小时
2026-01-30 14:19:26 [INFO] [880/1000] train: Loss/train: 0.0192, Acc/train: 99.42%, lr: 0.000036
2026-01-30 14:19:26 [INFO] GPU Reserved: 14500.0MB, GPU Allocated: 108.3MB
2026-01-30 14:19:29 [INFO] [880/1000] val: Loss/val: 0.0221, Acc/val: 99.31%, F1/val: 91.57%, IoU/val: 84.46%, lr: 0.000036
2026-01-30 14:19:29 [INFO] [880/1000] 用时12.29秒。总用时:2.97小时。预计剩余时间:0.41小时
2026-01-30 14:19:39 [INFO] [881/1000] train: Loss/train: 0.0183, Acc/train: 99.45%, lr: 0.000036
2026-01-30 14:19:39 [INFO] GPU Reserved: 14500.0MB, GPU Allocated: 108.3MB
2026-01-30 14:19:41 [INFO] [881/1000] val: Loss/val: 0.0221, Acc/val: 99.31%, F1/val: 91.57%, IoU/val: 84.45%, lr: 0.000036
2026-01-30 14:19:41 [INFO] [881/1000] 用时12.33秒。总用时:2.98小时。预计剩余时间:0.40小时
2026-01-30 14:19:51 [INFO] [882/1000] train: Loss/train: 0.0192, Acc/train: 99.43%, lr: 0.000035
2026-01-30 14:19:51 [INFO] GPU Reserved: 14500.0MB, GPU Allocated: 108.3MB
2026-01-30 14:19:54 [INFO] [882/1000] val: Loss/val: 0.0220, Acc/val: 99.31%, F1/val: 91.59%, IoU/val: 84.49%, lr: 0.000035
2026-01-30 14:19:54 [INFO] [882/1000] 用时12.12秒。总用时:2.98小时。预计剩余时间:0.40小时
2026-01-30 14:20:03 [INFO] [883/1000] train: Loss/train: 0.0178, Acc/train: 99.47%, lr: 0.000034
2026-01-30 14:20:03 [INFO] GPU Reserved: 14500.0MB, GPU Allocated: 108.3MB
2026-01-30 14:20:06 [INFO] [883/1000] val: Loss/val: 0.0220, Acc/val: 99.31%, F1/val: 91.61%, IoU/val: 84.51%, lr: 0.000034
2026-01-30 14:20:06 [INFO] [883/1000] 用时12.22秒。总用时:2.98小时。预计剩余时间:0.40小时
2026-01-30 14:20:15 [INFO] [884/1000] train: Loss/train: 0.0181, Acc/train: 99.46%, lr: 0.000034
2026-01-30 14:20:15 [INFO] GPU Reserved: 14500.0MB, GPU Allocated: 108.3MB
2026-01-30 14:20:18 [INFO] [884/1000] val: Loss/val: 0.0222, Acc/val: 99.31%, F1/val: 91.61%, IoU/val: 84.52%, lr: 0.000034
2026-01-30 14:20:18 [INFO] [884/1000] 用时12.19秒。总用时:2.99小时。预计剩余时间:0.39小时
2026-01-30 14:20:27 [INFO] [885/1000] train: Loss/train: 0.0179, Acc/train: 99.47%, lr: 0.000033
2026-01-30 14:20:27 [INFO] GPU Reserved: 14500.0MB, GPU Allocated: 108.3MB
2026-01-30 14:20:30 [INFO] [885/1000] val: Loss/val: 0.0219, Acc/val: 99.31%, F1/val: 91.60%, IoU/val: 84.50%, lr: 0.000033
2026-01-30 14:20:30 [INFO] [885/1000] 用时12.17秒。总用时:2.99小时。预计剩余时间:0.39小时
2026-01-30 14:20:39 [INFO] [886/1000] train: Loss/train: 0.0175, Acc/train: 99.48%, lr: 0.000033
2026-01-30 14:20:39 [INFO] GPU Reserved: 14500.0MB, GPU Allocated: 108.3MB
2026-01-30 14:20:42 [INFO] [886/1000] val: Loss/val: 0.0221, Acc/val: 99.30%, F1/val: 91.52%, IoU/val: 84.36%, lr: 0.000033
2026-01-30 14:20:42 [INFO] [886/1000] 用时12.21秒。总用时:2.99小时。预计剩余时间:0.39小时
2026-01-30 14:20:52 [INFO] [887/1000] train: Loss/train: 0.0189, Acc/train: 99.44%, lr: 0.000032
2026-01-30 14:20:52 [INFO] GPU Reserved: 14500.0MB, GPU Allocated: 108.3MB
2026-01-30 14:20:55 [INFO] [887/1000] val: Loss/val: 0.0219, Acc/val: 99.31%, F1/val: 91.58%, IoU/val: 84.47%, lr: 0.000032
2026-01-30 14:20:55 [INFO] [887/1000] 用时12.27秒。总用时:3.00小时。预计剩余时间:0.38小时
2026-01-30 14:21:04 [INFO] [888/1000] train: Loss/train: 0.0175, Acc/train: 99.48%, lr: 0.000032
2026-01-30 14:21:04 [INFO] GPU Reserved: 14500.0MB, GPU Allocated: 108.3MB
2026-01-30 14:21:07 [INFO] [888/1000] val: Loss/val: 0.0224, Acc/val: 99.30%, F1/val: 91.51%, IoU/val: 84.35%, lr: 0.000032
2026-01-30 14:21:07 [INFO] [888/1000] 用时12.03秒。总用时:3.00小时。预计剩余时间:0.38小时
2026-01-30 14:21:16 [INFO] [889/1000] train: Loss/train: 0.0176, Acc/train: 99.47%, lr: 0.000031
2026-01-30 14:21:16 [INFO] GPU Reserved: 14500.0MB, GPU Allocated: 108.3MB
2026-01-30 14:21:19 [INFO] [889/1000] val: Loss/val: 0.0224, Acc/val: 99.30%, F1/val: 91.51%, IoU/val: 84.35%, lr: 0.000031
2026-01-30 14:21:19 [INFO] [889/1000] 用时11.99秒。总用时:3.00小时。预计剩余时间:0.37小时
2026-01-30 14:21:28 [INFO] [890/1000] train: Loss/train: 0.0176, Acc/train: 99.48%, lr: 0.000030
2026-01-30 14:21:28 [INFO] GPU Reserved: 14500.0MB, GPU Allocated: 108.3MB
2026-01-30 14:21:31 [INFO] [890/1000] val: Loss/val: 0.0222, Acc/val: 99.30%, F1/val: 91.51%, IoU/val: 84.35%, lr: 0.000030
2026-01-30 14:21:31 [INFO] [890/1000] 用时12.24秒。总用时:3.01小时。预计剩余时间:0.37小时
2026-01-30 14:21:40 [INFO] [891/1000] train: Loss/train: 0.0191, Acc/train: 99.43%, lr: 0.000030
2026-01-30 14:21:40 [INFO] GPU Reserved: 14500.0MB, GPU Allocated: 108.3MB
2026-01-30 14:21:43 [INFO] [891/1000] val: Loss/val: 0.0222, Acc/val: 99.30%, F1/val: 91.51%, IoU/val: 84.35%, lr: 0.000030
2026-01-30 14:21:43 [INFO] [891/1000] 用时12.26秒。总用时:3.01小时。预计剩余时间:0.37小时
2026-01-30 14:21:52 [INFO] [892/1000] train: Loss/train: 0.0182, Acc/train: 99.46%, lr: 0.000029
2026-01-30 14:21:52 [INFO] GPU Reserved: 14500.0MB, GPU Allocated: 108.3MB
2026-01-30 14:21:55 [INFO] [892/1000] val: Loss/val: 0.0220, Acc/val: 99.31%, F1/val: 91.59%, IoU/val: 84.48%, lr: 0.000029
2026-01-30 14:21:55 [INFO] [892/1000] 用时12.28秒。总用时:3.01小时。预计剩余时间:0.36小时
2026-01-30 14:22:05 [INFO] [893/1000] train: Loss/train: 0.0178, Acc/train: 99.47%, lr: 0.000029
2026-01-30 14:22:05 [INFO] GPU Reserved: 14500.0MB, GPU Allocated: 108.3MB
2026-01-30 14:22:08 [INFO] [893/1000] val: Loss/val: 0.0223, Acc/val: 99.30%, F1/val: 91.53%, IoU/val: 84.39%, lr: 0.000029
2026-01-30 14:22:08 [INFO] [893/1000] 用时12.32秒。总用时:3.02小时。预计剩余时间:0.36小时
2026-01-30 14:22:17 [INFO] [894/1000] train: Loss/train: 0.0181, Acc/train: 99.47%, lr: 0.000028
2026-01-30 14:22:17 [INFO] GPU Reserved: 14500.0MB, GPU Allocated: 108.3MB
2026-01-30 14:22:20 [INFO] [894/1000] val: Loss/val: 0.0222, Acc/val: 99.31%, F1/val: 91.58%, IoU/val: 84.47%, lr: 0.000028
2026-01-30 14:22:20 [INFO] [894/1000] 用时12.14秒。总用时:3.02小时。预计剩余时间:0.36小时
2026-01-30 14:22:29 [INFO] [895/1000] train: Loss/train: 0.0181, Acc/train: 99.46%, lr: 0.000028
2026-01-30 14:22:29 [INFO] GPU Reserved: 14500.0MB, GPU Allocated: 108.3MB
2026-01-30 14:22:32 [INFO] [895/1000] val: Loss/val: 0.0225, Acc/val: 99.30%, F1/val: 91.49%, IoU/val: 84.32%, lr: 0.000028
2026-01-30 14:22:32 [INFO] [895/1000] 用时11.81秒。总用时:3.02小时。预计剩余时间:0.35小时
2026-01-30 14:22:41 [INFO] [896/1000] train: Loss/train: 0.0183, Acc/train: 99.45%, lr: 0.000027
2026-01-30 14:22:41 [INFO] GPU Reserved: 14500.0MB, GPU Allocated: 108.3MB
2026-01-30 14:22:44 [INFO] [896/1000] val: Loss/val: 0.0223, Acc/val: 99.30%, F1/val: 91.52%, IoU/val: 84.37%, lr: 0.000027
2026-01-30 14:22:44 [INFO] [896/1000] 用时11.95秒。总用时:3.03小时。预计剩余时间:0.35小时
2026-01-30 14:22:53 [INFO] [897/1000] train: Loss/train: 0.0187, Acc/train: 99.44%, lr: 0.000027
2026-01-30 14:22:53 [INFO] GPU Reserved: 14500.0MB, GPU Allocated: 108.3MB
2026-01-30 14:22:56 [INFO] [897/1000] val: Loss/val: 0.0223, Acc/val: 99.31%, F1/val: 91.61%, IoU/val: 84.52%, lr: 0.000027
2026-01-30 14:22:56 [INFO] [897/1000] 用时12.01秒。总用时:3.03小时。预计剩余时间:0.35小时
2026-01-30 14:23:05 [INFO] [898/1000] train: Loss/train: 0.0184, Acc/train: 99.45%, lr: 0.000026
2026-01-30 14:23:05 [INFO] GPU Reserved: 14500.0MB, GPU Allocated: 108.3MB
2026-01-30 14:23:08 [INFO] [898/1000] val: Loss/val: 0.0222, Acc/val: 99.31%, F1/val: 91.59%, IoU/val: 84.48%, lr: 0.000026
2026-01-30 14:23:08 [INFO] [898/1000] 用时12.37秒。总用时:3.03小时。预计剩余时间:0.34小时
2026-01-30 14:23:17 [INFO] [899/1000] train: Loss/train: 0.0180, Acc/train: 99.46%, lr: 0.000026
2026-01-30 14:23:17 [INFO] GPU Reserved: 14500.0MB, GPU Allocated: 108.3MB
2026-01-30 14:23:20 [INFO] [899/1000] val: Loss/val: 0.0224, Acc/val: 99.31%, F1/val: 91.58%, IoU/val: 84.46%, lr: 0.000026
2026-01-30 14:23:20 [INFO] [899/1000] 用时12.26秒。总用时:3.04小时。预计剩余时间:0.34小时
2026-01-30 14:23:30 [INFO] [900/1000] train: Loss/train: 0.0182, Acc/train: 99.46%, lr: 0.000025
2026-01-30 14:23:30 [INFO] GPU Reserved: 14500.0MB, GPU Allocated: 108.3MB
2026-01-30 14:23:32 [INFO] [900/1000] val: Loss/val: 0.0225, Acc/val: 99.30%, F1/val: 91.57%, IoU/val: 84.45%, lr: 0.000025
2026-01-30 14:23:32 [INFO] [900/1000] 用时12.15秒。总用时:3.04小时。预计剩余时间:0.34小时
2026-01-30 14:23:42 [INFO] [901/1000] train: Loss/train: 0.0183, Acc/train: 99.45%, lr: 0.000025
2026-01-30 14:23:42 [INFO] GPU Reserved: 14500.0MB, GPU Allocated: 108.3MB
2026-01-30 14:23:45 [INFO] [901/1000] val: Loss/val: 0.0224, Acc/val: 99.30%, F1/val: 91.54%, IoU/val: 84.40%, lr: 0.000025
2026-01-30 14:23:45 [INFO] [901/1000] 用时12.30秒。总用时:3.04小时。预计剩余时间:0.33小时
2026-01-30 14:23:54 [INFO] [902/1000] train: Loss/train: 0.0177, Acc/train: 99.47%, lr: 0.000024
2026-01-30 14:23:54 [INFO] GPU Reserved: 14500.0MB, GPU Allocated: 108.3MB
2026-01-30 14:23:57 [INFO] [902/1000] val: Loss/val: 0.0226, Acc/val: 99.30%, F1/val: 91.53%, IoU/val: 84.38%, lr: 0.000024
2026-01-30 14:23:57 [INFO] [902/1000] 用时12.14秒。总用时:3.05小时。预计剩余时间:0.33小时
2026-01-30 14:24:06 [INFO] [903/1000] train: Loss/train: 0.0179, Acc/train: 99.46%, lr: 0.000024
2026-01-30 14:24:06 [INFO] GPU Reserved: 14500.0MB, GPU Allocated: 108.3MB
2026-01-30 14:24:09 [INFO] [903/1000] val: Loss/val: 0.0226, Acc/val: 99.30%, F1/val: 91.48%, IoU/val: 84.31%, lr: 0.000024
2026-01-30 14:24:09 [INFO] [903/1000] 用时11.89秒。总用时:3.05小时。预计剩余时间:0.33小时
2026-01-30 14:24:18 [INFO] [904/1000] train: Loss/train: 0.0180, Acc/train: 99.47%, lr: 0.000023
2026-01-30 14:24:18 [INFO] GPU Reserved: 14500.0MB, GPU Allocated: 108.3MB
2026-01-30 14:24:21 [INFO] [904/1000] val: Loss/val: 0.0226, Acc/val: 99.30%, F1/val: 91.48%, IoU/val: 84.30%, lr: 0.000023
2026-01-30 14:24:21 [INFO] [904/1000] 用时12.34秒。总用时:3.05小时。预计剩余时间:0.32小时
2026-01-30 14:24:30 [INFO] [905/1000] train: Loss/train: 0.0179, Acc/train: 99.47%, lr: 0.000023
2026-01-30 14:24:30 [INFO] GPU Reserved: 14500.0MB, GPU Allocated: 108.3MB
2026-01-30 14:24:33 [INFO] [905/1000] val: Loss/val: 0.0222, Acc/val: 99.31%, F1/val: 91.55%, IoU/val: 84.43%, lr: 0.000023
2026-01-30 14:24:33 [INFO] [905/1000] 用时11.93秒。总用时:3.06小时。预计剩余时间:0.32小时
2026-01-30 14:24:42 [INFO] [906/1000] train: Loss/train: 0.0183, Acc/train: 99.45%, lr: 0.000022
2026-01-30 14:24:42 [INFO] GPU Reserved: 14500.0MB, GPU Allocated: 108.3MB
2026-01-30 14:24:45 [INFO] [906/1000] val: Loss/val: 0.0222, Acc/val: 99.31%, F1/val: 91.58%, IoU/val: 84.48%, lr: 0.000022
2026-01-30 14:24:45 [INFO] [906/1000] 用时11.94秒。总用时:3.06小时。预计剩余时间:0.32小时
2026-01-30 14:24:54 [INFO] [907/1000] train: Loss/train: 0.0182, Acc/train: 99.46%, lr: 0.000022
2026-01-30 14:24:54 [INFO] GPU Reserved: 14500.0MB, GPU Allocated: 108.3MB
2026-01-30 14:24:57 [INFO] [907/1000] val: Loss/val: 0.0223, Acc/val: 99.31%, F1/val: 91.61%, IoU/val: 84.52%, lr: 0.000022
2026-01-30 14:24:57 [INFO] [907/1000] 用时11.88秒。总用时:3.06小时。预计剩余时间:0.31小时
2026-01-30 14:25:06 [INFO] [908/1000] train: Loss/train: 0.0177, Acc/train: 99.47%, lr: 0.000021
2026-01-30 14:25:06 [INFO] GPU Reserved: 14500.0MB, GPU Allocated: 108.3MB
2026-01-30 14:25:09 [INFO] [908/1000] val: Loss/val: 0.0223, Acc/val: 99.31%, F1/val: 91.60%, IoU/val: 84.51%, lr: 0.000021
2026-01-30 14:25:09 [INFO] [908/1000] 用时12.37秒。总用时:3.07小时。预计剩余时间:0.31小时
2026-01-30 14:25:19 [INFO] [909/1000] train: Loss/train: 0.0176, Acc/train: 99.47%, lr: 0.000021
2026-01-30 14:25:19 [INFO] GPU Reserved: 14500.0MB, GPU Allocated: 108.3MB
2026-01-30 14:25:21 [INFO] [909/1000] val: Loss/val: 0.0221, Acc/val: 99.31%, F1/val: 91.63%, IoU/val: 84.56%, lr: 0.000021
2026-01-30 14:25:21 [INFO] [909/1000] 用时12.30秒。总用时:3.07小时。预计剩余时间:0.31小时
2026-01-30 14:25:31 [INFO] [910/1000] train: Loss/train: 0.0178, Acc/train: 99.47%, lr: 0.000020
2026-01-30 14:25:31 [INFO] GPU Reserved: 14500.0MB, GPU Allocated: 108.3MB
2026-01-30 14:25:34 [INFO] [910/1000] val: Loss/val: 0.0223, Acc/val: 99.30%, F1/val: 91.53%, IoU/val: 84.38%, lr: 0.000020
2026-01-30 14:25:34 [INFO] [910/1000] 用时12.11秒。总用时:3.07小时。预计剩余时间:0.30小时
2026-01-30 14:25:43 [INFO] [911/1000] train: Loss/train: 0.0178, Acc/train: 99.46%, lr: 0.000020
2026-01-30 14:25:43 [INFO] GPU Reserved: 14500.0MB, GPU Allocated: 108.3MB
2026-01-30 14:25:45 [INFO] [911/1000] val: Loss/val: 0.0225, Acc/val: 99.30%, F1/val: 91.55%, IoU/val: 84.41%, lr: 0.000020
2026-01-30 14:25:45 [INFO] [911/1000] 用时11.89秒。总用时:3.08小时。预计剩余时间:0.30小时
2026-01-30 14:25:55 [INFO] [912/1000] train: Loss/train: 0.0185, Acc/train: 99.45%, lr: 0.000020
2026-01-30 14:25:55 [INFO] GPU Reserved: 14500.0MB, GPU Allocated: 108.3MB
2026-01-30 14:25:58 [INFO] [912/1000] val: Loss/val: 0.0224, Acc/val: 99.31%, F1/val: 91.58%, IoU/val: 84.46%, lr: 0.000020
2026-01-30 14:25:58 [INFO] [912/1000] 用时12.26秒。总用时:3.08小时。预计剩余时间:0.30小时
2026-01-30 14:26:07 [INFO] [913/1000] train: Loss/train: 0.0174, Acc/train: 99.48%, lr: 0.000019
2026-01-30 14:26:07 [INFO] GPU Reserved: 14500.0MB, GPU Allocated: 108.3MB
2026-01-30 14:26:10 [INFO] [913/1000] val: Loss/val: 0.0223, Acc/val: 99.31%, F1/val: 91.59%, IoU/val: 84.49%, lr: 0.000019
2026-01-30 14:26:10 [INFO] [913/1000] 用时12.19秒。总用时:3.08小时。预计剩余时间:0.29小时
2026-01-30 14:26:19 [INFO] [914/1000] train: Loss/train: 0.0178, Acc/train: 99.47%, lr: 0.000019
2026-01-30 14:26:19 [INFO] GPU Reserved: 14500.0MB, GPU Allocated: 108.3MB
2026-01-30 14:26:22 [INFO] [914/1000] val: Loss/val: 0.0224, Acc/val: 99.31%, F1/val: 91.57%, IoU/val: 84.46%, lr: 0.000019
2026-01-30 14:26:22 [INFO] [914/1000] 用时12.18秒。总用时:3.09小时。预计剩余时间:0.29小时
2026-01-30 14:26:31 [INFO] [915/1000] train: Loss/train: 0.0180, Acc/train: 99.46%, lr: 0.000018
2026-01-30 14:26:31 [INFO] GPU Reserved: 14500.0MB, GPU Allocated: 108.3MB
2026-01-30 14:26:34 [INFO] [915/1000] val: Loss/val: 0.0222, Acc/val: 99.31%, F1/val: 91.61%, IoU/val: 84.52%, lr: 0.000018
2026-01-30 14:26:34 [INFO] [915/1000] 用时12.12秒。总用时:3.09小时。预计剩余时间:0.29小时
2026-01-30 14:26:44 [INFO] [916/1000] train: Loss/train: 0.0184, Acc/train: 99.46%, lr: 0.000018
2026-01-30 14:26:44 [INFO] GPU Reserved: 14500.0MB, GPU Allocated: 108.3MB
2026-01-30 14:26:46 [INFO] [916/1000] val: Loss/val: 0.0222, Acc/val: 99.31%, F1/val: 91.64%, IoU/val: 84.57%, lr: 0.000018
2026-01-30 14:26:46 [INFO] [916/1000] 用时12.22秒。总用时:3.09小时。预计剩余时间:0.28小时
2026-01-30 14:26:56 [INFO] [917/1000] train: Loss/train: 0.0183, Acc/train: 99.45%, lr: 0.000017
2026-01-30 14:26:56 [INFO] GPU Reserved: 14500.0MB, GPU Allocated: 108.3MB
2026-01-30 14:26:59 [INFO] [917/1000] val: Loss/val: 0.0223, Acc/val: 99.31%, F1/val: 91.58%, IoU/val: 84.46%, lr: 0.000017
2026-01-30 14:26:59 [INFO] [917/1000] 用时12.30秒。总用时:3.10小时。预计剩余时间:0.28小时
2026-01-30 14:27:08 [INFO] [918/1000] train: Loss/train: 0.0186, Acc/train: 99.44%, lr: 0.000017
2026-01-30 14:27:08 [INFO] GPU Reserved: 14500.0MB, GPU Allocated: 108.3MB
2026-01-30 14:27:11 [INFO] [918/1000] val: Loss/val: 0.0225, Acc/val: 99.31%, F1/val: 91.59%, IoU/val: 84.48%, lr: 0.000017
2026-01-30 14:27:11 [INFO] [918/1000] 用时12.26秒。总用时:3.10小时。预计剩余时间:0.28小时
2026-01-30 14:27:20 [INFO] [919/1000] train: Loss/train: 0.0174, Acc/train: 99.48%, lr: 0.000017
2026-01-30 14:27:20 [INFO] GPU Reserved: 14500.0MB, GPU Allocated: 108.3MB
2026-01-30 14:27:23 [INFO] [919/1000] val: Loss/val: 0.0224, Acc/val: 99.31%, F1/val: 91.58%, IoU/val: 84.46%, lr: 0.000017
2026-01-30 14:27:23 [INFO] [919/1000] 用时12.00秒。总用时:3.10小时。预计剩余时间:0.27小时
2026-01-30 14:27:32 [INFO] [920/1000] train: Loss/train: 0.0185, Acc/train: 99.45%, lr: 0.000016
2026-01-30 14:27:32 [INFO] GPU Reserved: 14500.0MB, GPU Allocated: 108.3MB
2026-01-30 14:27:35 [INFO] [920/1000] val: Loss/val: 0.0223, Acc/val: 99.31%, F1/val: 91.60%, IoU/val: 84.49%, lr: 0.000016
2026-01-30 14:27:35 [INFO] [920/1000] 用时11.78秒。总用时:3.11小时。预计剩余时间:0.27小时
2026-01-30 14:27:44 [INFO] [921/1000] train: Loss/train: 0.0177, Acc/train: 99.47%, lr: 0.000016
2026-01-30 14:27:44 [INFO] GPU Reserved: 14500.0MB, GPU Allocated: 108.3MB
2026-01-30 14:27:47 [INFO] [921/1000] val: Loss/val: 0.0224, Acc/val: 99.31%, F1/val: 91.57%, IoU/val: 84.45%, lr: 0.000016
2026-01-30 14:27:47 [INFO] [921/1000] 用时12.26秒。总用时:3.11小时。预计剩余时间:0.27小时
2026-01-30 14:27:57 [INFO] [922/1000] train: Loss/train: 0.0175, Acc/train: 99.48%, lr: 0.000015
2026-01-30 14:27:57 [INFO] GPU Reserved: 14500.0MB, GPU Allocated: 108.3MB
2026-01-30 14:27:59 [INFO] [922/1000] val: Loss/val: 0.0224, Acc/val: 99.31%, F1/val: 91.59%, IoU/val: 84.49%, lr: 0.000015
2026-01-30 14:27:59 [INFO] [922/1000] 用时12.32秒。总用时:3.11小时。预计剩余时间:0.26小时
2026-01-30 14:28:09 [INFO] [923/1000] train: Loss/train: 0.0186, Acc/train: 99.44%, lr: 0.000015
2026-01-30 14:28:09 [INFO] GPU Reserved: 14500.0MB, GPU Allocated: 108.3MB
2026-01-30 14:28:12 [INFO] [923/1000] val: Loss/val: 0.0223, Acc/val: 99.31%, F1/val: 91.57%, IoU/val: 84.45%, lr: 0.000015
2026-01-30 14:28:12 [INFO] [923/1000] 用时12.31秒。总用时:3.12小时。预计剩余时间:0.26小时
2026-01-30 14:28:21 [INFO] [924/1000] train: Loss/train: 0.0177, Acc/train: 99.48%, lr: 0.000015
2026-01-30 14:28:21 [INFO] GPU Reserved: 14500.0MB, GPU Allocated: 108.3MB
2026-01-30 14:28:24 [INFO] [924/1000] val: Loss/val: 0.0222, Acc/val: 99.31%, F1/val: 91.61%, IoU/val: 84.51%, lr: 0.000015
2026-01-30 14:28:24 [INFO] [924/1000] 用时12.42秒。总用时:3.12小时。预计剩余时间:0.26小时
2026-01-30 14:28:34 [INFO] [925/1000] train: Loss/train: 0.0182, Acc/train: 99.45%, lr: 0.000014
2026-01-30 14:28:34 [INFO] GPU Reserved: 14500.0MB, GPU Allocated: 108.3MB
2026-01-30 14:28:36 [INFO] [925/1000] val: Loss/val: 0.0222, Acc/val: 99.31%, F1/val: 91.61%, IoU/val: 84.52%, lr: 0.000014
2026-01-30 14:28:36 [INFO] [925/1000] 用时12.30秒。总用时:3.12小时。预计剩余时间:0.25小时
2026-01-30 14:28:46 [INFO] [926/1000] train: Loss/train: 0.0176, Acc/train: 99.47%, lr: 0.000014
2026-01-30 14:28:46 [INFO] GPU Reserved: 14500.0MB, GPU Allocated: 108.3MB
2026-01-30 14:28:49 [INFO] [926/1000] val: Loss/val: 0.0223, Acc/val: 99.31%, F1/val: 91.60%, IoU/val: 84.50%, lr: 0.000014
2026-01-30 14:28:49 [INFO] [926/1000] 用时12.35秒。总用时:3.13小时。预计剩余时间:0.25小时
2026-01-30 14:28:58 [INFO] [927/1000] train: Loss/train: 0.0181, Acc/train: 99.46%, lr: 0.000013
2026-01-30 14:28:58 [INFO] GPU Reserved: 14500.0MB, GPU Allocated: 108.3MB
2026-01-30 14:29:01 [INFO] [927/1000] val: Loss/val: 0.0221, Acc/val: 99.31%, F1/val: 91.61%, IoU/val: 84.51%, lr: 0.000013
2026-01-30 14:29:01 [INFO] [927/1000] 用时12.27秒。总用时:3.13小时。预计剩余时间:0.25小时
2026-01-30 14:29:10 [INFO] [928/1000] train: Loss/train: 0.0174, Acc/train: 99.48%, lr: 0.000013
2026-01-30 14:29:10 [INFO] GPU Reserved: 14500.0MB, GPU Allocated: 108.3MB
2026-01-30 14:29:13 [INFO] [928/1000] val: Loss/val: 0.0221, Acc/val: 99.31%, F1/val: 91.57%, IoU/val: 84.45%, lr: 0.000013
2026-01-30 14:29:13 [INFO] [928/1000] 用时12.22秒。总用时:3.14小时。预计剩余时间:0.24小时
2026-01-30 14:29:23 [INFO] [929/1000] train: Loss/train: 0.0178, Acc/train: 99.47%, lr: 0.000013
2026-01-30 14:29:23 [INFO] GPU Reserved: 14500.0MB, GPU Allocated: 108.3MB
2026-01-30 14:29:25 [INFO] [929/1000] val: Loss/val: 0.0224, Acc/val: 99.30%, F1/val: 91.50%, IoU/val: 84.33%, lr: 0.000013
2026-01-30 14:29:25 [INFO] [929/1000] 用时12.10秒。总用时:3.14小时。预计剩余时间:0.24小时
2026-01-30 14:29:34 [INFO] [930/1000] train: Loss/train: 0.0177, Acc/train: 99.47%, lr: 0.000012
2026-01-30 14:29:34 [INFO] GPU Reserved: 14500.0MB, GPU Allocated: 108.3MB
2026-01-30 14:29:37 [INFO] [930/1000] val: Loss/val: 0.0225, Acc/val: 99.31%, F1/val: 91.56%, IoU/val: 84.43%, lr: 0.000012
2026-01-30 14:29:37 [INFO] [930/1000] 用时11.93秒。总用时:3.14小时。预计剩余时间:0.24小时
2026-01-30 14:29:46 [INFO] [931/1000] train: Loss/train: 0.0177, Acc/train: 99.47%, lr: 0.000012
2026-01-30 14:29:46 [INFO] GPU Reserved: 14500.0MB, GPU Allocated: 108.3MB
2026-01-30 14:29:49 [INFO] [931/1000] val: Loss/val: 0.0223, Acc/val: 99.31%, F1/val: 91.57%, IoU/val: 84.46%, lr: 0.000012
2026-01-30 14:29:49 [INFO] [931/1000] 用时12.04秒。总用时:3.15小时。预计剩余时间:0.23小时
2026-01-30 14:29:59 [INFO] [932/1000] train: Loss/train: 0.0187, Acc/train: 99.44%, lr: 0.000012
2026-01-30 14:29:59 [INFO] GPU Reserved: 14500.0MB, GPU Allocated: 108.3MB
2026-01-30 14:30:02 [INFO] [932/1000] val: Loss/val: 0.0224, Acc/val: 99.30%, F1/val: 91.53%, IoU/val: 84.38%, lr: 0.000012
2026-01-30 14:30:02 [INFO] [932/1000] 用时12.19秒。总用时:3.15小时。预计剩余时间:0.23小时
2026-01-30 14:30:11 [INFO] [933/1000] train: Loss/train: 0.0180, Acc/train: 99.47%, lr: 0.000011
2026-01-30 14:30:11 [INFO] GPU Reserved: 14500.0MB, GPU Allocated: 108.3MB
2026-01-30 14:30:13 [INFO] [933/1000] val: Loss/val: 0.0223, Acc/val: 99.31%, F1/val: 91.58%, IoU/val: 84.47%, lr: 0.000011
2026-01-30 14:30:13 [INFO] [933/1000] 用时11.91秒。总用时:3.15小时。预计剩余时间:0.23小时
2026-01-30 14:30:23 [INFO] [934/1000] train: Loss/train: 0.0184, Acc/train: 99.45%, lr: 0.000011
2026-01-30 14:30:23 [INFO] GPU Reserved: 14500.0MB, GPU Allocated: 108.3MB
2026-01-30 14:30:26 [INFO] [934/1000] val: Loss/val: 0.0225, Acc/val: 99.31%, F1/val: 91.57%, IoU/val: 84.44%, lr: 0.000011
2026-01-30 14:30:26 [INFO] [934/1000] 用时12.35秒。总用时:3.16小时。预计剩余时间:0.22小时
2026-01-30 14:30:35 [INFO] [935/1000] train: Loss/train: 0.0173, Acc/train: 99.48%, lr: 0.000011
2026-01-30 14:30:35 [INFO] GPU Reserved: 14500.0MB, GPU Allocated: 108.3MB
2026-01-30 14:30:38 [INFO] [935/1000] val: Loss/val: 0.0224, Acc/val: 99.31%, F1/val: 91.58%, IoU/val: 84.46%, lr: 0.000011
2026-01-30 14:30:38 [INFO] [935/1000] 用时12.09秒。总用时:3.16小时。预计剩余时间:0.22小时
2026-01-30 14:30:47 [INFO] [936/1000] train: Loss/train: 0.0172, Acc/train: 99.49%, lr: 0.000010
2026-01-30 14:30:47 [INFO] GPU Reserved: 14500.0MB, GPU Allocated: 108.3MB
2026-01-30 14:30:50 [INFO] [936/1000] val: Loss/val: 0.0225, Acc/val: 99.31%, F1/val: 91.59%, IoU/val: 84.49%, lr: 0.000010
2026-01-30 14:30:50 [INFO] [936/1000] 用时12.31秒。总用时:3.16小时。预计剩余时间:0.22小时
2026-01-30 14:30:59 [INFO] [937/1000] train: Loss/train: 0.0179, Acc/train: 99.46%, lr: 0.000010
2026-01-30 14:30:59 [INFO] GPU Reserved: 14500.0MB, GPU Allocated: 108.3MB
2026-01-30 14:31:02 [INFO] [937/1000] val: Loss/val: 0.0226, Acc/val: 99.30%, F1/val: 91.49%, IoU/val: 84.32%, lr: 0.000010
2026-01-30 14:31:02 [INFO] [937/1000] 用时12.10秒。总用时:3.17小时。预计剩余时间:0.21小时
2026-01-30 14:31:12 [INFO] [938/1000] train: Loss/train: 0.0182, Acc/train: 99.46%, lr: 0.000010
2026-01-30 14:31:12 [INFO] GPU Reserved: 14500.0MB, GPU Allocated: 108.3MB
2026-01-30 14:31:15 [INFO] [938/1000] val: Loss/val: 0.0225, Acc/val: 99.30%, F1/val: 91.56%, IoU/val: 84.43%, lr: 0.000010
2026-01-30 14:31:15 [INFO] [938/1000] 用时12.26秒。总用时:3.17小时。预计剩余时间:0.21小时
2026-01-30 14:31:24 [INFO] [939/1000] train: Loss/train: 0.0178, Acc/train: 99.47%, lr: 0.000009
2026-01-30 14:31:24 [INFO] GPU Reserved: 14500.0MB, GPU Allocated: 108.3MB
2026-01-30 14:31:27 [INFO] [939/1000] val: Loss/val: 0.0221, Acc/val: 99.31%, F1/val: 91.63%, IoU/val: 84.55%, lr: 0.000009
2026-01-30 14:31:27 [INFO] [939/1000] 用时12.19秒。总用时:3.17小时。预计剩余时间:0.21小时
2026-01-30 14:31:36 [INFO] [940/1000] train: Loss/train: 0.0182, Acc/train: 99.45%, lr: 0.000009
2026-01-30 14:31:36 [INFO] GPU Reserved: 14500.0MB, GPU Allocated: 108.3MB
2026-01-30 14:31:39 [INFO] [940/1000] val: Loss/val: 0.0223, Acc/val: 99.31%, F1/val: 91.58%, IoU/val: 84.47%, lr: 0.000009
2026-01-30 14:31:39 [INFO] [940/1000] 用时12.30秒。总用时:3.18小时。预计剩余时间:0.20小时
2026-01-30 14:31:49 [INFO] [941/1000] train: Loss/train: 0.0174, Acc/train: 99.48%, lr: 0.000009
2026-01-30 14:31:49 [INFO] GPU Reserved: 14500.0MB, GPU Allocated: 108.3MB
2026-01-30 14:31:51 [INFO] [941/1000] val: Loss/val: 0.0223, Acc/val: 99.31%, F1/val: 91.58%, IoU/val: 84.48%, lr: 0.000009
2026-01-30 14:31:51 [INFO] [941/1000] 用时12.37秒。总用时:3.18小时。预计剩余时间:0.20小时
2026-01-30 14:32:01 [INFO] [942/1000] train: Loss/train: 0.0178, Acc/train: 99.47%, lr: 0.000009
2026-01-30 14:32:01 [INFO] GPU Reserved: 14500.0MB, GPU Allocated: 108.3MB
2026-01-30 14:32:04 [INFO] [942/1000] val: Loss/val: 0.0223, Acc/val: 99.31%, F1/val: 91.58%, IoU/val: 84.48%, lr: 0.000009
2026-01-30 14:32:04 [INFO] [942/1000] 用时12.32秒。总用时:3.18小时。预计剩余时间:0.20小时
2026-01-30 14:32:13 [INFO] [943/1000] train: Loss/train: 0.0178, Acc/train: 99.47%, lr: 0.000008
2026-01-30 14:32:13 [INFO] GPU Reserved: 14500.0MB, GPU Allocated: 108.3MB
2026-01-30 14:32:16 [INFO] [943/1000] val: Loss/val: 0.0222, Acc/val: 99.31%, F1/val: 91.58%, IoU/val: 84.46%, lr: 0.000008
2026-01-30 14:32:16 [INFO] [943/1000] 用时12.21秒。总用时:3.19小时。预计剩余时间:0.19小时
2026-01-30 14:32:25 [INFO] [944/1000] train: Loss/train: 0.0176, Acc/train: 99.48%, lr: 0.000008
2026-01-30 14:32:25 [INFO] GPU Reserved: 14500.0MB, GPU Allocated: 108.3MB
2026-01-30 14:32:28 [INFO] [944/1000] val: Loss/val: 0.0223, Acc/val: 99.31%, F1/val: 91.58%, IoU/val: 84.47%, lr: 0.000008
2026-01-30 14:32:28 [INFO] [944/1000] 用时12.24秒。总用时:3.19小时。预计剩余时间:0.19小时
2026-01-30 14:32:38 [INFO] [945/1000] train: Loss/train: 0.0168, Acc/train: 99.50%, lr: 0.000008
2026-01-30 14:32:38 [INFO] GPU Reserved: 14500.0MB, GPU Allocated: 108.3MB
2026-01-30 14:32:40 [INFO] [945/1000] val: Loss/val: 0.0222, Acc/val: 99.31%, F1/val: 91.60%, IoU/val: 84.49%, lr: 0.000008
2026-01-30 14:32:40 [INFO] [945/1000] 用时12.32秒。总用时:3.19小时。预计剩余时间:0.19小时
2026-01-30 14:32:50 [INFO] [946/1000] train: Loss/train: 0.0192, Acc/train: 99.43%, lr: 0.000007
2026-01-30 14:32:50 [INFO] GPU Reserved: 14500.0MB, GPU Allocated: 108.3MB
2026-01-30 14:32:53 [INFO] [946/1000] val: Loss/val: 0.0225, Acc/val: 99.30%, F1/val: 91.46%, IoU/val: 84.27%, lr: 0.000007
2026-01-30 14:32:53 [INFO] [946/1000] 用时12.29秒。总用时:3.20小时。预计剩余时间:0.18小时
2026-01-30 14:33:02 [INFO] [947/1000] train: Loss/train: 0.0178, Acc/train: 99.47%, lr: 0.000007
2026-01-30 14:33:02 [INFO] GPU Reserved: 14500.0MB, GPU Allocated: 108.3MB
2026-01-30 14:33:05 [INFO] [947/1000] val: Loss/val: 0.0222, Acc/val: 99.31%, F1/val: 91.59%, IoU/val: 84.49%, lr: 0.000007
2026-01-30 14:33:05 [INFO] [947/1000] 用时12.09秒。总用时:3.20小时。预计剩余时间:0.18小时
2026-01-30 14:33:14 [INFO] [948/1000] train: Loss/train: 0.0174, Acc/train: 99.48%, lr: 0.000007
2026-01-30 14:33:14 [INFO] GPU Reserved: 14500.0MB, GPU Allocated: 108.3MB
2026-01-30 14:33:17 [INFO] [948/1000] val: Loss/val: 0.0221, Acc/val: 99.31%, F1/val: 91.61%, IoU/val: 84.51%, lr: 0.000007
2026-01-30 14:33:17 [INFO] [948/1000] 用时12.42秒。总用时:3.20小时。预计剩余时间:0.18小时
2026-01-30 14:33:27 [INFO] [949/1000] train: Loss/train: 0.0182, Acc/train: 99.45%, lr: 0.000007
2026-01-30 14:33:27 [INFO] GPU Reserved: 14500.0MB, GPU Allocated: 108.3MB
2026-01-30 14:33:30 [INFO] [949/1000] val: Loss/val: 0.0223, Acc/val: 99.31%, F1/val: 91.57%, IoU/val: 84.45%, lr: 0.000007
2026-01-30 14:33:30 [INFO] [949/1000] 用时12.28秒。总用时:3.21小时。预计剩余时间:0.17小时
2026-01-30 14:33:39 [INFO] [950/1000] train: Loss/train: 0.0175, Acc/train: 99.48%, lr: 0.000006
2026-01-30 14:33:39 [INFO] GPU Reserved: 14500.0MB, GPU Allocated: 108.3MB
2026-01-30 14:33:42 [INFO] [950/1000] val: Loss/val: 0.0222, Acc/val: 99.31%, F1/val: 91.57%, IoU/val: 84.45%, lr: 0.000006
2026-01-30 14:33:42 [INFO] [950/1000] 用时12.20秒。总用时:3.21小时。预计剩余时间:0.17小时
2026-01-30 14:33:51 [INFO] [951/1000] train: Loss/train: 0.0184, Acc/train: 99.45%, lr: 0.000006
2026-01-30 14:33:51 [INFO] GPU Reserved: 14500.0MB, GPU Allocated: 108.3MB
2026-01-30 14:33:54 [INFO] [951/1000] val: Loss/val: 0.0221, Acc/val: 99.30%, F1/val: 91.57%, IoU/val: 84.44%, lr: 0.000006
2026-01-30 14:33:54 [INFO] [951/1000] 用时12.20秒。总用时:3.21小时。预计剩余时间:0.17小时
2026-01-30 14:34:03 [INFO] [952/1000] train: Loss/train: 0.0175, Acc/train: 99.47%, lr: 0.000006
2026-01-30 14:34:03 [INFO] GPU Reserved: 14500.0MB, GPU Allocated: 108.3MB
2026-01-30 14:34:06 [INFO] [952/1000] val: Loss/val: 0.0224, Acc/val: 99.30%, F1/val: 91.54%, IoU/val: 84.41%, lr: 0.000006
2026-01-30 14:34:06 [INFO] [952/1000] 用时12.32秒。总用时:3.22小时。预计剩余时间:0.16小时
2026-01-30 14:34:16 [INFO] [953/1000] train: Loss/train: 0.0193, Acc/train: 99.42%, lr: 0.000006
2026-01-30 14:34:16 [INFO] GPU Reserved: 14500.0MB, GPU Allocated: 108.3MB
2026-01-30 14:34:19 [INFO] [953/1000] val: Loss/val: 0.0225, Acc/val: 99.30%, F1/val: 91.52%, IoU/val: 84.36%, lr: 0.000006
2026-01-30 14:34:19 [INFO] [953/1000] 用时12.28秒。总用时:3.22小时。预计剩余时间:0.16小时
2026-01-30 14:34:28 [INFO] [954/1000] train: Loss/train: 0.0180, Acc/train: 99.47%, lr: 0.000005
2026-01-30 14:34:28 [INFO] GPU Reserved: 14500.0MB, GPU Allocated: 108.3MB
2026-01-30 14:34:31 [INFO] [954/1000] val: Loss/val: 0.0222, Acc/val: 99.31%, F1/val: 91.60%, IoU/val: 84.50%, lr: 0.000005
2026-01-30 14:34:31 [INFO] [954/1000] 用时12.15秒。总用时:3.22小时。预计剩余时间:0.16小时
2026-01-30 14:34:40 [INFO] [955/1000] train: Loss/train: 0.0181, Acc/train: 99.46%, lr: 0.000005
2026-01-30 14:34:40 [INFO] GPU Reserved: 14500.0MB, GPU Allocated: 108.3MB
2026-01-30 14:34:43 [INFO] [955/1000] val: Loss/val: 0.0225, Acc/val: 99.30%, F1/val: 91.50%, IoU/val: 84.33%, lr: 0.000005
2026-01-30 14:34:43 [INFO] [955/1000] 用时12.06秒。总用时:3.23小时。预计剩余时间:0.15小时
2026-01-30 14:34:52 [INFO] [956/1000] train: Loss/train: 0.0177, Acc/train: 99.47%, lr: 0.000005
2026-01-30 14:34:52 [INFO] GPU Reserved: 14500.0MB, GPU Allocated: 108.3MB
2026-01-30 14:34:55 [INFO] [956/1000] val: Loss/val: 0.0223, Acc/val: 99.31%, F1/val: 91.56%, IoU/val: 84.44%, lr: 0.000005
2026-01-30 14:34:55 [INFO] [956/1000] 用时12.23秒。总用时:3.23小时。预计剩余时间:0.15小时
2026-01-30 14:35:04 [INFO] [957/1000] train: Loss/train: 0.0191, Acc/train: 99.43%, lr: 0.000005
2026-01-30 14:35:04 [INFO] GPU Reserved: 14500.0MB, GPU Allocated: 108.3MB
2026-01-30 14:35:07 [INFO] [957/1000] val: Loss/val: 0.0223, Acc/val: 99.30%, F1/val: 91.54%, IoU/val: 84.40%, lr: 0.000005
2026-01-30 14:35:07 [INFO] [957/1000] 用时11.95秒。总用时:3.23小时。预计剩余时间:0.15小时
2026-01-30 14:35:16 [INFO] [958/1000] train: Loss/train: 0.0179, Acc/train: 99.47%, lr: 0.000004
2026-01-30 14:35:16 [INFO] GPU Reserved: 14500.0MB, GPU Allocated: 108.3MB
2026-01-30 14:35:19 [INFO] [958/1000] val: Loss/val: 0.0223, Acc/val: 99.30%, F1/val: 91.54%, IoU/val: 84.40%, lr: 0.000004
2026-01-30 14:35:19 [INFO] [958/1000] 用时12.20秒。总用时:3.24小时。预计剩余时间:0.14小时
2026-01-30 14:35:28 [INFO] [959/1000] train: Loss/train: 0.0181, Acc/train: 99.46%, lr: 0.000004
2026-01-30 14:35:28 [INFO] GPU Reserved: 14500.0MB, GPU Allocated: 108.3MB
2026-01-30 14:35:31 [INFO] [959/1000] val: Loss/val: 0.0223, Acc/val: 99.30%, F1/val: 91.55%, IoU/val: 84.41%, lr: 0.000004
2026-01-30 14:35:31 [INFO] [959/1000] 用时11.99秒。总用时:3.24小时。预计剩余时间:0.14小时
2026-01-30 14:35:40 [INFO] [960/1000] train: Loss/train: 0.0177, Acc/train: 99.47%, lr: 0.000004
2026-01-30 14:35:40 [INFO] GPU Reserved: 14500.0MB, GPU Allocated: 108.3MB
2026-01-30 14:35:43 [INFO] [960/1000] val: Loss/val: 0.0224, Acc/val: 99.30%, F1/val: 91.55%, IoU/val: 84.42%, lr: 0.000004
2026-01-30 14:35:43 [INFO] [960/1000] 用时11.91秒。总用时:3.24小时。预计剩余时间:0.14小时
2026-01-30 14:35:52 [INFO] [961/1000] train: Loss/train: 0.0180, Acc/train: 99.46%, lr: 0.000004
2026-01-30 14:35:52 [INFO] GPU Reserved: 14500.0MB, GPU Allocated: 108.3MB
2026-01-30 14:35:55 [INFO] [961/1000] val: Loss/val: 0.0224, Acc/val: 99.30%, F1/val: 91.52%, IoU/val: 84.37%, lr: 0.000004
2026-01-30 14:35:55 [INFO] [961/1000] 用时12.12秒。总用时:3.25小时。预计剩余时间:0.13小时
2026-01-30 14:36:04 [INFO] [962/1000] train: Loss/train: 0.0182, Acc/train: 99.45%, lr: 0.000004
2026-01-30 14:36:04 [INFO] GPU Reserved: 14500.0MB, GPU Allocated: 108.3MB
2026-01-30 14:36:07 [INFO] [962/1000] val: Loss/val: 0.0222, Acc/val: 99.31%, F1/val: 91.60%, IoU/val: 84.49%, lr: 0.000004
2026-01-30 14:36:07 [INFO] [962/1000] 用时12.08秒。总用时:3.25小时。预计剩余时间:0.13小时
2026-01-30 14:36:16 [INFO] [963/1000] train: Loss/train: 0.0183, Acc/train: 99.45%, lr: 0.000003
2026-01-30 14:36:16 [INFO] GPU Reserved: 14500.0MB, GPU Allocated: 108.3MB
2026-01-30 14:36:19 [INFO] [963/1000] val: Loss/val: 0.0223, Acc/val: 99.31%, F1/val: 91.58%, IoU/val: 84.47%, lr: 0.000003
2026-01-30 14:36:19 [INFO] [963/1000] 用时12.03秒。总用时:3.25小时。预计剩余时间:0.13小时
2026-01-30 14:36:28 [INFO] [964/1000] train: Loss/train: 0.0180, Acc/train: 99.46%, lr: 0.000003
2026-01-30 14:36:28 [INFO] GPU Reserved: 14500.0MB, GPU Allocated: 108.3MB
2026-01-30 14:36:31 [INFO] [964/1000] val: Loss/val: 0.0224, Acc/val: 99.30%, F1/val: 91.53%, IoU/val: 84.38%, lr: 0.000003
2026-01-30 14:36:31 [INFO] [964/1000] 用时11.85秒。总用时:3.26小时。预计剩余时间:0.12小时
2026-01-30 14:36:41 [INFO] [965/1000] train: Loss/train: 0.0177, Acc/train: 99.47%, lr: 0.000003
2026-01-30 14:36:41 [INFO] GPU Reserved: 14500.0MB, GPU Allocated: 108.3MB
2026-01-30 14:36:43 [INFO] [965/1000] val: Loss/val: 0.0225, Acc/val: 99.30%, F1/val: 91.55%, IoU/val: 84.42%, lr: 0.000003
2026-01-30 14:36:43 [INFO] [965/1000] 用时12.36秒。总用时:3.26小时。预计剩余时间:0.12小时
2026-01-30 14:36:53 [INFO] [966/1000] train: Loss/train: 0.0175, Acc/train: 99.48%, lr: 0.000003
2026-01-30 14:36:53 [INFO] GPU Reserved: 14500.0MB, GPU Allocated: 108.3MB
2026-01-30 14:36:56 [INFO] [966/1000] val: Loss/val: 0.0223, Acc/val: 99.30%, F1/val: 91.55%, IoU/val: 84.41%, lr: 0.000003
2026-01-30 14:36:56 [INFO] [966/1000] 用时12.24秒。总用时:3.26小时。预计剩余时间:0.11小时
2026-01-30 14:37:05 [INFO] [967/1000] train: Loss/train: 0.0175, Acc/train: 99.47%, lr: 0.000003
2026-01-30 14:37:05 [INFO] GPU Reserved: 14500.0MB, GPU Allocated: 108.3MB
2026-01-30 14:37:08 [INFO] [967/1000] val: Loss/val: 0.0224, Acc/val: 99.30%, F1/val: 91.55%, IoU/val: 84.41%, lr: 0.000003
2026-01-30 14:37:08 [INFO] [967/1000] 用时12.23秒。总用时:3.27小时。预计剩余时间:0.11小时
2026-01-30 14:37:17 [INFO] [968/1000] train: Loss/train: 0.0175, Acc/train: 99.47%, lr: 0.000003
2026-01-30 14:37:17 [INFO] GPU Reserved: 14500.0MB, GPU Allocated: 108.3MB
2026-01-30 14:37:20 [INFO] [968/1000] val: Loss/val: 0.0223, Acc/val: 99.31%, F1/val: 91.59%, IoU/val: 84.49%, lr: 0.000003
2026-01-30 14:37:20 [INFO] [968/1000] 用时12.19秒。总用时:3.27小时。预计剩余时间:0.11小时
2026-01-30 14:37:29 [INFO] [969/1000] train: Loss/train: 0.0174, Acc/train: 99.48%, lr: 0.000002
2026-01-30 14:37:29 [INFO] GPU Reserved: 14500.0MB, GPU Allocated: 108.3MB
2026-01-30 14:37:32 [INFO] [969/1000] val: Loss/val: 0.0224, Acc/val: 99.31%, F1/val: 91.59%, IoU/val: 84.49%, lr: 0.000002
2026-01-30 14:37:32 [INFO] [969/1000] 用时11.93秒。总用时:3.27小时。预计剩余时间:0.10小时
2026-01-30 14:37:41 [INFO] [970/1000] train: Loss/train: 0.0183, Acc/train: 99.45%, lr: 0.000002
2026-01-30 14:37:41 [INFO] GPU Reserved: 14500.0MB, GPU Allocated: 108.3MB
2026-01-30 14:37:44 [INFO] [970/1000] val: Loss/val: 0.0224, Acc/val: 99.30%, F1/val: 91.54%, IoU/val: 84.39%, lr: 0.000002
2026-01-30 14:37:44 [INFO] [970/1000] 用时12.22秒。总用时:3.28小时。预计剩余时间:0.10小时
2026-01-30 14:37:54 [INFO] [971/1000] train: Loss/train: 0.0179, Acc/train: 99.46%, lr: 0.000002
2026-01-30 14:37:54 [INFO] GPU Reserved: 14500.0MB, GPU Allocated: 108.3MB
2026-01-30 14:37:57 [INFO] [971/1000] val: Loss/val: 0.0223, Acc/val: 99.31%, F1/val: 91.57%, IoU/val: 84.46%, lr: 0.000002
2026-01-30 14:37:57 [INFO] [971/1000] 用时12.24秒。总用时:3.28小时。预计剩余时间:0.10小时
2026-01-30 14:38:06 [INFO] [972/1000] train: Loss/train: 0.0195, Acc/train: 99.42%, lr: 0.000002
2026-01-30 14:38:06 [INFO] GPU Reserved: 14500.0MB, GPU Allocated: 108.3MB
2026-01-30 14:38:09 [INFO] [972/1000] val: Loss/val: 0.0224, Acc/val: 99.31%, F1/val: 91.59%, IoU/val: 84.48%, lr: 0.000002
2026-01-30 14:38:09 [INFO] [972/1000] 用时11.98秒。总用时:3.28小时。预计剩余时间:0.09小时
2026-01-30 14:38:18 [INFO] [973/1000] train: Loss/train: 0.0176, Acc/train: 99.47%, lr: 0.000002
2026-01-30 14:38:18 [INFO] GPU Reserved: 14500.0MB, GPU Allocated: 108.3MB
2026-01-30 14:38:21 [INFO] [973/1000] val: Loss/val: 0.0224, Acc/val: 99.31%, F1/val: 91.57%, IoU/val: 84.45%, lr: 0.000002
2026-01-30 14:38:21 [INFO] [973/1000] 用时12.31秒。总用时:3.29小时。预计剩余时间:0.09小时
2026-01-30 14:38:30 [INFO] [974/1000] train: Loss/train: 0.0175, Acc/train: 99.48%, lr: 0.000002
2026-01-30 14:38:30 [INFO] GPU Reserved: 14500.0MB, GPU Allocated: 108.3MB
2026-01-30 14:38:33 [INFO] [974/1000] val: Loss/val: 0.0223, Acc/val: 99.31%, F1/val: 91.60%, IoU/val: 84.50%, lr: 0.000002
2026-01-30 14:38:33 [INFO] [974/1000] 用时12.17秒。总用时:3.29小时。预计剩余时间:0.09小时
2026-01-30 14:38:42 [INFO] [975/1000] train: Loss/train: 0.0181, Acc/train: 99.46%, lr: 0.000002
2026-01-30 14:38:42 [INFO] GPU Reserved: 14500.0MB, GPU Allocated: 108.3MB
2026-01-30 14:38:45 [INFO] [975/1000] val: Loss/val: 0.0224, Acc/val: 99.31%, F1/val: 91.58%, IoU/val: 84.47%, lr: 0.000002
2026-01-30 14:38:45 [INFO] [975/1000] 用时12.32秒。总用时:3.29小时。预计剩余时间:0.08小时
2026-01-30 14:38:55 [INFO] [976/1000] train: Loss/train: 0.0178, Acc/train: 99.47%, lr: 0.000001
2026-01-30 14:38:55 [INFO] GPU Reserved: 14500.0MB, GPU Allocated: 108.3MB
2026-01-30 14:38:58 [INFO] [976/1000] val: Loss/val: 0.0223, Acc/val: 99.31%, F1/val: 91.61%, IoU/val: 84.52%, lr: 0.000001
2026-01-30 14:38:58 [INFO] [976/1000] 用时12.36秒。总用时:3.30小时。预计剩余时间:0.08小时
2026-01-30 14:39:07 [INFO] [977/1000] train: Loss/train: 0.0174, Acc/train: 99.48%, lr: 0.000001
2026-01-30 14:39:07 [INFO] GPU Reserved: 14500.0MB, GPU Allocated: 108.3MB
2026-01-30 14:39:10 [INFO] [977/1000] val: Loss/val: 0.0223, Acc/val: 99.31%, F1/val: 91.57%, IoU/val: 84.46%, lr: 0.000001
2026-01-30 14:39:10 [INFO] [977/1000] 用时12.08秒。总用时:3.30小时。预计剩余时间:0.08小时
2026-01-30 14:39:19 [INFO] [978/1000] train: Loss/train: 0.0185, Acc/train: 99.45%, lr: 0.000001
2026-01-30 14:39:19 [INFO] GPU Reserved: 14500.0MB, GPU Allocated: 108.3MB
2026-01-30 14:39:22 [INFO] [978/1000] val: Loss/val: 0.0223, Acc/val: 99.31%, F1/val: 91.56%, IoU/val: 84.43%, lr: 0.000001
2026-01-30 14:39:22 [INFO] [978/1000] 用时11.96秒。总用时:3.30小时。预计剩余时间:0.07小时
2026-01-30 14:39:31 [INFO] [979/1000] train: Loss/train: 0.0172, Acc/train: 99.49%, lr: 0.000001
2026-01-30 14:39:31 [INFO] GPU Reserved: 14500.0MB, GPU Allocated: 108.3MB
2026-01-30 14:39:34 [INFO] [979/1000] val: Loss/val: 0.0223, Acc/val: 99.31%, F1/val: 91.59%, IoU/val: 84.48%, lr: 0.000001
2026-01-30 14:39:34 [INFO] [979/1000] 用时12.05秒。总用时:3.31小时。预计剩余时间:0.07小时
2026-01-30 14:39:43 [INFO] [980/1000] train: Loss/train: 0.0179, Acc/train: 99.46%, lr: 0.000001
2026-01-30 14:39:43 [INFO] GPU Reserved: 14500.0MB, GPU Allocated: 108.3MB
2026-01-30 14:39:46 [INFO] [980/1000] val: Loss/val: 0.0223, Acc/val: 99.31%, F1/val: 91.59%, IoU/val: 84.49%, lr: 0.000001
2026-01-30 14:39:46 [INFO] [980/1000] 用时12.14秒。总用时:3.31小时。预计剩余时间:0.07小时
2026-01-30 14:39:55 [INFO] [981/1000] train: Loss/train: 0.0176, Acc/train: 99.47%, lr: 0.000001
2026-01-30 14:39:55 [INFO] GPU Reserved: 14500.0MB, GPU Allocated: 108.3MB
2026-01-30 14:39:58 [INFO] [981/1000] val: Loss/val: 0.0222, Acc/val: 99.31%, F1/val: 91.59%, IoU/val: 84.49%, lr: 0.000001
2026-01-30 14:39:58 [INFO] [981/1000] 用时12.32秒。总用时:3.31小时。预计剩余时间:0.06小时
2026-01-30 14:40:07 [INFO] [982/1000] train: Loss/train: 0.0169, Acc/train: 99.49%, lr: 0.000001
2026-01-30 14:40:07 [INFO] GPU Reserved: 14500.0MB, GPU Allocated: 108.3MB
2026-01-30 14:40:10 [INFO] [982/1000] val: Loss/val: 0.0223, Acc/val: 99.30%, F1/val: 91.55%, IoU/val: 84.41%, lr: 0.000001
2026-01-30 14:40:10 [INFO] [982/1000] 用时12.03秒。总用时:3.32小时。预计剩余时间:0.06小时
2026-01-30 14:40:20 [INFO] [983/1000] train: Loss/train: 0.0174, Acc/train: 99.48%, lr: 0.000001
2026-01-30 14:40:20 [INFO] GPU Reserved: 14500.0MB, GPU Allocated: 108.3MB
2026-01-30 14:40:23 [INFO] [983/1000] val: Loss/val: 0.0224, Acc/val: 99.31%, F1/val: 91.60%, IoU/val: 84.51%, lr: 0.000001
2026-01-30 14:40:23 [INFO] [983/1000] 用时12.29秒。总用时:3.32小时。预计剩余时间:0.06小时
2026-01-30 14:40:32 [INFO] [984/1000] train: Loss/train: 0.0181, Acc/train: 99.46%, lr: 0.000001
2026-01-30 14:40:32 [INFO] GPU Reserved: 14500.0MB, GPU Allocated: 108.3MB
2026-01-30 14:40:35 [INFO] [984/1000] val: Loss/val: 0.0223, Acc/val: 99.30%, F1/val: 91.56%, IoU/val: 84.43%, lr: 0.000001
2026-01-30 14:40:35 [INFO] [984/1000] 用时11.97秒。总用时:3.32小时。预计剩余时间:0.05小时
2026-01-30 14:40:44 [INFO] [985/1000] train: Loss/train: 0.0167, Acc/train: 99.50%, lr: 0.000001
2026-01-30 14:40:44 [INFO] GPU Reserved: 14500.0MB, GPU Allocated: 108.3MB
2026-01-30 14:40:47 [INFO] [985/1000] val: Loss/val: 0.0221, Acc/val: 99.31%, F1/val: 91.61%, IoU/val: 84.52%, lr: 0.000001
2026-01-30 14:40:47 [INFO] [985/1000] 用时12.25秒。总用时:3.33小时。预计剩余时间:0.05小时
2026-01-30 14:40:56 [INFO] [986/1000] train: Loss/train: 0.0178, Acc/train: 99.47%, lr: 0.000000
2026-01-30 14:40:56 [INFO] GPU Reserved: 14500.0MB, GPU Allocated: 108.3MB
2026-01-30 14:40:59 [INFO] [986/1000] val: Loss/val: 0.0224, Acc/val: 99.31%, F1/val: 91.57%, IoU/val: 84.46%, lr: 0.000000
2026-01-30 14:40:59 [INFO] [986/1000] 用时12.34秒。总用时:3.33小时。预计剩余时间:0.05小时
2026-01-30 14:41:08 [INFO] [987/1000] train: Loss/train: 0.0180, Acc/train: 99.46%, lr: 0.000000
2026-01-30 14:41:08 [INFO] GPU Reserved: 14500.0MB, GPU Allocated: 108.3MB
2026-01-30 14:41:11 [INFO] [987/1000] val: Loss/val: 0.0223, Acc/val: 99.31%, F1/val: 91.60%, IoU/val: 84.50%, lr: 0.000000
2026-01-30 14:41:11 [INFO] [987/1000] 用时12.20秒。总用时:3.33小时。预计剩余时间:0.04小时
2026-01-30 14:41:21 [INFO] [988/1000] train: Loss/train: 0.0178, Acc/train: 99.47%, lr: 0.000000
2026-01-30 14:41:21 [INFO] GPU Reserved: 14500.0MB, GPU Allocated: 108.3MB
2026-01-30 14:41:23 [INFO] [988/1000] val: Loss/val: 0.0222, Acc/val: 99.31%, F1/val: 91.61%, IoU/val: 84.51%, lr: 0.000000
2026-01-30 14:41:23 [INFO] [988/1000] 用时12.16秒。总用时:3.34小时。预计剩余时间:0.04小时
2026-01-30 14:41:33 [INFO] [989/1000] train: Loss/train: 0.0187, Acc/train: 99.44%, lr: 0.000000
2026-01-30 14:41:33 [INFO] GPU Reserved: 14500.0MB, GPU Allocated: 108.3MB
2026-01-30 14:41:36 [INFO] [989/1000] val: Loss/val: 0.0224, Acc/val: 99.30%, F1/val: 91.56%, IoU/val: 84.43%, lr: 0.000000
2026-01-30 14:41:36 [INFO] [989/1000] 用时12.18秒。总用时:3.34小时。预计剩余时间:0.04小时
2026-01-30 14:41:45 [INFO] [990/1000] train: Loss/train: 0.0179, Acc/train: 99.47%, lr: 0.000000
2026-01-30 14:41:45 [INFO] GPU Reserved: 14500.0MB, GPU Allocated: 108.3MB
2026-01-30 14:41:48 [INFO] [990/1000] val: Loss/val: 0.0225, Acc/val: 99.30%, F1/val: 91.55%, IoU/val: 84.42%, lr: 0.000000
2026-01-30 14:41:48 [INFO] [990/1000] 用时12.30秒。总用时:3.34小时。预计剩余时间:0.03小时
2026-01-30 14:41:57 [INFO] [991/1000] train: Loss/train: 0.0164, Acc/train: 99.51%, lr: 0.000000
2026-01-30 14:41:57 [INFO] GPU Reserved: 14500.0MB, GPU Allocated: 108.3MB
2026-01-30 14:42:00 [INFO] [991/1000] val: Loss/val: 0.0224, Acc/val: 99.30%, F1/val: 91.52%, IoU/val: 84.36%, lr: 0.000000
2026-01-30 14:42:00 [INFO] [991/1000] 用时12.32秒。总用时:3.35小时。预计剩余时间:0.03小时
2026-01-30 14:42:10 [INFO] [992/1000] train: Loss/train: 0.0182, Acc/train: 99.46%, lr: 0.000000
2026-01-30 14:42:10 [INFO] GPU Reserved: 14500.0MB, GPU Allocated: 108.3MB
2026-01-30 14:42:13 [INFO] [992/1000] val: Loss/val: 0.0222, Acc/val: 99.31%, F1/val: 91.58%, IoU/val: 84.46%, lr: 0.000000
2026-01-30 14:42:13 [INFO] [992/1000] 用时12.36秒。总用时:3.35小时。预计剩余时间:0.03小时
2026-01-30 14:42:22 [INFO] [993/1000] train: Loss/train: 0.0172, Acc/train: 99.49%, lr: 0.000000
2026-01-30 14:42:22 [INFO] GPU Reserved: 14500.0MB, GPU Allocated: 108.3MB
2026-01-30 14:42:25 [INFO] [993/1000] val: Loss/val: 0.0222, Acc/val: 99.31%, F1/val: 91.61%, IoU/val: 84.52%, lr: 0.000000
2026-01-30 14:42:25 [INFO] [993/1000] 用时12.09秒。总用时:3.35小时。预计剩余时间:0.02小时
2026-01-30 14:42:34 [INFO] [994/1000] train: Loss/train: 0.0181, Acc/train: 99.46%, lr: 0.000000
2026-01-30 14:42:34 [INFO] GPU Reserved: 14500.0MB, GPU Allocated: 108.3MB
2026-01-30 14:42:37 [INFO] [994/1000] val: Loss/val: 0.0223, Acc/val: 99.31%, F1/val: 91.60%, IoU/val: 84.51%, lr: 0.000000
2026-01-30 14:42:37 [INFO] [994/1000] 用时12.19秒。总用时:3.36小时。预计剩余时间:0.02小时
2026-01-30 14:42:46 [INFO] [995/1000] train: Loss/train: 0.0178, Acc/train: 99.47%, lr: 0.000000
2026-01-30 14:42:46 [INFO] GPU Reserved: 14500.0MB, GPU Allocated: 108.3MB
2026-01-30 14:42:49 [INFO] [995/1000] val: Loss/val: 0.0225, Acc/val: 99.31%, F1/val: 91.58%, IoU/val: 84.46%, lr: 0.000000
2026-01-30 14:42:49 [INFO] [995/1000] 用时12.22秒。总用时:3.36小时。预计剩余时间:0.02小时
2026-01-30 14:42:59 [INFO] [996/1000] train: Loss/train: 0.0174, Acc/train: 99.48%, lr: 0.000000
2026-01-30 14:42:59 [INFO] GPU Reserved: 14500.0MB, GPU Allocated: 108.3MB
2026-01-30 14:43:01 [INFO] [996/1000] val: Loss/val: 0.0223, Acc/val: 99.31%, F1/val: 91.59%, IoU/val: 84.49%, lr: 0.000000
2026-01-30 14:43:01 [INFO] [996/1000] 用时12.29秒。总用时:3.37小时。预计剩余时间:0.01小时
2026-01-30 14:43:11 [INFO] [997/1000] train: Loss/train: 0.0170, Acc/train: 99.49%, lr: 0.000000
2026-01-30 14:43:11 [INFO] GPU Reserved: 14500.0MB, GPU Allocated: 108.3MB
2026-01-30 14:43:14 [INFO] [997/1000] val: Loss/val: 0.0222, Acc/val: 99.31%, F1/val: 91.58%, IoU/val: 84.47%, lr: 0.000000
2026-01-30 14:43:14 [INFO] [997/1000] 用时12.10秒。总用时:3.37小时。预计剩余时间:0.01小时
2026-01-30 14:43:23 [INFO] [998/1000] train: Loss/train: 0.0177, Acc/train: 99.47%, lr: 0.000000
2026-01-30 14:43:23 [INFO] GPU Reserved: 14500.0MB, GPU Allocated: 108.3MB
2026-01-30 14:43:25 [INFO] [998/1000] val: Loss/val: 0.0222, Acc/val: 99.31%, F1/val: 91.58%, IoU/val: 84.47%, lr: 0.000000
2026-01-30 14:43:25 [INFO] [998/1000] 用时11.89秒。总用时:3.37小时。预计剩余时间:0.01小时
2026-01-30 14:43:35 [INFO] [999/1000] train: Loss/train: 0.0184, Acc/train: 99.45%, lr: 0.000000
2026-01-30 14:43:35 [INFO] GPU Reserved: 14500.0MB, GPU Allocated: 108.3MB
2026-01-30 14:43:38 [INFO] [999/1000] val: Loss/val: 0.0223, Acc/val: 99.31%, F1/val: 91.59%, IoU/val: 84.49%, lr: 0.000000
2026-01-30 14:43:38 [INFO] [999/1000] 用时12.26秒。总用时:3.38小时。预计剩余时间:0.00小时
2026-01-30 14:43:47 [INFO] [1000/1000] train: Loss/train: 0.0178, Acc/train: 99.47%, lr: 0.000000
2026-01-30 14:43:47 [INFO] GPU Reserved: 14500.0MB, GPU Allocated: 108.3MB
2026-01-30 14:43:50 [INFO] [1000/1000] val: Loss/val: 0.0223, Acc/val: 99.30%, F1/val: 91.56%, IoU/val: 84.43%, lr: 0.000000
2026-01-30 14:43:50 [INFO] [1000/1000] 用时12.22秒。总用时:3.38小时。预计剩余时间:0.00小时
2026-01-30 14:43:50 [INFO] 总用时: 3.38小时
2026-01-30 14:43:50 [INFO] 加载检查点：/home/xulifa/change_detection_experiment/checkpoints/LEVIR/TALS_CD/BestModel_epoch656_F1_0.9190.pth
2026-01-30 14:43:54 [INFO] Best Result:Loss: 0.0258 Acc: 99.16% Pre: 92.42% Rec: 91.00% F1: 91.71% IoU: 84.68%
2026-01-30 14:43:54 [INFO] /home/xulifa/change_detection_experiment/checkpoints/LEVIR/TALS_CD/0.9171_FinalModel_epoch656_F1_0.9190.pth
